2024-08-22T14:55:02.052-07:00  INFO 8293 --- [person] [main] b.i.diplom.person.PersonApplication      : Starting PersonApplication using Java 17.0.11 with PID 8293 (/Users/mihail/Documents/free-party/party-web/project-manager/person/target/classes started by mihail in /Users/mihail/Documents/free-party/party-web/project-manager)
2024-08-22T14:55:02.064-07:00  INFO 8293 --- [person] [main] b.i.diplom.person.PersonApplication      : No active profile set, falling back to 1 default profile: "default"
2024-08-22T14:55:03.144-07:00  INFO 8293 --- [person] [main] .s.d.r.c.RepositoryConfigurationDelegate : Multiple Spring Data modules found, entering strict repository configuration mode
2024-08-22T14:55:03.145-07:00  INFO 8293 --- [person] [main] .s.d.r.c.RepositoryConfigurationDelegate : Bootstrapping Spring Data Redis repositories in DEFAULT mode.
2024-08-22T14:55:03.187-07:00  INFO 8293 --- [person] [main] .s.d.r.c.RepositoryConfigurationDelegate : Finished Spring Data repository scanning in 9 ms. Found 0 Redis repository interfaces.
2024-08-22T14:55:03.204-07:00  INFO 8293 --- [person] [main] .s.d.r.c.RepositoryConfigurationDelegate : Multiple Spring Data modules found, entering strict repository configuration mode
2024-08-22T14:55:03.205-07:00  INFO 8293 --- [person] [main] .s.d.r.c.RepositoryConfigurationDelegate : Bootstrapping Spring Data JPA repositories in DEFAULT mode.
2024-08-22T14:55:03.811-07:00  INFO 8293 --- [person] [main] .s.d.r.c.RepositoryConfigurationDelegate : Finished Spring Data repository scanning in 601 ms. Found 17 JPA repository interfaces.
2024-08-22T14:55:04.581-07:00  INFO 8293 --- [person] [main] .s.d.r.c.RepositoryConfigurationDelegate : Multiple Spring Data modules found, entering strict repository configuration mode
2024-08-22T14:55:04.582-07:00  INFO 8293 --- [person] [main] .s.d.r.c.RepositoryConfigurationDelegate : Bootstrapping Spring Data Redis repositories in DEFAULT mode.
2024-08-22T14:55:04.601-07:00  INFO 8293 --- [person] [main] .s.d.r.c.RepositoryConfigurationDelegate : Finished Spring Data repository scanning in 18 ms. Found 0 Redis repository interfaces.
2024-08-22T14:55:05.996-07:00  INFO 8293 --- [person] [main] o.s.b.w.embedded.tomcat.TomcatWebServer  : Tomcat initialized with port 8081 (http)
2024-08-22T14:55:06.042-07:00  INFO 8293 --- [person] [main] o.apache.catalina.core.StandardService   : Starting service [Tomcat]
2024-08-22T14:55:06.043-07:00  INFO 8293 --- [person] [main] o.apache.catalina.core.StandardEngine    : Starting Servlet engine: [Apache Tomcat/10.1.25]
2024-08-22T14:55:06.181-07:00  INFO 8293 --- [person] [main] o.a.c.c.C.[Tomcat].[localhost].[/]       : Initializing Spring embedded WebApplicationContext
2024-08-22T14:55:06.181-07:00  INFO 8293 --- [person] [main] w.s.c.ServletWebServerApplicationContext : Root WebApplicationContext: initialization completed in 4030 ms
2024-08-22T14:55:06.503-07:00  INFO 8293 --- [person] [main] o.hibernate.jpa.internal.util.LogHelper  : HHH000204: Processing PersistenceUnitInfo [name: default]
2024-08-22T14:55:06.626-07:00  INFO 8293 --- [person] [main] org.hibernate.Version                    : HHH000412: Hibernate ORM core version 6.5.2.Final
2024-08-22T14:55:06.695-07:00  INFO 8293 --- [person] [main] o.h.c.internal.RegionFactoryInitiator    : HHH000026: Second-level cache disabled
2024-08-22T14:55:07.226-07:00  INFO 8293 --- [person] [main] o.s.o.j.p.SpringPersistenceUnitInfo      : No LoadTimeWeaver setup: ignoring JPA class transformer
2024-08-22T14:55:07.286-07:00  INFO 8293 --- [person] [main] com.zaxxer.hikari.HikariDataSource       : HikariPool-1 - Starting...
2024-08-22T14:55:07.429-07:00  INFO 8293 --- [person] [main] com.zaxxer.hikari.pool.HikariPool        : HikariPool-1 - Added connection org.postgresql.jdbc.PgConnection@69f3e556
2024-08-22T14:55:07.431-07:00  INFO 8293 --- [person] [main] com.zaxxer.hikari.HikariDataSource       : HikariPool-1 - Start completed.
2024-08-22T14:55:09.752-07:00  INFO 8293 --- [person] [main] o.h.e.t.j.p.i.JtaPlatformInitiator       : HHH000489: No JTA platform available (set 'hibernate.transaction.jta.platform' to enable JTA platform integration)
2024-08-22T14:55:09.953-07:00  WARN 8293 --- [person] [main] o.h.engine.jdbc.spi.SqlExceptionHelper   : SQL Warning Code: 0, SQLState: 00000
2024-08-22T14:55:09.953-07:00  WARN 8293 --- [person] [main] o.h.engine.jdbc.spi.SqlExceptionHelper   : constraint "uk505271qr0dv92y14yse6mj454" of relation "party" does not exist, skipping
2024-08-22T14:55:10.304-07:00  INFO 8293 --- [person] [main] j.LocalContainerEntityManagerFactoryBean : Initialized JPA EntityManagerFactory for persistence unit 'default'
2024-08-22T14:55:10.884-07:00  INFO 8293 --- [person] [main] o.s.d.j.r.query.QueryEnhancerFactory     : Hibernate is in classpath; If applicable, HQL parser will be used.
2024-08-22T14:55:12.821-07:00  WARN 8293 --- [person] [main] JpaBaseConfiguration$JpaWebConfiguration : spring.jpa.open-in-view is enabled by default. Therefore, database queries may be performed during view rendering. Explicitly configure spring.jpa.open-in-view to disable this warning
2024-08-22T14:55:14.656-07:00  INFO 8293 --- [person] [main] o.a.k.clients.admin.AdminClientConfig    : AdminClientConfig values: 
	auto.include.jmx.reporter = true
	bootstrap.controllers = []
	bootstrap.servers = [localhost:9092]
	client.dns.lookup = use_all_dns_ips
	client.id = person-admin-0
	connections.max.idle.ms = 300000
	default.api.timeout.ms = 60000
	enable.metrics.push = true
	metadata.max.age.ms = 300000
	metric.reporters = []
	metrics.num.samples = 2
	metrics.recording.level = INFO
	metrics.sample.window.ms = 30000
	receive.buffer.bytes = 65536
	reconnect.backoff.max.ms = 1000
	reconnect.backoff.ms = 50
	request.timeout.ms = 30000
	retries = 2147483647
	retry.backoff.max.ms = 1000
	retry.backoff.ms = 100
	sasl.client.callback.handler.class = null
	sasl.jaas.config = null
	sasl.kerberos.kinit.cmd = /usr/bin/kinit
	sasl.kerberos.min.time.before.relogin = 60000
	sasl.kerberos.service.name = null
	sasl.kerberos.ticket.renew.jitter = 0.05
	sasl.kerberos.ticket.renew.window.factor = 0.8
	sasl.login.callback.handler.class = null
	sasl.login.class = null
	sasl.login.connect.timeout.ms = null
	sasl.login.read.timeout.ms = null
	sasl.login.refresh.buffer.seconds = 300
	sasl.login.refresh.min.period.seconds = 60
	sasl.login.refresh.window.factor = 0.8
	sasl.login.refresh.window.jitter = 0.05
	sasl.login.retry.backoff.max.ms = 10000
	sasl.login.retry.backoff.ms = 100
	sasl.mechanism = GSSAPI
	sasl.oauthbearer.clock.skew.seconds = 30
	sasl.oauthbearer.expected.audience = null
	sasl.oauthbearer.expected.issuer = null
	sasl.oauthbearer.jwks.endpoint.refresh.ms = 3600000
	sasl.oauthbearer.jwks.endpoint.retry.backoff.max.ms = 10000
	sasl.oauthbearer.jwks.endpoint.retry.backoff.ms = 100
	sasl.oauthbearer.jwks.endpoint.url = null
	sasl.oauthbearer.scope.claim.name = scope
	sasl.oauthbearer.sub.claim.name = sub
	sasl.oauthbearer.token.endpoint.url = null
	security.protocol = PLAINTEXT
	security.providers = null
	send.buffer.bytes = 131072
	socket.connection.setup.timeout.max.ms = 30000
	socket.connection.setup.timeout.ms = 10000
	ssl.cipher.suites = null
	ssl.enabled.protocols = [TLSv1.2, TLSv1.3]
	ssl.endpoint.identification.algorithm = https
	ssl.engine.factory.class = null
	ssl.key.password = null
	ssl.keymanager.algorithm = SunX509
	ssl.keystore.certificate.chain = null
	ssl.keystore.key = null
	ssl.keystore.location = null
	ssl.keystore.password = null
	ssl.keystore.type = JKS
	ssl.protocol = TLSv1.3
	ssl.provider = null
	ssl.secure.random.implementation = null
	ssl.trustmanager.algorithm = PKIX
	ssl.truststore.certificates = null
	ssl.truststore.location = null
	ssl.truststore.password = null
	ssl.truststore.type = JKS

2024-08-22T14:55:14.788-07:00  INFO 8293 --- [person] [main] o.a.kafka.common.utils.AppInfoParser     : Kafka version: 3.7.0
2024-08-22T14:55:14.788-07:00  INFO 8293 --- [person] [main] o.a.kafka.common.utils.AppInfoParser     : Kafka commitId: 2ae524ed625438c5
2024-08-22T14:55:14.788-07:00  INFO 8293 --- [person] [main] o.a.kafka.common.utils.AppInfoParser     : Kafka startTimeMs: 1724363714786
2024-08-22T14:55:15.592-07:00  INFO 8293 --- [person] [kafka-admin-client-thread | person-admin-0] o.a.kafka.common.utils.AppInfoParser     : App info kafka.admin.client for person-admin-0 unregistered
2024-08-22T14:55:15.601-07:00  INFO 8293 --- [person] [kafka-admin-client-thread | person-admin-0] o.apache.kafka.common.metrics.Metrics    : Metrics scheduler closed
2024-08-22T14:55:15.601-07:00  INFO 8293 --- [person] [kafka-admin-client-thread | person-admin-0] o.apache.kafka.common.metrics.Metrics    : Closing reporter org.apache.kafka.common.metrics.JmxReporter
2024-08-22T14:55:15.601-07:00  INFO 8293 --- [person] [kafka-admin-client-thread | person-admin-0] o.apache.kafka.common.metrics.Metrics    : Metrics reporters closed
2024-08-22T14:55:15.629-07:00  INFO 8293 --- [person] [main] o.s.b.w.embedded.tomcat.TomcatWebServer  : Tomcat started on port 8081 (http) with context path '/'
2024-08-22T14:55:15.645-07:00  INFO 8293 --- [person] [main] b.i.diplom.person.PersonApplication      : Started PersonApplication in 14.716 seconds (process running for 15.506)
2024-08-22T14:56:45.296-07:00  INFO 8293 --- [person] [SpringApplicationShutdownHook] j.LocalContainerEntityManagerFactoryBean : Closing JPA EntityManagerFactory for persistence unit 'default'
2024-08-22T14:56:45.325-07:00  INFO 8293 --- [person] [SpringApplicationShutdownHook] com.zaxxer.hikari.HikariDataSource       : HikariPool-1 - Shutdown initiated...
2024-08-22T14:56:45.334-07:00  INFO 8293 --- [person] [SpringApplicationShutdownHook] com.zaxxer.hikari.HikariDataSource       : HikariPool-1 - Shutdown completed.
2024-08-22T14:56:48.527-07:00  INFO 8367 --- [person] [main] b.i.diplom.person.PersonApplication      : Starting PersonApplication using Java 17.0.11 with PID 8367 (/Users/mihail/Documents/free-party/party-web/project-manager/person/target/classes started by mihail in /Users/mihail/Documents/free-party/party-web/project-manager)
2024-08-22T14:56:48.532-07:00  INFO 8367 --- [person] [main] b.i.diplom.person.PersonApplication      : No active profile set, falling back to 1 default profile: "default"
2024-08-22T14:56:49.802-07:00  INFO 8367 --- [person] [main] .s.d.r.c.RepositoryConfigurationDelegate : Multiple Spring Data modules found, entering strict repository configuration mode
2024-08-22T14:56:49.803-07:00  INFO 8367 --- [person] [main] .s.d.r.c.RepositoryConfigurationDelegate : Bootstrapping Spring Data Redis repositories in DEFAULT mode.
2024-08-22T14:56:49.836-07:00  INFO 8367 --- [person] [main] .s.d.r.c.RepositoryConfigurationDelegate : Finished Spring Data repository scanning in 6 ms. Found 0 Redis repository interfaces.
2024-08-22T14:56:49.848-07:00  INFO 8367 --- [person] [main] .s.d.r.c.RepositoryConfigurationDelegate : Multiple Spring Data modules found, entering strict repository configuration mode
2024-08-22T14:56:49.848-07:00  INFO 8367 --- [person] [main] .s.d.r.c.RepositoryConfigurationDelegate : Bootstrapping Spring Data JPA repositories in DEFAULT mode.
2024-08-22T14:56:50.133-07:00  INFO 8367 --- [person] [main] .s.d.r.c.RepositoryConfigurationDelegate : Finished Spring Data repository scanning in 279 ms. Found 17 JPA repository interfaces.
2024-08-22T14:56:50.473-07:00  INFO 8367 --- [person] [main] .s.d.r.c.RepositoryConfigurationDelegate : Multiple Spring Data modules found, entering strict repository configuration mode
2024-08-22T14:56:50.473-07:00  INFO 8367 --- [person] [main] .s.d.r.c.RepositoryConfigurationDelegate : Bootstrapping Spring Data Redis repositories in DEFAULT mode.
2024-08-22T14:56:50.487-07:00  INFO 8367 --- [person] [main] .s.d.r.c.RepositoryConfigurationDelegate : Finished Spring Data repository scanning in 13 ms. Found 0 Redis repository interfaces.
2024-08-22T14:56:51.508-07:00  INFO 8367 --- [person] [main] o.s.b.w.embedded.tomcat.TomcatWebServer  : Tomcat initialized with port 8081 (http)
2024-08-22T14:56:51.524-07:00  INFO 8367 --- [person] [main] o.apache.catalina.core.StandardService   : Starting service [Tomcat]
2024-08-22T14:56:51.525-07:00  INFO 8367 --- [person] [main] o.apache.catalina.core.StandardEngine    : Starting Servlet engine: [Apache Tomcat/10.1.25]
2024-08-22T14:56:51.613-07:00  INFO 8367 --- [person] [main] o.a.c.c.C.[Tomcat].[localhost].[/]       : Initializing Spring embedded WebApplicationContext
2024-08-22T14:56:51.613-07:00  INFO 8367 --- [person] [main] w.s.c.ServletWebServerApplicationContext : Root WebApplicationContext: initialization completed in 2998 ms
2024-08-22T14:56:51.890-07:00  INFO 8367 --- [person] [main] o.hibernate.jpa.internal.util.LogHelper  : HHH000204: Processing PersistenceUnitInfo [name: default]
2024-08-22T14:56:51.969-07:00  INFO 8367 --- [person] [main] org.hibernate.Version                    : HHH000412: Hibernate ORM core version 6.5.2.Final
2024-08-22T14:56:52.011-07:00  INFO 8367 --- [person] [main] o.h.c.internal.RegionFactoryInitiator    : HHH000026: Second-level cache disabled
2024-08-22T14:56:52.459-07:00  INFO 8367 --- [person] [main] o.s.o.j.p.SpringPersistenceUnitInfo      : No LoadTimeWeaver setup: ignoring JPA class transformer
2024-08-22T14:56:52.490-07:00  INFO 8367 --- [person] [main] com.zaxxer.hikari.HikariDataSource       : HikariPool-1 - Starting...
2024-08-22T14:56:52.607-07:00  INFO 8367 --- [person] [main] com.zaxxer.hikari.pool.HikariPool        : HikariPool-1 - Added connection org.postgresql.jdbc.PgConnection@57b33c29
2024-08-22T14:56:52.609-07:00  INFO 8367 --- [person] [main] com.zaxxer.hikari.HikariDataSource       : HikariPool-1 - Start completed.
2024-08-22T14:56:54.445-07:00  INFO 8367 --- [person] [main] o.h.e.t.j.p.i.JtaPlatformInitiator       : HHH000489: No JTA platform available (set 'hibernate.transaction.jta.platform' to enable JTA platform integration)
2024-08-22T14:56:54.775-07:00  INFO 8367 --- [person] [main] j.LocalContainerEntityManagerFactoryBean : Initialized JPA EntityManagerFactory for persistence unit 'default'
2024-08-22T14:56:55.320-07:00  INFO 8367 --- [person] [main] o.s.d.j.r.query.QueryEnhancerFactory     : Hibernate is in classpath; If applicable, HQL parser will be used.
2024-08-22T14:56:57.035-07:00  WARN 8367 --- [person] [main] JpaBaseConfiguration$JpaWebConfiguration : spring.jpa.open-in-view is enabled by default. Therefore, database queries may be performed during view rendering. Explicitly configure spring.jpa.open-in-view to disable this warning
2024-08-22T14:56:58.742-07:00  INFO 8367 --- [person] [main] o.a.k.clients.admin.AdminClientConfig    : AdminClientConfig values: 
	auto.include.jmx.reporter = true
	bootstrap.controllers = []
	bootstrap.servers = [localhost:9092]
	client.dns.lookup = use_all_dns_ips
	client.id = person-admin-0
	connections.max.idle.ms = 300000
	default.api.timeout.ms = 60000
	enable.metrics.push = true
	metadata.max.age.ms = 300000
	metric.reporters = []
	metrics.num.samples = 2
	metrics.recording.level = INFO
	metrics.sample.window.ms = 30000
	receive.buffer.bytes = 65536
	reconnect.backoff.max.ms = 1000
	reconnect.backoff.ms = 50
	request.timeout.ms = 30000
	retries = 2147483647
	retry.backoff.max.ms = 1000
	retry.backoff.ms = 100
	sasl.client.callback.handler.class = null
	sasl.jaas.config = null
	sasl.kerberos.kinit.cmd = /usr/bin/kinit
	sasl.kerberos.min.time.before.relogin = 60000
	sasl.kerberos.service.name = null
	sasl.kerberos.ticket.renew.jitter = 0.05
	sasl.kerberos.ticket.renew.window.factor = 0.8
	sasl.login.callback.handler.class = null
	sasl.login.class = null
	sasl.login.connect.timeout.ms = null
	sasl.login.read.timeout.ms = null
	sasl.login.refresh.buffer.seconds = 300
	sasl.login.refresh.min.period.seconds = 60
	sasl.login.refresh.window.factor = 0.8
	sasl.login.refresh.window.jitter = 0.05
	sasl.login.retry.backoff.max.ms = 10000
	sasl.login.retry.backoff.ms = 100
	sasl.mechanism = GSSAPI
	sasl.oauthbearer.clock.skew.seconds = 30
	sasl.oauthbearer.expected.audience = null
	sasl.oauthbearer.expected.issuer = null
	sasl.oauthbearer.jwks.endpoint.refresh.ms = 3600000
	sasl.oauthbearer.jwks.endpoint.retry.backoff.max.ms = 10000
	sasl.oauthbearer.jwks.endpoint.retry.backoff.ms = 100
	sasl.oauthbearer.jwks.endpoint.url = null
	sasl.oauthbearer.scope.claim.name = scope
	sasl.oauthbearer.sub.claim.name = sub
	sasl.oauthbearer.token.endpoint.url = null
	security.protocol = PLAINTEXT
	security.providers = null
	send.buffer.bytes = 131072
	socket.connection.setup.timeout.max.ms = 30000
	socket.connection.setup.timeout.ms = 10000
	ssl.cipher.suites = null
	ssl.enabled.protocols = [TLSv1.2, TLSv1.3]
	ssl.endpoint.identification.algorithm = https
	ssl.engine.factory.class = null
	ssl.key.password = null
	ssl.keymanager.algorithm = SunX509
	ssl.keystore.certificate.chain = null
	ssl.keystore.key = null
	ssl.keystore.location = null
	ssl.keystore.password = null
	ssl.keystore.type = JKS
	ssl.protocol = TLSv1.3
	ssl.provider = null
	ssl.secure.random.implementation = null
	ssl.trustmanager.algorithm = PKIX
	ssl.truststore.certificates = null
	ssl.truststore.location = null
	ssl.truststore.password = null
	ssl.truststore.type = JKS

2024-08-22T14:56:58.849-07:00  INFO 8367 --- [person] [main] o.a.kafka.common.utils.AppInfoParser     : Kafka version: 3.7.0
2024-08-22T14:56:58.850-07:00  INFO 8367 --- [person] [main] o.a.kafka.common.utils.AppInfoParser     : Kafka commitId: 2ae524ed625438c5
2024-08-22T14:56:58.850-07:00  INFO 8367 --- [person] [main] o.a.kafka.common.utils.AppInfoParser     : Kafka startTimeMs: 1724363818848
2024-08-22T14:56:58.872-07:00  INFO 8367 --- [person] [kafka-admin-client-thread | person-admin-0] org.apache.kafka.clients.NetworkClient   : [AdminClient clientId=person-admin-0] Node -1 disconnected.
2024-08-22T14:56:58.874-07:00  WARN 8367 --- [person] [kafka-admin-client-thread | person-admin-0] org.apache.kafka.clients.NetworkClient   : [AdminClient clientId=person-admin-0] Connection to node -1 (localhost/127.0.0.1:9092) could not be established. Node may not be available.
2024-08-22T14:56:58.982-07:00  INFO 8367 --- [person] [kafka-admin-client-thread | person-admin-0] org.apache.kafka.clients.NetworkClient   : [AdminClient clientId=person-admin-0] Node -1 disconnected.
2024-08-22T14:56:58.983-07:00  WARN 8367 --- [person] [kafka-admin-client-thread | person-admin-0] org.apache.kafka.clients.NetworkClient   : [AdminClient clientId=person-admin-0] Connection to node -1 (localhost/127.0.0.1:9092) could not be established. Node may not be available.
2024-08-22T14:56:59.085-07:00  INFO 8367 --- [person] [kafka-admin-client-thread | person-admin-0] org.apache.kafka.clients.NetworkClient   : [AdminClient clientId=person-admin-0] Node -1 disconnected.
2024-08-22T14:56:59.085-07:00  WARN 8367 --- [person] [kafka-admin-client-thread | person-admin-0] org.apache.kafka.clients.NetworkClient   : [AdminClient clientId=person-admin-0] Connection to node -1 (localhost/127.0.0.1:9092) could not be established. Node may not be available.
2024-08-22T14:56:59.389-07:00  INFO 8367 --- [person] [kafka-admin-client-thread | person-admin-0] org.apache.kafka.clients.NetworkClient   : [AdminClient clientId=person-admin-0] Node -1 disconnected.
2024-08-22T14:56:59.389-07:00  WARN 8367 --- [person] [kafka-admin-client-thread | person-admin-0] org.apache.kafka.clients.NetworkClient   : [AdminClient clientId=person-admin-0] Connection to node -1 (localhost/127.0.0.1:9092) could not be established. Node may not be available.
2024-08-22T14:56:59.895-07:00  INFO 8367 --- [person] [kafka-admin-client-thread | person-admin-0] org.apache.kafka.clients.NetworkClient   : [AdminClient clientId=person-admin-0] Node -1 disconnected.
2024-08-22T14:56:59.896-07:00  WARN 8367 --- [person] [kafka-admin-client-thread | person-admin-0] org.apache.kafka.clients.NetworkClient   : [AdminClient clientId=person-admin-0] Connection to node -1 (localhost/127.0.0.1:9092) could not be established. Node may not be available.
2024-08-22T14:57:00.908-07:00  INFO 8367 --- [person] [kafka-admin-client-thread | person-admin-0] org.apache.kafka.clients.NetworkClient   : [AdminClient clientId=person-admin-0] Node -1 disconnected.
2024-08-22T14:57:00.909-07:00  WARN 8367 --- [person] [kafka-admin-client-thread | person-admin-0] org.apache.kafka.clients.NetworkClient   : [AdminClient clientId=person-admin-0] Connection to node -1 (localhost/127.0.0.1:9092) could not be established. Node may not be available.
2024-08-22T14:57:01.920-07:00  INFO 8367 --- [person] [kafka-admin-client-thread | person-admin-0] org.apache.kafka.clients.NetworkClient   : [AdminClient clientId=person-admin-0] Node -1 disconnected.
2024-08-22T14:57:01.920-07:00  WARN 8367 --- [person] [kafka-admin-client-thread | person-admin-0] org.apache.kafka.clients.NetworkClient   : [AdminClient clientId=person-admin-0] Connection to node -1 (localhost/127.0.0.1:9092) could not be established. Node may not be available.
2024-08-22T14:57:02.933-07:00  INFO 8367 --- [person] [kafka-admin-client-thread | person-admin-0] org.apache.kafka.clients.NetworkClient   : [AdminClient clientId=person-admin-0] Node -1 disconnected.
2024-08-22T14:57:02.933-07:00  WARN 8367 --- [person] [kafka-admin-client-thread | person-admin-0] org.apache.kafka.clients.NetworkClient   : [AdminClient clientId=person-admin-0] Connection to node -1 (localhost/127.0.0.1:9092) could not be established. Node may not be available.
2024-08-22T14:57:03.944-07:00  INFO 8367 --- [person] [kafka-admin-client-thread | person-admin-0] org.apache.kafka.clients.NetworkClient   : [AdminClient clientId=person-admin-0] Node -1 disconnected.
2024-08-22T14:57:03.944-07:00  WARN 8367 --- [person] [kafka-admin-client-thread | person-admin-0] org.apache.kafka.clients.NetworkClient   : [AdminClient clientId=person-admin-0] Connection to node -1 (localhost/127.0.0.1:9092) could not be established. Node may not be available.
2024-08-22T14:57:04.955-07:00  INFO 8367 --- [person] [kafka-admin-client-thread | person-admin-0] org.apache.kafka.clients.NetworkClient   : [AdminClient clientId=person-admin-0] Node -1 disconnected.
2024-08-22T14:57:04.956-07:00  WARN 8367 --- [person] [kafka-admin-client-thread | person-admin-0] org.apache.kafka.clients.NetworkClient   : [AdminClient clientId=person-admin-0] Connection to node -1 (localhost/127.0.0.1:9092) could not be established. Node may not be available.
2024-08-22T14:57:05.866-07:00  INFO 8367 --- [person] [kafka-admin-client-thread | person-admin-0] org.apache.kafka.clients.NetworkClient   : [AdminClient clientId=person-admin-0] Node -1 disconnected.
2024-08-22T14:57:05.867-07:00  WARN 8367 --- [person] [kafka-admin-client-thread | person-admin-0] org.apache.kafka.clients.NetworkClient   : [AdminClient clientId=person-admin-0] Connection to node -1 (localhost/127.0.0.1:9092) could not be established. Node may not be available.
2024-08-22T14:57:06.776-07:00  INFO 8367 --- [person] [kafka-admin-client-thread | person-admin-0] org.apache.kafka.clients.NetworkClient   : [AdminClient clientId=person-admin-0] Node -1 disconnected.
2024-08-22T14:57:06.777-07:00  WARN 8367 --- [person] [kafka-admin-client-thread | person-admin-0] org.apache.kafka.clients.NetworkClient   : [AdminClient clientId=person-admin-0] Connection to node -1 (localhost/127.0.0.1:9092) could not be established. Node may not be available.
2024-08-22T14:57:07.689-07:00  INFO 8367 --- [person] [kafka-admin-client-thread | person-admin-0] org.apache.kafka.clients.NetworkClient   : [AdminClient clientId=person-admin-0] Node -1 disconnected.
2024-08-22T14:57:07.690-07:00  WARN 8367 --- [person] [kafka-admin-client-thread | person-admin-0] org.apache.kafka.clients.NetworkClient   : [AdminClient clientId=person-admin-0] Connection to node -1 (localhost/127.0.0.1:9092) could not be established. Node may not be available.
2024-08-22T14:57:08.598-07:00  INFO 8367 --- [person] [kafka-admin-client-thread | person-admin-0] org.apache.kafka.clients.NetworkClient   : [AdminClient clientId=person-admin-0] Node -1 disconnected.
2024-08-22T14:57:08.598-07:00  WARN 8367 --- [person] [kafka-admin-client-thread | person-admin-0] org.apache.kafka.clients.NetworkClient   : [AdminClient clientId=person-admin-0] Connection to node -1 (localhost/127.0.0.1:9092) could not be established. Node may not be available.
2024-08-22T14:57:09.608-07:00  INFO 8367 --- [person] [kafka-admin-client-thread | person-admin-0] org.apache.kafka.clients.NetworkClient   : [AdminClient clientId=person-admin-0] Node -1 disconnected.
2024-08-22T14:57:09.609-07:00  WARN 8367 --- [person] [kafka-admin-client-thread | person-admin-0] org.apache.kafka.clients.NetworkClient   : [AdminClient clientId=person-admin-0] Connection to node -1 (localhost/127.0.0.1:9092) could not be established. Node may not be available.
2024-08-22T14:57:10.620-07:00  INFO 8367 --- [person] [kafka-admin-client-thread | person-admin-0] org.apache.kafka.clients.NetworkClient   : [AdminClient clientId=person-admin-0] Node -1 disconnected.
2024-08-22T14:57:10.621-07:00  WARN 8367 --- [person] [kafka-admin-client-thread | person-admin-0] org.apache.kafka.clients.NetworkClient   : [AdminClient clientId=person-admin-0] Connection to node -1 (localhost/127.0.0.1:9092) could not be established. Node may not be available.
2024-08-22T14:57:11.633-07:00  INFO 8367 --- [person] [kafka-admin-client-thread | person-admin-0] org.apache.kafka.clients.NetworkClient   : [AdminClient clientId=person-admin-0] Node -1 disconnected.
2024-08-22T14:57:11.634-07:00  WARN 8367 --- [person] [kafka-admin-client-thread | person-admin-0] org.apache.kafka.clients.NetworkClient   : [AdminClient clientId=person-admin-0] Connection to node -1 (localhost/127.0.0.1:9092) could not be established. Node may not be available.
2024-08-22T14:57:12.646-07:00  INFO 8367 --- [person] [kafka-admin-client-thread | person-admin-0] org.apache.kafka.clients.NetworkClient   : [AdminClient clientId=person-admin-0] Node -1 disconnected.
2024-08-22T14:57:12.647-07:00  WARN 8367 --- [person] [kafka-admin-client-thread | person-admin-0] org.apache.kafka.clients.NetworkClient   : [AdminClient clientId=person-admin-0] Connection to node -1 (localhost/127.0.0.1:9092) could not be established. Node may not be available.
2024-08-22T14:57:13.558-07:00  INFO 8367 --- [person] [kafka-admin-client-thread | person-admin-0] org.apache.kafka.clients.NetworkClient   : [AdminClient clientId=person-admin-0] Node -1 disconnected.
2024-08-22T14:57:13.558-07:00  WARN 8367 --- [person] [kafka-admin-client-thread | person-admin-0] org.apache.kafka.clients.NetworkClient   : [AdminClient clientId=person-admin-0] Connection to node -1 (localhost/127.0.0.1:9092) could not be established. Node may not be available.
2024-08-22T14:57:14.567-07:00  INFO 8367 --- [person] [kafka-admin-client-thread | person-admin-0] org.apache.kafka.clients.NetworkClient   : [AdminClient clientId=person-admin-0] Node -1 disconnected.
2024-08-22T14:57:14.567-07:00  WARN 8367 --- [person] [kafka-admin-client-thread | person-admin-0] org.apache.kafka.clients.NetworkClient   : [AdminClient clientId=person-admin-0] Connection to node -1 (localhost/127.0.0.1:9092) could not be established. Node may not be available.
2024-08-22T14:57:15.579-07:00  INFO 8367 --- [person] [kafka-admin-client-thread | person-admin-0] org.apache.kafka.clients.NetworkClient   : [AdminClient clientId=person-admin-0] Node -1 disconnected.
2024-08-22T14:57:15.580-07:00  WARN 8367 --- [person] [kafka-admin-client-thread | person-admin-0] org.apache.kafka.clients.NetworkClient   : [AdminClient clientId=person-admin-0] Connection to node -1 (localhost/127.0.0.1:9092) could not be established. Node may not be available.
2024-08-22T14:57:16.488-07:00  INFO 8367 --- [person] [kafka-admin-client-thread | person-admin-0] org.apache.kafka.clients.NetworkClient   : [AdminClient clientId=person-admin-0] Node -1 disconnected.
2024-08-22T14:57:16.489-07:00  WARN 8367 --- [person] [kafka-admin-client-thread | person-admin-0] org.apache.kafka.clients.NetworkClient   : [AdminClient clientId=person-admin-0] Connection to node -1 (localhost/127.0.0.1:9092) could not be established. Node may not be available.
2024-08-22T14:57:17.297-07:00  INFO 8367 --- [person] [kafka-admin-client-thread | person-admin-0] org.apache.kafka.clients.NetworkClient   : [AdminClient clientId=person-admin-0] Node -1 disconnected.
2024-08-22T14:57:17.298-07:00  WARN 8367 --- [person] [kafka-admin-client-thread | person-admin-0] org.apache.kafka.clients.NetworkClient   : [AdminClient clientId=person-admin-0] Connection to node -1 (localhost/127.0.0.1:9092) could not be established. Node may not be available.
2024-08-22T14:57:18.308-07:00  INFO 8367 --- [person] [kafka-admin-client-thread | person-admin-0] org.apache.kafka.clients.NetworkClient   : [AdminClient clientId=person-admin-0] Node -1 disconnected.
2024-08-22T14:57:18.308-07:00  WARN 8367 --- [person] [kafka-admin-client-thread | person-admin-0] org.apache.kafka.clients.NetworkClient   : [AdminClient clientId=person-admin-0] Connection to node -1 (localhost/127.0.0.1:9092) could not be established. Node may not be available.
2024-08-22T14:57:19.325-07:00  INFO 8367 --- [person] [kafka-admin-client-thread | person-admin-0] org.apache.kafka.clients.NetworkClient   : [AdminClient clientId=person-admin-0] Node -1 disconnected.
2024-08-22T14:57:19.325-07:00  WARN 8367 --- [person] [kafka-admin-client-thread | person-admin-0] org.apache.kafka.clients.NetworkClient   : [AdminClient clientId=person-admin-0] Connection to node -1 (localhost/127.0.0.1:9092) could not be established. Node may not be available.
2024-08-22T14:57:21.060-07:00  INFO 8367 --- [person] [kafka-admin-client-thread | person-admin-0] org.apache.kafka.clients.NetworkClient   : [AdminClient clientId=person-admin-0] Node -1 disconnected.
2024-08-22T14:57:21.063-07:00  INFO 8367 --- [person] [kafka-admin-client-thread | person-admin-0] org.apache.kafka.clients.NetworkClient   : [AdminClient clientId=person-admin-0] Cancelled in-flight API_VERSIONS request with correlation id 0 due to node -1 being disconnected (elapsed time since creation: 709ms, elapsed time since send: 709ms, request timeout: 3600000ms)
2024-08-22T14:57:21.914-07:00  INFO 8367 --- [person] [kafka-admin-client-thread | person-admin-0] org.apache.kafka.clients.NetworkClient   : [AdminClient clientId=person-admin-0] Node -1 disconnected.
2024-08-22T14:57:21.915-07:00  INFO 8367 --- [person] [kafka-admin-client-thread | person-admin-0] org.apache.kafka.clients.NetworkClient   : [AdminClient clientId=person-admin-0] Cancelled in-flight API_VERSIONS request with correlation id 1 due to node -1 being disconnected (elapsed time since creation: 35ms, elapsed time since send: 35ms, request timeout: 3600000ms)
2024-08-22T14:57:22.951-07:00  INFO 8367 --- [person] [kafka-admin-client-thread | person-admin-0] org.apache.kafka.clients.NetworkClient   : [AdminClient clientId=person-admin-0] Node -1 disconnected.
2024-08-22T14:57:22.952-07:00  INFO 8367 --- [person] [kafka-admin-client-thread | person-admin-0] org.apache.kafka.clients.NetworkClient   : [AdminClient clientId=person-admin-0] Cancelled in-flight API_VERSIONS request with correlation id 2 due to node -1 being disconnected (elapsed time since creation: 5ms, elapsed time since send: 5ms, request timeout: 3600000ms)
2024-08-22T14:57:23.991-07:00  INFO 8367 --- [person] [kafka-admin-client-thread | person-admin-0] org.apache.kafka.clients.NetworkClient   : [AdminClient clientId=person-admin-0] Node -1 disconnected.
2024-08-22T14:57:23.992-07:00  INFO 8367 --- [person] [kafka-admin-client-thread | person-admin-0] org.apache.kafka.clients.NetworkClient   : [AdminClient clientId=person-admin-0] Cancelled in-flight API_VERSIONS request with correlation id 3 due to node -1 being disconnected (elapsed time since creation: 1ms, elapsed time since send: 1ms, request timeout: 3600000ms)
2024-08-22T14:57:24.998-07:00  INFO 8367 --- [person] [kafka-admin-client-thread | person-admin-0] org.apache.kafka.clients.NetworkClient   : [AdminClient clientId=person-admin-0] Node -1 disconnected.
2024-08-22T14:57:24.998-07:00  INFO 8367 --- [person] [kafka-admin-client-thread | person-admin-0] org.apache.kafka.clients.NetworkClient   : [AdminClient clientId=person-admin-0] Cancelled in-flight API_VERSIONS request with correlation id 4 due to node -1 being disconnected (elapsed time since creation: 1ms, elapsed time since send: 1ms, request timeout: 3600000ms)
2024-08-22T14:57:26.041-07:00  INFO 8367 --- [person] [kafka-admin-client-thread | person-admin-0] org.apache.kafka.clients.NetworkClient   : [AdminClient clientId=person-admin-0] Node -1 disconnected.
2024-08-22T14:57:26.041-07:00  INFO 8367 --- [person] [kafka-admin-client-thread | person-admin-0] org.apache.kafka.clients.NetworkClient   : [AdminClient clientId=person-admin-0] Cancelled in-flight API_VERSIONS request with correlation id 5 due to node -1 being disconnected (elapsed time since creation: 4ms, elapsed time since send: 4ms, request timeout: 3600000ms)
2024-08-22T14:57:27.049-07:00  INFO 8367 --- [person] [kafka-admin-client-thread | person-admin-0] org.apache.kafka.clients.NetworkClient   : [AdminClient clientId=person-admin-0] Node -1 disconnected.
2024-08-22T14:57:27.050-07:00  INFO 8367 --- [person] [kafka-admin-client-thread | person-admin-0] org.apache.kafka.clients.NetworkClient   : [AdminClient clientId=person-admin-0] Cancelled in-flight API_VERSIONS request with correlation id 6 due to node -1 being disconnected (elapsed time since creation: 1ms, elapsed time since send: 1ms, request timeout: 3600000ms)
2024-08-22T14:57:28.855-07:00  INFO 8367 --- [person] [kafka-admin-client-thread | person-admin-0] o.a.k.c.a.i.AdminMetadataManager         : [AdminClient clientId=person-admin-0] Metadata update failed

org.apache.kafka.common.errors.TimeoutException: Timed out waiting to send the call. Call: fetchMetadata

2024-08-22T14:57:28.888-07:00 ERROR 8367 --- [person] [main] o.springframework.kafka.core.KafkaAdmin  : Could not configure topics

org.springframework.kafka.KafkaException: Timed out waiting to get existing topics
	at org.springframework.kafka.core.KafkaAdmin.lambda$checkPartitions$13(KafkaAdmin.java:539) ~[spring-kafka-3.2.1.jar:3.2.1]
	at java.base/java.util.HashMap.forEach(HashMap.java:1421) ~[na:na]
	at org.springframework.kafka.core.KafkaAdmin.checkPartitions(KafkaAdmin.java:518) ~[spring-kafka-3.2.1.jar:3.2.1]
	at org.springframework.kafka.core.KafkaAdmin.addOrModifyTopicsIfNeeded(KafkaAdmin.java:411) ~[spring-kafka-3.2.1.jar:3.2.1]
	at org.springframework.kafka.core.KafkaAdmin.initialize(KafkaAdmin.java:263) ~[spring-kafka-3.2.1.jar:3.2.1]
	at org.springframework.kafka.core.KafkaAdmin.afterSingletonsInstantiated(KafkaAdmin.java:227) ~[spring-kafka-3.2.1.jar:3.2.1]
	at org.springframework.beans.factory.support.DefaultListableBeanFactory.preInstantiateSingletons(DefaultListableBeanFactory.java:986) ~[spring-beans-6.1.10.jar:6.1.10]
	at org.springframework.context.support.AbstractApplicationContext.finishBeanFactoryInitialization(AbstractApplicationContext.java:962) ~[spring-context-6.1.10.jar:6.1.10]
	at org.springframework.context.support.AbstractApplicationContext.refresh(AbstractApplicationContext.java:624) ~[spring-context-6.1.10.jar:6.1.10]
	at org.springframework.boot.web.servlet.context.ServletWebServerApplicationContext.refresh(ServletWebServerApplicationContext.java:146) ~[spring-boot-3.3.1.jar:3.3.1]
	at org.springframework.boot.SpringApplication.refresh(SpringApplication.java:754) ~[spring-boot-3.3.1.jar:3.3.1]
	at org.springframework.boot.SpringApplication.refreshContext(SpringApplication.java:456) ~[spring-boot-3.3.1.jar:3.3.1]
	at org.springframework.boot.SpringApplication.run(SpringApplication.java:335) ~[spring-boot-3.3.1.jar:3.3.1]
	at org.springframework.boot.SpringApplication.run(SpringApplication.java:1363) ~[spring-boot-3.3.1.jar:3.3.1]
	at org.springframework.boot.SpringApplication.run(SpringApplication.java:1352) ~[spring-boot-3.3.1.jar:3.3.1]
	at by.intexsoft.diplom.person.PersonApplication.main(PersonApplication.java:14) ~[classes/:na]
Caused by: java.util.concurrent.TimeoutException: null
	at java.base/java.util.concurrent.CompletableFuture.timedGet(CompletableFuture.java:1960) ~[na:na]
	at java.base/java.util.concurrent.CompletableFuture.get(CompletableFuture.java:2095) ~[na:na]
	at org.apache.kafka.common.internals.KafkaFutureImpl.get(KafkaFutureImpl.java:180) ~[kafka-clients-3.7.0.jar:na]
	at org.springframework.kafka.core.KafkaAdmin.lambda$checkPartitions$13(KafkaAdmin.java:521) ~[spring-kafka-3.2.1.jar:3.2.1]
	... 15 common frames omitted

2024-08-22T14:57:30.562-07:00  INFO 8367 --- [person] [kafka-admin-client-thread | person-admin-0] o.a.kafka.common.utils.AppInfoParser     : App info kafka.admin.client for person-admin-0 unregistered
2024-08-22T14:57:30.575-07:00  INFO 8367 --- [person] [kafka-admin-client-thread | person-admin-0] o.apache.kafka.common.metrics.Metrics    : Metrics scheduler closed
2024-08-22T14:57:30.575-07:00  INFO 8367 --- [person] [kafka-admin-client-thread | person-admin-0] o.apache.kafka.common.metrics.Metrics    : Closing reporter org.apache.kafka.common.metrics.JmxReporter
2024-08-22T14:57:30.575-07:00  INFO 8367 --- [person] [kafka-admin-client-thread | person-admin-0] o.apache.kafka.common.metrics.Metrics    : Metrics reporters closed
2024-08-22T14:57:30.661-07:00  INFO 8367 --- [person] [main] o.s.b.w.embedded.tomcat.TomcatWebServer  : Tomcat started on port 8081 (http) with context path '/'
2024-08-22T14:57:30.696-07:00  INFO 8367 --- [person] [main] b.i.diplom.person.PersonApplication      : Started PersonApplication in 42.954 seconds (process running for 43.71)
2024-08-22T14:57:45.001-07:00  INFO 8367 --- [person] [http-nio-8081-exec-2] o.a.c.c.C.[Tomcat].[localhost].[/]       : Initializing Spring DispatcherServlet 'dispatcherServlet'
2024-08-22T14:57:45.005-07:00  INFO 8367 --- [person] [http-nio-8081-exec-2] o.s.web.servlet.DispatcherServlet        : Initializing Servlet 'dispatcherServlet'
2024-08-22T14:57:45.024-07:00  INFO 8367 --- [person] [http-nio-8081-exec-2] o.s.web.servlet.DispatcherServlet        : Completed initialization in 19 ms
2024-08-22T14:57:45.467-07:00  WARN 8367 --- [person] [http-nio-8081-exec-2] .w.s.m.s.DefaultHandlerExceptionResolver : Resolved [org.springframework.web.HttpMediaTypeNotSupportedException: Content-Type 'application/octet-stream' is not supported]
2024-08-22T14:58:56.218-07:00  INFO 8367 --- [person] [SpringApplicationShutdownHook] j.LocalContainerEntityManagerFactoryBean : Closing JPA EntityManagerFactory for persistence unit 'default'
2024-08-22T14:58:56.233-07:00  INFO 8367 --- [person] [SpringApplicationShutdownHook] com.zaxxer.hikari.HikariDataSource       : HikariPool-1 - Shutdown initiated...
2024-08-22T14:58:56.242-07:00  INFO 8367 --- [person] [SpringApplicationShutdownHook] com.zaxxer.hikari.HikariDataSource       : HikariPool-1 - Shutdown completed.
2024-08-22T14:59:01.888-07:00  INFO 8469 --- [person] [main] b.i.diplom.person.PersonApplication      : Starting PersonApplication using Java 17.0.11 with PID 8469 (/Users/mihail/Documents/free-party/party-web/project-manager/person/target/classes started by mihail in /Users/mihail/Documents/free-party/party-web/project-manager)
2024-08-22T14:59:01.893-07:00  INFO 8469 --- [person] [main] b.i.diplom.person.PersonApplication      : No active profile set, falling back to 1 default profile: "default"
2024-08-22T14:59:02.872-07:00  INFO 8469 --- [person] [main] .s.d.r.c.RepositoryConfigurationDelegate : Multiple Spring Data modules found, entering strict repository configuration mode
2024-08-22T14:59:02.873-07:00  INFO 8469 --- [person] [main] .s.d.r.c.RepositoryConfigurationDelegate : Bootstrapping Spring Data Redis repositories in DEFAULT mode.
2024-08-22T14:59:02.905-07:00  INFO 8469 --- [person] [main] .s.d.r.c.RepositoryConfigurationDelegate : Finished Spring Data repository scanning in 7 ms. Found 0 Redis repository interfaces.
2024-08-22T14:59:02.917-07:00  INFO 8469 --- [person] [main] .s.d.r.c.RepositoryConfigurationDelegate : Multiple Spring Data modules found, entering strict repository configuration mode
2024-08-22T14:59:02.917-07:00  INFO 8469 --- [person] [main] .s.d.r.c.RepositoryConfigurationDelegate : Bootstrapping Spring Data JPA repositories in DEFAULT mode.
2024-08-22T14:59:03.224-07:00  INFO 8469 --- [person] [main] .s.d.r.c.RepositoryConfigurationDelegate : Finished Spring Data repository scanning in 302 ms. Found 17 JPA repository interfaces.
2024-08-22T14:59:03.560-07:00  INFO 8469 --- [person] [main] .s.d.r.c.RepositoryConfigurationDelegate : Multiple Spring Data modules found, entering strict repository configuration mode
2024-08-22T14:59:03.561-07:00  INFO 8469 --- [person] [main] .s.d.r.c.RepositoryConfigurationDelegate : Bootstrapping Spring Data Redis repositories in DEFAULT mode.
2024-08-22T14:59:03.574-07:00  INFO 8469 --- [person] [main] .s.d.r.c.RepositoryConfigurationDelegate : Finished Spring Data repository scanning in 12 ms. Found 0 Redis repository interfaces.
2024-08-22T14:59:04.706-07:00  INFO 8469 --- [person] [main] o.s.b.w.embedded.tomcat.TomcatWebServer  : Tomcat initialized with port 8081 (http)
2024-08-22T14:59:04.722-07:00  INFO 8469 --- [person] [main] o.apache.catalina.core.StandardService   : Starting service [Tomcat]
2024-08-22T14:59:04.722-07:00  INFO 8469 --- [person] [main] o.apache.catalina.core.StandardEngine    : Starting Servlet engine: [Apache Tomcat/10.1.25]
2024-08-22T14:59:04.818-07:00  INFO 8469 --- [person] [main] o.a.c.c.C.[Tomcat].[localhost].[/]       : Initializing Spring embedded WebApplicationContext
2024-08-22T14:59:04.818-07:00  INFO 8469 --- [person] [main] w.s.c.ServletWebServerApplicationContext : Root WebApplicationContext: initialization completed in 2850 ms
2024-08-22T14:59:05.106-07:00  INFO 8469 --- [person] [main] o.hibernate.jpa.internal.util.LogHelper  : HHH000204: Processing PersistenceUnitInfo [name: default]
2024-08-22T14:59:05.183-07:00  INFO 8469 --- [person] [main] org.hibernate.Version                    : HHH000412: Hibernate ORM core version 6.5.2.Final
2024-08-22T14:59:05.227-07:00  INFO 8469 --- [person] [main] o.h.c.internal.RegionFactoryInitiator    : HHH000026: Second-level cache disabled
2024-08-22T14:59:05.650-07:00  INFO 8469 --- [person] [main] o.s.o.j.p.SpringPersistenceUnitInfo      : No LoadTimeWeaver setup: ignoring JPA class transformer
2024-08-22T14:59:05.683-07:00  INFO 8469 --- [person] [main] com.zaxxer.hikari.HikariDataSource       : HikariPool-1 - Starting...
2024-08-22T14:59:05.791-07:00  INFO 8469 --- [person] [main] com.zaxxer.hikari.pool.HikariPool        : HikariPool-1 - Added connection org.postgresql.jdbc.PgConnection@4fa8297b
2024-08-22T14:59:05.793-07:00  INFO 8469 --- [person] [main] com.zaxxer.hikari.HikariDataSource       : HikariPool-1 - Start completed.
2024-08-22T14:59:07.627-07:00  INFO 8469 --- [person] [main] o.h.e.t.j.p.i.JtaPlatformInitiator       : HHH000489: No JTA platform available (set 'hibernate.transaction.jta.platform' to enable JTA platform integration)
2024-08-22T14:59:07.962-07:00  INFO 8469 --- [person] [main] j.LocalContainerEntityManagerFactoryBean : Initialized JPA EntityManagerFactory for persistence unit 'default'
2024-08-22T14:59:08.514-07:00  INFO 8469 --- [person] [main] o.s.d.j.r.query.QueryEnhancerFactory     : Hibernate is in classpath; If applicable, HQL parser will be used.
2024-08-22T14:59:10.135-07:00  WARN 8469 --- [person] [main] JpaBaseConfiguration$JpaWebConfiguration : spring.jpa.open-in-view is enabled by default. Therefore, database queries may be performed during view rendering. Explicitly configure spring.jpa.open-in-view to disable this warning
2024-08-22T14:59:11.792-07:00  INFO 8469 --- [person] [main] o.a.k.clients.admin.AdminClientConfig    : AdminClientConfig values: 
	auto.include.jmx.reporter = true
	bootstrap.controllers = []
	bootstrap.servers = [localhost:9092]
	client.dns.lookup = use_all_dns_ips
	client.id = person-admin-0
	connections.max.idle.ms = 300000
	default.api.timeout.ms = 60000
	enable.metrics.push = true
	metadata.max.age.ms = 300000
	metric.reporters = []
	metrics.num.samples = 2
	metrics.recording.level = INFO
	metrics.sample.window.ms = 30000
	receive.buffer.bytes = 65536
	reconnect.backoff.max.ms = 1000
	reconnect.backoff.ms = 50
	request.timeout.ms = 30000
	retries = 2147483647
	retry.backoff.max.ms = 1000
	retry.backoff.ms = 100
	sasl.client.callback.handler.class = null
	sasl.jaas.config = null
	sasl.kerberos.kinit.cmd = /usr/bin/kinit
	sasl.kerberos.min.time.before.relogin = 60000
	sasl.kerberos.service.name = null
	sasl.kerberos.ticket.renew.jitter = 0.05
	sasl.kerberos.ticket.renew.window.factor = 0.8
	sasl.login.callback.handler.class = null
	sasl.login.class = null
	sasl.login.connect.timeout.ms = null
	sasl.login.read.timeout.ms = null
	sasl.login.refresh.buffer.seconds = 300
	sasl.login.refresh.min.period.seconds = 60
	sasl.login.refresh.window.factor = 0.8
	sasl.login.refresh.window.jitter = 0.05
	sasl.login.retry.backoff.max.ms = 10000
	sasl.login.retry.backoff.ms = 100
	sasl.mechanism = GSSAPI
	sasl.oauthbearer.clock.skew.seconds = 30
	sasl.oauthbearer.expected.audience = null
	sasl.oauthbearer.expected.issuer = null
	sasl.oauthbearer.jwks.endpoint.refresh.ms = 3600000
	sasl.oauthbearer.jwks.endpoint.retry.backoff.max.ms = 10000
	sasl.oauthbearer.jwks.endpoint.retry.backoff.ms = 100
	sasl.oauthbearer.jwks.endpoint.url = null
	sasl.oauthbearer.scope.claim.name = scope
	sasl.oauthbearer.sub.claim.name = sub
	sasl.oauthbearer.token.endpoint.url = null
	security.protocol = PLAINTEXT
	security.providers = null
	send.buffer.bytes = 131072
	socket.connection.setup.timeout.max.ms = 30000
	socket.connection.setup.timeout.ms = 10000
	ssl.cipher.suites = null
	ssl.enabled.protocols = [TLSv1.2, TLSv1.3]
	ssl.endpoint.identification.algorithm = https
	ssl.engine.factory.class = null
	ssl.key.password = null
	ssl.keymanager.algorithm = SunX509
	ssl.keystore.certificate.chain = null
	ssl.keystore.key = null
	ssl.keystore.location = null
	ssl.keystore.password = null
	ssl.keystore.type = JKS
	ssl.protocol = TLSv1.3
	ssl.provider = null
	ssl.secure.random.implementation = null
	ssl.trustmanager.algorithm = PKIX
	ssl.truststore.certificates = null
	ssl.truststore.location = null
	ssl.truststore.password = null
	ssl.truststore.type = JKS

2024-08-22T14:59:11.897-07:00  INFO 8469 --- [person] [main] o.a.kafka.common.utils.AppInfoParser     : Kafka version: 3.7.0
2024-08-22T14:59:11.898-07:00  INFO 8469 --- [person] [main] o.a.kafka.common.utils.AppInfoParser     : Kafka commitId: 2ae524ed625438c5
2024-08-22T14:59:11.898-07:00  INFO 8469 --- [person] [main] o.a.kafka.common.utils.AppInfoParser     : Kafka startTimeMs: 1724363951896
2024-08-22T14:59:12.459-07:00  INFO 8469 --- [person] [kafka-admin-client-thread | person-admin-0] o.a.kafka.common.utils.AppInfoParser     : App info kafka.admin.client for person-admin-0 unregistered
2024-08-22T14:59:12.467-07:00  INFO 8469 --- [person] [kafka-admin-client-thread | person-admin-0] o.apache.kafka.common.metrics.Metrics    : Metrics scheduler closed
2024-08-22T14:59:12.467-07:00  INFO 8469 --- [person] [kafka-admin-client-thread | person-admin-0] o.apache.kafka.common.metrics.Metrics    : Closing reporter org.apache.kafka.common.metrics.JmxReporter
2024-08-22T14:59:12.467-07:00  INFO 8469 --- [person] [kafka-admin-client-thread | person-admin-0] o.apache.kafka.common.metrics.Metrics    : Metrics reporters closed
2024-08-22T14:59:12.489-07:00  INFO 8469 --- [person] [main] o.s.b.w.embedded.tomcat.TomcatWebServer  : Tomcat started on port 8081 (http) with context path '/'
2024-08-22T14:59:12.503-07:00  INFO 8469 --- [person] [main] b.i.diplom.person.PersonApplication      : Started PersonApplication in 11.535 seconds (process running for 12.22)
2024-08-22T14:59:19.329-07:00  INFO 8469 --- [person] [http-nio-8081-exec-2] o.a.c.c.C.[Tomcat].[localhost].[/]       : Initializing Spring DispatcherServlet 'dispatcherServlet'
2024-08-22T14:59:19.330-07:00  INFO 8469 --- [person] [http-nio-8081-exec-2] o.s.web.servlet.DispatcherServlet        : Initializing Servlet 'dispatcherServlet'
2024-08-22T14:59:19.333-07:00  INFO 8469 --- [person] [http-nio-8081-exec-2] o.s.web.servlet.DispatcherServlet        : Completed initialization in 3 ms
2024-08-22T14:59:19.587-07:00  WARN 8469 --- [person] [http-nio-8081-exec-2] .w.s.m.s.DefaultHandlerExceptionResolver : Resolved [org.springframework.web.HttpMediaTypeNotSupportedException: Content-Type 'application/octet-stream' is not supported]
2024-08-22T15:00:25.780-07:00  INFO 8469 --- [person] [SpringApplicationShutdownHook] j.LocalContainerEntityManagerFactoryBean : Closing JPA EntityManagerFactory for persistence unit 'default'
2024-08-22T15:00:25.828-07:00  INFO 8469 --- [person] [SpringApplicationShutdownHook] com.zaxxer.hikari.HikariDataSource       : HikariPool-1 - Shutdown initiated...
2024-08-22T15:00:25.844-07:00  INFO 8469 --- [person] [SpringApplicationShutdownHook] com.zaxxer.hikari.HikariDataSource       : HikariPool-1 - Shutdown completed.
2024-08-22T15:00:29.847-07:00  INFO 8541 --- [person] [main] b.i.diplom.person.PersonApplication      : Starting PersonApplication using Java 17.0.11 with PID 8541 (/Users/mihail/Documents/free-party/party-web/project-manager/person/target/classes started by mihail in /Users/mihail/Documents/free-party/party-web/project-manager)
2024-08-22T15:00:29.851-07:00  INFO 8541 --- [person] [main] b.i.diplom.person.PersonApplication      : No active profile set, falling back to 1 default profile: "default"
2024-08-22T15:00:30.829-07:00  INFO 8541 --- [person] [main] .s.d.r.c.RepositoryConfigurationDelegate : Multiple Spring Data modules found, entering strict repository configuration mode
2024-08-22T15:00:30.829-07:00  INFO 8541 --- [person] [main] .s.d.r.c.RepositoryConfigurationDelegate : Bootstrapping Spring Data Redis repositories in DEFAULT mode.
2024-08-22T15:00:30.861-07:00  INFO 8541 --- [person] [main] .s.d.r.c.RepositoryConfigurationDelegate : Finished Spring Data repository scanning in 6 ms. Found 0 Redis repository interfaces.
2024-08-22T15:00:30.873-07:00  INFO 8541 --- [person] [main] .s.d.r.c.RepositoryConfigurationDelegate : Multiple Spring Data modules found, entering strict repository configuration mode
2024-08-22T15:00:30.873-07:00  INFO 8541 --- [person] [main] .s.d.r.c.RepositoryConfigurationDelegate : Bootstrapping Spring Data JPA repositories in DEFAULT mode.
2024-08-22T15:00:31.146-07:00  INFO 8541 --- [person] [main] .s.d.r.c.RepositoryConfigurationDelegate : Finished Spring Data repository scanning in 268 ms. Found 17 JPA repository interfaces.
2024-08-22T15:00:31.489-07:00  INFO 8541 --- [person] [main] .s.d.r.c.RepositoryConfigurationDelegate : Multiple Spring Data modules found, entering strict repository configuration mode
2024-08-22T15:00:31.489-07:00  INFO 8541 --- [person] [main] .s.d.r.c.RepositoryConfigurationDelegate : Bootstrapping Spring Data Redis repositories in DEFAULT mode.
2024-08-22T15:00:31.504-07:00  INFO 8541 --- [person] [main] .s.d.r.c.RepositoryConfigurationDelegate : Finished Spring Data repository scanning in 14 ms. Found 0 Redis repository interfaces.
2024-08-22T15:00:32.486-07:00  INFO 8541 --- [person] [main] o.s.b.w.embedded.tomcat.TomcatWebServer  : Tomcat initialized with port 8081 (http)
2024-08-22T15:00:32.502-07:00  INFO 8541 --- [person] [main] o.apache.catalina.core.StandardService   : Starting service [Tomcat]
2024-08-22T15:00:32.503-07:00  INFO 8541 --- [person] [main] o.apache.catalina.core.StandardEngine    : Starting Servlet engine: [Apache Tomcat/10.1.25]
2024-08-22T15:00:32.587-07:00  INFO 8541 --- [person] [main] o.a.c.c.C.[Tomcat].[localhost].[/]       : Initializing Spring embedded WebApplicationContext
2024-08-22T15:00:32.587-07:00  INFO 8541 --- [person] [main] w.s.c.ServletWebServerApplicationContext : Root WebApplicationContext: initialization completed in 2655 ms
2024-08-22T15:00:32.847-07:00  INFO 8541 --- [person] [main] o.hibernate.jpa.internal.util.LogHelper  : HHH000204: Processing PersistenceUnitInfo [name: default]
2024-08-22T15:00:32.931-07:00  INFO 8541 --- [person] [main] org.hibernate.Version                    : HHH000412: Hibernate ORM core version 6.5.2.Final
2024-08-22T15:00:32.974-07:00  INFO 8541 --- [person] [main] o.h.c.internal.RegionFactoryInitiator    : HHH000026: Second-level cache disabled
2024-08-22T15:00:33.410-07:00  INFO 8541 --- [person] [main] o.s.o.j.p.SpringPersistenceUnitInfo      : No LoadTimeWeaver setup: ignoring JPA class transformer
2024-08-22T15:00:33.443-07:00  INFO 8541 --- [person] [main] com.zaxxer.hikari.HikariDataSource       : HikariPool-1 - Starting...
2024-08-22T15:00:33.566-07:00  INFO 8541 --- [person] [main] com.zaxxer.hikari.pool.HikariPool        : HikariPool-1 - Added connection org.postgresql.jdbc.PgConnection@44e08a7a
2024-08-22T15:00:33.567-07:00  INFO 8541 --- [person] [main] com.zaxxer.hikari.HikariDataSource       : HikariPool-1 - Start completed.
2024-08-22T15:00:35.397-07:00  INFO 8541 --- [person] [main] o.h.e.t.j.p.i.JtaPlatformInitiator       : HHH000489: No JTA platform available (set 'hibernate.transaction.jta.platform' to enable JTA platform integration)
2024-08-22T15:00:35.745-07:00  INFO 8541 --- [person] [main] j.LocalContainerEntityManagerFactoryBean : Initialized JPA EntityManagerFactory for persistence unit 'default'
2024-08-22T15:00:36.328-07:00  INFO 8541 --- [person] [main] o.s.d.j.r.query.QueryEnhancerFactory     : Hibernate is in classpath; If applicable, HQL parser will be used.
2024-08-22T15:00:38.044-07:00  WARN 8541 --- [person] [main] JpaBaseConfiguration$JpaWebConfiguration : spring.jpa.open-in-view is enabled by default. Therefore, database queries may be performed during view rendering. Explicitly configure spring.jpa.open-in-view to disable this warning
2024-08-22T15:00:39.624-07:00  INFO 8541 --- [person] [main] o.a.k.clients.admin.AdminClientConfig    : AdminClientConfig values: 
	auto.include.jmx.reporter = true
	bootstrap.controllers = []
	bootstrap.servers = [localhost:9092]
	client.dns.lookup = use_all_dns_ips
	client.id = person-admin-0
	connections.max.idle.ms = 300000
	default.api.timeout.ms = 60000
	enable.metrics.push = true
	metadata.max.age.ms = 300000
	metric.reporters = []
	metrics.num.samples = 2
	metrics.recording.level = INFO
	metrics.sample.window.ms = 30000
	receive.buffer.bytes = 65536
	reconnect.backoff.max.ms = 1000
	reconnect.backoff.ms = 50
	request.timeout.ms = 30000
	retries = 2147483647
	retry.backoff.max.ms = 1000
	retry.backoff.ms = 100
	sasl.client.callback.handler.class = null
	sasl.jaas.config = null
	sasl.kerberos.kinit.cmd = /usr/bin/kinit
	sasl.kerberos.min.time.before.relogin = 60000
	sasl.kerberos.service.name = null
	sasl.kerberos.ticket.renew.jitter = 0.05
	sasl.kerberos.ticket.renew.window.factor = 0.8
	sasl.login.callback.handler.class = null
	sasl.login.class = null
	sasl.login.connect.timeout.ms = null
	sasl.login.read.timeout.ms = null
	sasl.login.refresh.buffer.seconds = 300
	sasl.login.refresh.min.period.seconds = 60
	sasl.login.refresh.window.factor = 0.8
	sasl.login.refresh.window.jitter = 0.05
	sasl.login.retry.backoff.max.ms = 10000
	sasl.login.retry.backoff.ms = 100
	sasl.mechanism = GSSAPI
	sasl.oauthbearer.clock.skew.seconds = 30
	sasl.oauthbearer.expected.audience = null
	sasl.oauthbearer.expected.issuer = null
	sasl.oauthbearer.jwks.endpoint.refresh.ms = 3600000
	sasl.oauthbearer.jwks.endpoint.retry.backoff.max.ms = 10000
	sasl.oauthbearer.jwks.endpoint.retry.backoff.ms = 100
	sasl.oauthbearer.jwks.endpoint.url = null
	sasl.oauthbearer.scope.claim.name = scope
	sasl.oauthbearer.sub.claim.name = sub
	sasl.oauthbearer.token.endpoint.url = null
	security.protocol = PLAINTEXT
	security.providers = null
	send.buffer.bytes = 131072
	socket.connection.setup.timeout.max.ms = 30000
	socket.connection.setup.timeout.ms = 10000
	ssl.cipher.suites = null
	ssl.enabled.protocols = [TLSv1.2, TLSv1.3]
	ssl.endpoint.identification.algorithm = https
	ssl.engine.factory.class = null
	ssl.key.password = null
	ssl.keymanager.algorithm = SunX509
	ssl.keystore.certificate.chain = null
	ssl.keystore.key = null
	ssl.keystore.location = null
	ssl.keystore.password = null
	ssl.keystore.type = JKS
	ssl.protocol = TLSv1.3
	ssl.provider = null
	ssl.secure.random.implementation = null
	ssl.trustmanager.algorithm = PKIX
	ssl.truststore.certificates = null
	ssl.truststore.location = null
	ssl.truststore.password = null
	ssl.truststore.type = JKS

2024-08-22T15:00:39.718-07:00  INFO 8541 --- [person] [main] o.a.kafka.common.utils.AppInfoParser     : Kafka version: 3.7.0
2024-08-22T15:00:39.718-07:00  INFO 8541 --- [person] [main] o.a.kafka.common.utils.AppInfoParser     : Kafka commitId: 2ae524ed625438c5
2024-08-22T15:00:39.718-07:00  INFO 8541 --- [person] [main] o.a.kafka.common.utils.AppInfoParser     : Kafka startTimeMs: 1724364039716
2024-08-22T15:00:40.303-07:00  INFO 8541 --- [person] [kafka-admin-client-thread | person-admin-0] o.a.kafka.common.utils.AppInfoParser     : App info kafka.admin.client for person-admin-0 unregistered
2024-08-22T15:00:40.311-07:00  INFO 8541 --- [person] [kafka-admin-client-thread | person-admin-0] o.apache.kafka.common.metrics.Metrics    : Metrics scheduler closed
2024-08-22T15:00:40.311-07:00  INFO 8541 --- [person] [kafka-admin-client-thread | person-admin-0] o.apache.kafka.common.metrics.Metrics    : Closing reporter org.apache.kafka.common.metrics.JmxReporter
2024-08-22T15:00:40.311-07:00  INFO 8541 --- [person] [kafka-admin-client-thread | person-admin-0] o.apache.kafka.common.metrics.Metrics    : Metrics reporters closed
2024-08-22T15:00:40.332-07:00  INFO 8541 --- [person] [main] o.s.b.w.embedded.tomcat.TomcatWebServer  : Tomcat started on port 8081 (http) with context path '/'
2024-08-22T15:00:40.346-07:00  INFO 8541 --- [person] [main] b.i.diplom.person.PersonApplication      : Started PersonApplication in 11.617 seconds (process running for 12.442)
2024-08-22T15:00:49.623-07:00  INFO 8541 --- [person] [http-nio-8081-exec-2] o.a.c.c.C.[Tomcat].[localhost].[/]       : Initializing Spring DispatcherServlet 'dispatcherServlet'
2024-08-22T15:00:49.624-07:00  INFO 8541 --- [person] [http-nio-8081-exec-2] o.s.web.servlet.DispatcherServlet        : Initializing Servlet 'dispatcherServlet'
2024-08-22T15:00:49.626-07:00  INFO 8541 --- [person] [http-nio-8081-exec-2] o.s.web.servlet.DispatcherServlet        : Completed initialization in 2 ms
2024-08-22T15:00:49.911-07:00  WARN 8541 --- [person] [http-nio-8081-exec-2] .w.s.m.s.DefaultHandlerExceptionResolver : Resolved [org.springframework.web.HttpMediaTypeNotSupportedException: Content-Type 'application/octet-stream' is not supported]
2024-08-22T15:02:31.755-07:00  INFO 8541 --- [person] [SpringApplicationShutdownHook] j.LocalContainerEntityManagerFactoryBean : Closing JPA EntityManagerFactory for persistence unit 'default'
2024-08-22T15:02:31.780-07:00  INFO 8541 --- [person] [SpringApplicationShutdownHook] com.zaxxer.hikari.HikariDataSource       : HikariPool-1 - Shutdown initiated...
2024-08-22T15:02:31.794-07:00  INFO 8541 --- [person] [SpringApplicationShutdownHook] com.zaxxer.hikari.HikariDataSource       : HikariPool-1 - Shutdown completed.
2024-08-22T15:24:29.462-07:00  INFO 8867 --- [person] [main] b.i.diplom.person.PersonApplication      : Starting PersonApplication using Java 17.0.11 with PID 8867 (/Users/mihail/Documents/free-party/party-web/project-manager/person/target/classes started by mihail in /Users/mihail/Documents/free-party/party-web/project-manager)
2024-08-22T15:24:29.467-07:00  INFO 8867 --- [person] [main] b.i.diplom.person.PersonApplication      : No active profile set, falling back to 1 default profile: "default"
2024-08-22T15:24:30.764-07:00  INFO 8867 --- [person] [main] .s.d.r.c.RepositoryConfigurationDelegate : Multiple Spring Data modules found, entering strict repository configuration mode
2024-08-22T15:24:30.765-07:00  INFO 8867 --- [person] [main] .s.d.r.c.RepositoryConfigurationDelegate : Bootstrapping Spring Data Redis repositories in DEFAULT mode.
2024-08-22T15:24:30.819-07:00  INFO 8867 --- [person] [main] .s.d.r.c.RepositoryConfigurationDelegate : Finished Spring Data repository scanning in 12 ms. Found 0 Redis repository interfaces.
2024-08-22T15:24:30.840-07:00  INFO 8867 --- [person] [main] .s.d.r.c.RepositoryConfigurationDelegate : Multiple Spring Data modules found, entering strict repository configuration mode
2024-08-22T15:24:30.840-07:00  INFO 8867 --- [person] [main] .s.d.r.c.RepositoryConfigurationDelegate : Bootstrapping Spring Data JPA repositories in DEFAULT mode.
2024-08-22T15:24:31.204-07:00  INFO 8867 --- [person] [main] .s.d.r.c.RepositoryConfigurationDelegate : Finished Spring Data repository scanning in 358 ms. Found 17 JPA repository interfaces.
2024-08-22T15:24:31.657-07:00  INFO 8867 --- [person] [main] .s.d.r.c.RepositoryConfigurationDelegate : Multiple Spring Data modules found, entering strict repository configuration mode
2024-08-22T15:24:31.658-07:00  INFO 8867 --- [person] [main] .s.d.r.c.RepositoryConfigurationDelegate : Bootstrapping Spring Data Redis repositories in DEFAULT mode.
2024-08-22T15:24:31.676-07:00  INFO 8867 --- [person] [main] .s.d.r.c.RepositoryConfigurationDelegate : Finished Spring Data repository scanning in 17 ms. Found 0 Redis repository interfaces.
2024-08-22T15:24:32.846-07:00  INFO 8867 --- [person] [main] o.s.b.w.embedded.tomcat.TomcatWebServer  : Tomcat initialized with port 8081 (http)
2024-08-22T15:24:32.866-07:00  INFO 8867 --- [person] [main] o.apache.catalina.core.StandardService   : Starting service [Tomcat]
2024-08-22T15:24:32.866-07:00  INFO 8867 --- [person] [main] o.apache.catalina.core.StandardEngine    : Starting Servlet engine: [Apache Tomcat/10.1.25]
2024-08-22T15:24:33.028-07:00  INFO 8867 --- [person] [main] o.a.c.c.C.[Tomcat].[localhost].[/]       : Initializing Spring embedded WebApplicationContext
2024-08-22T15:24:33.029-07:00  INFO 8867 --- [person] [main] w.s.c.ServletWebServerApplicationContext : Root WebApplicationContext: initialization completed in 3458 ms
2024-08-22T15:24:33.462-07:00  INFO 8867 --- [person] [main] o.hibernate.jpa.internal.util.LogHelper  : HHH000204: Processing PersistenceUnitInfo [name: default]
2024-08-22T15:24:33.586-07:00  INFO 8867 --- [person] [main] org.hibernate.Version                    : HHH000412: Hibernate ORM core version 6.5.2.Final
2024-08-22T15:24:33.642-07:00  INFO 8867 --- [person] [main] o.h.c.internal.RegionFactoryInitiator    : HHH000026: Second-level cache disabled
2024-08-22T15:24:34.323-07:00  INFO 8867 --- [person] [main] o.s.o.j.p.SpringPersistenceUnitInfo      : No LoadTimeWeaver setup: ignoring JPA class transformer
2024-08-22T15:24:34.376-07:00  INFO 8867 --- [person] [main] com.zaxxer.hikari.HikariDataSource       : HikariPool-1 - Starting...
2024-08-22T15:24:34.664-07:00  INFO 8867 --- [person] [main] com.zaxxer.hikari.pool.HikariPool        : HikariPool-1 - Added connection org.postgresql.jdbc.PgConnection@615ef20
2024-08-22T15:24:34.669-07:00  INFO 8867 --- [person] [main] com.zaxxer.hikari.HikariDataSource       : HikariPool-1 - Start completed.
2024-08-22T15:24:37.328-07:00  INFO 8867 --- [person] [main] o.h.e.t.j.p.i.JtaPlatformInitiator       : HHH000489: No JTA platform available (set 'hibernate.transaction.jta.platform' to enable JTA platform integration)
2024-08-22T15:24:37.783-07:00  INFO 8867 --- [person] [main] j.LocalContainerEntityManagerFactoryBean : Initialized JPA EntityManagerFactory for persistence unit 'default'
2024-08-22T15:24:38.450-07:00  INFO 8867 --- [person] [main] o.s.d.j.r.query.QueryEnhancerFactory     : Hibernate is in classpath; If applicable, HQL parser will be used.
2024-08-22T15:24:40.075-07:00  WARN 8867 --- [person] [main] JpaBaseConfiguration$JpaWebConfiguration : spring.jpa.open-in-view is enabled by default. Therefore, database queries may be performed during view rendering. Explicitly configure spring.jpa.open-in-view to disable this warning
2024-08-22T15:24:41.743-07:00  INFO 8867 --- [person] [main] o.a.k.clients.admin.AdminClientConfig    : AdminClientConfig values: 
	auto.include.jmx.reporter = true
	bootstrap.controllers = []
	bootstrap.servers = [localhost:9092]
	client.dns.lookup = use_all_dns_ips
	client.id = person-admin-0
	connections.max.idle.ms = 300000
	default.api.timeout.ms = 60000
	enable.metrics.push = true
	metadata.max.age.ms = 300000
	metric.reporters = []
	metrics.num.samples = 2
	metrics.recording.level = INFO
	metrics.sample.window.ms = 30000
	receive.buffer.bytes = 65536
	reconnect.backoff.max.ms = 1000
	reconnect.backoff.ms = 50
	request.timeout.ms = 30000
	retries = 2147483647
	retry.backoff.max.ms = 1000
	retry.backoff.ms = 100
	sasl.client.callback.handler.class = null
	sasl.jaas.config = null
	sasl.kerberos.kinit.cmd = /usr/bin/kinit
	sasl.kerberos.min.time.before.relogin = 60000
	sasl.kerberos.service.name = null
	sasl.kerberos.ticket.renew.jitter = 0.05
	sasl.kerberos.ticket.renew.window.factor = 0.8
	sasl.login.callback.handler.class = null
	sasl.login.class = null
	sasl.login.connect.timeout.ms = null
	sasl.login.read.timeout.ms = null
	sasl.login.refresh.buffer.seconds = 300
	sasl.login.refresh.min.period.seconds = 60
	sasl.login.refresh.window.factor = 0.8
	sasl.login.refresh.window.jitter = 0.05
	sasl.login.retry.backoff.max.ms = 10000
	sasl.login.retry.backoff.ms = 100
	sasl.mechanism = GSSAPI
	sasl.oauthbearer.clock.skew.seconds = 30
	sasl.oauthbearer.expected.audience = null
	sasl.oauthbearer.expected.issuer = null
	sasl.oauthbearer.jwks.endpoint.refresh.ms = 3600000
	sasl.oauthbearer.jwks.endpoint.retry.backoff.max.ms = 10000
	sasl.oauthbearer.jwks.endpoint.retry.backoff.ms = 100
	sasl.oauthbearer.jwks.endpoint.url = null
	sasl.oauthbearer.scope.claim.name = scope
	sasl.oauthbearer.sub.claim.name = sub
	sasl.oauthbearer.token.endpoint.url = null
	security.protocol = PLAINTEXT
	security.providers = null
	send.buffer.bytes = 131072
	socket.connection.setup.timeout.max.ms = 30000
	socket.connection.setup.timeout.ms = 10000
	ssl.cipher.suites = null
	ssl.enabled.protocols = [TLSv1.2, TLSv1.3]
	ssl.endpoint.identification.algorithm = https
	ssl.engine.factory.class = null
	ssl.key.password = null
	ssl.keymanager.algorithm = SunX509
	ssl.keystore.certificate.chain = null
	ssl.keystore.key = null
	ssl.keystore.location = null
	ssl.keystore.password = null
	ssl.keystore.type = JKS
	ssl.protocol = TLSv1.3
	ssl.provider = null
	ssl.secure.random.implementation = null
	ssl.trustmanager.algorithm = PKIX
	ssl.truststore.certificates = null
	ssl.truststore.location = null
	ssl.truststore.password = null
	ssl.truststore.type = JKS

2024-08-22T15:24:41.850-07:00  INFO 8867 --- [person] [main] o.a.kafka.common.utils.AppInfoParser     : Kafka version: 3.7.0
2024-08-22T15:24:41.851-07:00  INFO 8867 --- [person] [main] o.a.kafka.common.utils.AppInfoParser     : Kafka commitId: 2ae524ed625438c5
2024-08-22T15:24:41.851-07:00  INFO 8867 --- [person] [main] o.a.kafka.common.utils.AppInfoParser     : Kafka startTimeMs: 1724365481848
2024-08-22T15:24:42.438-07:00  INFO 8867 --- [person] [kafka-admin-client-thread | person-admin-0] o.a.kafka.common.utils.AppInfoParser     : App info kafka.admin.client for person-admin-0 unregistered
2024-08-22T15:24:42.449-07:00  INFO 8867 --- [person] [kafka-admin-client-thread | person-admin-0] o.apache.kafka.common.metrics.Metrics    : Metrics scheduler closed
2024-08-22T15:24:42.450-07:00  INFO 8867 --- [person] [kafka-admin-client-thread | person-admin-0] o.apache.kafka.common.metrics.Metrics    : Closing reporter org.apache.kafka.common.metrics.JmxReporter
2024-08-22T15:24:42.450-07:00  INFO 8867 --- [person] [kafka-admin-client-thread | person-admin-0] o.apache.kafka.common.metrics.Metrics    : Metrics reporters closed
2024-08-22T15:24:42.469-07:00  INFO 8867 --- [person] [main] o.s.b.w.embedded.tomcat.TomcatWebServer  : Tomcat started on port 8081 (http) with context path '/'
2024-08-22T15:24:42.483-07:00  INFO 8867 --- [person] [main] b.i.diplom.person.PersonApplication      : Started PersonApplication in 14.156 seconds (process running for 15.173)
2024-08-22T15:25:06.336-07:00  INFO 8867 --- [person] [http-nio-8081-exec-1] o.a.c.c.C.[Tomcat].[localhost].[/]       : Initializing Spring DispatcherServlet 'dispatcherServlet'
2024-08-22T15:25:06.339-07:00  INFO 8867 --- [person] [http-nio-8081-exec-1] o.s.web.servlet.DispatcherServlet        : Initializing Servlet 'dispatcherServlet'
2024-08-22T15:25:06.345-07:00  INFO 8867 --- [person] [http-nio-8081-exec-1] o.s.web.servlet.DispatcherServlet        : Completed initialization in 6 ms
2024-08-22T15:25:06.722-07:00  WARN 8867 --- [person] [http-nio-8081-exec-1] .w.s.m.s.DefaultHandlerExceptionResolver : Resolved [org.springframework.web.HttpMediaTypeNotSupportedException: Content-Type 'application/octet-stream' is not supported]
2024-08-22T15:26:33.528-07:00  WARN 8867 --- [person] [http-nio-8081-exec-5] .w.s.m.s.DefaultHandlerExceptionResolver : Resolved [org.springframework.web.multipart.support.MissingServletRequestPartException: Required part 'file' is not present.]
2024-08-22T15:28:19.652-07:00  WARN 8867 --- [person] [http-nio-8081-exec-8] o.h.engine.jdbc.spi.SqlExceptionHelper   : SQL Error: 0, SQLState: 23502
2024-08-22T15:28:19.656-07:00 ERROR 8867 --- [person] [http-nio-8081-exec-8] o.h.engine.jdbc.spi.SqlExceptionHelper   : ERROR: null value in column "party_id" of relation "images" violates not-null constraint
  Подробности: Failing row contains (1, null, 2024-07-22 11.57.28.jpg, g).
2024-08-22T15:28:19.760-07:00 ERROR 8867 --- [person] [http-nio-8081-exec-8] o.a.c.c.C.[.[.[/].[dispatcherServlet]    : Servlet.service() for servlet [dispatcherServlet] in context with path [] threw exception [Request processing failed: org.springframework.dao.DataIntegrityViolationException: could not execute statement [ERROR: null value in column "party_id" of relation "images" violates not-null constraint
  Подробности: Failing row contains (1, null, 2024-07-22 11.57.28.jpg, g).] [insert into images (name,party_id,status) values (?,?,?) returning id]; SQL [insert into images (name,party_id,status) values (?,?,?) returning id]; constraint [party_id" of relation "images]] with root cause

org.postgresql.util.PSQLException: ERROR: null value in column "party_id" of relation "images" violates not-null constraint
  Подробности: Failing row contains (1, null, 2024-07-22 11.57.28.jpg, g).
	at org.postgresql.core.v3.QueryExecutorImpl.receiveErrorResponse(QueryExecutorImpl.java:2725) ~[postgresql-42.7.3.jar:42.7.3]
	at org.postgresql.core.v3.QueryExecutorImpl.processResults(QueryExecutorImpl.java:2412) ~[postgresql-42.7.3.jar:42.7.3]
	at org.postgresql.core.v3.QueryExecutorImpl.execute(QueryExecutorImpl.java:371) ~[postgresql-42.7.3.jar:42.7.3]
	at org.postgresql.jdbc.PgStatement.executeInternal(PgStatement.java:502) ~[postgresql-42.7.3.jar:42.7.3]
	at org.postgresql.jdbc.PgStatement.execute(PgStatement.java:419) ~[postgresql-42.7.3.jar:42.7.3]
	at org.postgresql.jdbc.PgPreparedStatement.executeWithFlags(PgPreparedStatement.java:194) ~[postgresql-42.7.3.jar:42.7.3]
	at org.postgresql.jdbc.PgPreparedStatement.execute(PgPreparedStatement.java:180) ~[postgresql-42.7.3.jar:42.7.3]
	at com.zaxxer.hikari.pool.ProxyPreparedStatement.execute(ProxyPreparedStatement.java:44) ~[HikariCP-5.1.0.jar:na]
	at com.zaxxer.hikari.pool.HikariProxyPreparedStatement.execute(HikariProxyPreparedStatement.java) ~[HikariCP-5.1.0.jar:na]
	at org.hibernate.engine.jdbc.internal.ResultSetReturnImpl.execute(ResultSetReturnImpl.java:129) ~[hibernate-core-6.5.2.Final.jar:6.5.2.Final]
	at org.hibernate.id.insert.InsertReturningDelegate.executeAndExtractReturning(InsertReturningDelegate.java:96) ~[hibernate-core-6.5.2.Final.jar:6.5.2.Final]
	at org.hibernate.id.insert.AbstractReturningDelegate.performMutation(AbstractReturningDelegate.java:58) ~[hibernate-core-6.5.2.Final.jar:6.5.2.Final]
	at org.hibernate.engine.jdbc.mutation.internal.MutationExecutorSingleNonBatched.performNonBatchedOperations(MutationExecutorSingleNonBatched.java:47) ~[hibernate-core-6.5.2.Final.jar:6.5.2.Final]
	at org.hibernate.engine.jdbc.mutation.internal.AbstractMutationExecutor.execute(AbstractMutationExecutor.java:55) ~[hibernate-core-6.5.2.Final.jar:6.5.2.Final]
	at org.hibernate.persister.entity.mutation.InsertCoordinatorStandard.doStaticInserts(InsertCoordinatorStandard.java:194) ~[hibernate-core-6.5.2.Final.jar:6.5.2.Final]
	at org.hibernate.persister.entity.mutation.InsertCoordinatorStandard.coordinateInsert(InsertCoordinatorStandard.java:132) ~[hibernate-core-6.5.2.Final.jar:6.5.2.Final]
	at org.hibernate.persister.entity.mutation.InsertCoordinatorStandard.insert(InsertCoordinatorStandard.java:95) ~[hibernate-core-6.5.2.Final.jar:6.5.2.Final]
	at org.hibernate.action.internal.EntityIdentityInsertAction.execute(EntityIdentityInsertAction.java:85) ~[hibernate-core-6.5.2.Final.jar:6.5.2.Final]
	at org.hibernate.engine.spi.ActionQueue.execute(ActionQueue.java:670) ~[hibernate-core-6.5.2.Final.jar:6.5.2.Final]
	at org.hibernate.engine.spi.ActionQueue.addResolvedEntityInsertAction(ActionQueue.java:291) ~[hibernate-core-6.5.2.Final.jar:6.5.2.Final]
	at org.hibernate.engine.spi.ActionQueue.addInsertAction(ActionQueue.java:272) ~[hibernate-core-6.5.2.Final.jar:6.5.2.Final]
	at org.hibernate.engine.spi.ActionQueue.addAction(ActionQueue.java:322) ~[hibernate-core-6.5.2.Final.jar:6.5.2.Final]
	at org.hibernate.event.internal.AbstractSaveEventListener.addInsertAction(AbstractSaveEventListener.java:391) ~[hibernate-core-6.5.2.Final.jar:6.5.2.Final]
	at org.hibernate.event.internal.AbstractSaveEventListener.performSaveOrReplicate(AbstractSaveEventListener.java:305) ~[hibernate-core-6.5.2.Final.jar:6.5.2.Final]
	at org.hibernate.event.internal.AbstractSaveEventListener.performSave(AbstractSaveEventListener.java:224) ~[hibernate-core-6.5.2.Final.jar:6.5.2.Final]
	at org.hibernate.event.internal.AbstractSaveEventListener.saveWithGeneratedId(AbstractSaveEventListener.java:137) ~[hibernate-core-6.5.2.Final.jar:6.5.2.Final]
	at org.hibernate.event.internal.DefaultPersistEventListener.entityIsTransient(DefaultPersistEventListener.java:175) ~[hibernate-core-6.5.2.Final.jar:6.5.2.Final]
	at org.hibernate.event.internal.DefaultPersistEventListener.persist(DefaultPersistEventListener.java:93) ~[hibernate-core-6.5.2.Final.jar:6.5.2.Final]
	at org.hibernate.event.internal.DefaultPersistEventListener.onPersist(DefaultPersistEventListener.java:77) ~[hibernate-core-6.5.2.Final.jar:6.5.2.Final]
	at org.hibernate.event.internal.DefaultPersistEventListener.onPersist(DefaultPersistEventListener.java:54) ~[hibernate-core-6.5.2.Final.jar:6.5.2.Final]
	at org.hibernate.event.service.internal.EventListenerGroupImpl.fireEventOnEachListener(EventListenerGroupImpl.java:127) ~[hibernate-core-6.5.2.Final.jar:6.5.2.Final]
	at org.hibernate.internal.SessionImpl.firePersist(SessionImpl.java:757) ~[hibernate-core-6.5.2.Final.jar:6.5.2.Final]
	at org.hibernate.internal.SessionImpl.persist(SessionImpl.java:741) ~[hibernate-core-6.5.2.Final.jar:6.5.2.Final]
	at java.base/jdk.internal.reflect.NativeMethodAccessorImpl.invoke0(Native Method) ~[na:na]
	at java.base/jdk.internal.reflect.NativeMethodAccessorImpl.invoke(NativeMethodAccessorImpl.java:77) ~[na:na]
	at java.base/jdk.internal.reflect.DelegatingMethodAccessorImpl.invoke(DelegatingMethodAccessorImpl.java:43) ~[na:na]
	at java.base/java.lang.reflect.Method.invoke(Method.java:568) ~[na:na]
	at org.springframework.orm.jpa.ExtendedEntityManagerCreator$ExtendedEntityManagerInvocationHandler.invoke(ExtendedEntityManagerCreator.java:364) ~[spring-orm-6.1.10.jar:6.1.10]
	at jdk.proxy2/jdk.proxy2.$Proxy156.persist(Unknown Source) ~[na:na]
	at java.base/jdk.internal.reflect.NativeMethodAccessorImpl.invoke0(Native Method) ~[na:na]
	at java.base/jdk.internal.reflect.NativeMethodAccessorImpl.invoke(NativeMethodAccessorImpl.java:77) ~[na:na]
	at java.base/jdk.internal.reflect.DelegatingMethodAccessorImpl.invoke(DelegatingMethodAccessorImpl.java:43) ~[na:na]
	at java.base/java.lang.reflect.Method.invoke(Method.java:568) ~[na:na]
	at org.springframework.orm.jpa.SharedEntityManagerCreator$SharedEntityManagerInvocationHandler.invoke(SharedEntityManagerCreator.java:319) ~[spring-orm-6.1.10.jar:6.1.10]
	at jdk.proxy2/jdk.proxy2.$Proxy156.persist(Unknown Source) ~[na:na]
	at org.springframework.data.jpa.repository.support.SimpleJpaRepository.save(SimpleJpaRepository.java:629) ~[spring-data-jpa-3.3.1.jar:3.3.1]
	at java.base/jdk.internal.reflect.NativeMethodAccessorImpl.invoke0(Native Method) ~[na:na]
	at java.base/jdk.internal.reflect.NativeMethodAccessorImpl.invoke(NativeMethodAccessorImpl.java:77) ~[na:na]
	at java.base/jdk.internal.reflect.DelegatingMethodAccessorImpl.invoke(DelegatingMethodAccessorImpl.java:43) ~[na:na]
	at java.base/java.lang.reflect.Method.invoke(Method.java:568) ~[na:na]
	at org.springframework.aop.support.AopUtils.invokeJoinpointUsingReflection(AopUtils.java:354) ~[spring-aop-6.1.10.jar:6.1.10]
	at org.springframework.data.repository.core.support.RepositoryMethodInvoker$RepositoryFragmentMethodInvoker.lambda$new$0(RepositoryMethodInvoker.java:277) ~[spring-data-commons-3.3.1.jar:3.3.1]
	at org.springframework.data.repository.core.support.RepositoryMethodInvoker.doInvoke(RepositoryMethodInvoker.java:170) ~[spring-data-commons-3.3.1.jar:3.3.1]
	at org.springframework.data.repository.core.support.RepositoryMethodInvoker.invoke(RepositoryMethodInvoker.java:158) ~[spring-data-commons-3.3.1.jar:3.3.1]
	at org.springframework.data.repository.core.support.RepositoryComposition$RepositoryFragments.invoke(RepositoryComposition.java:516) ~[spring-data-commons-3.3.1.jar:3.3.1]
	at org.springframework.data.repository.core.support.RepositoryComposition.invoke(RepositoryComposition.java:285) ~[spring-data-commons-3.3.1.jar:3.3.1]
	at org.springframework.data.repository.core.support.RepositoryFactorySupport$ImplementationMethodExecutionInterceptor.invoke(RepositoryFactorySupport.java:628) ~[spring-data-commons-3.3.1.jar:3.3.1]
	at org.springframework.aop.framework.ReflectiveMethodInvocation.proceed(ReflectiveMethodInvocation.java:184) ~[spring-aop-6.1.10.jar:6.1.10]
	at org.springframework.data.repository.core.support.QueryExecutorMethodInterceptor.doInvoke(QueryExecutorMethodInterceptor.java:168) ~[spring-data-commons-3.3.1.jar:3.3.1]
	at org.springframework.data.repository.core.support.QueryExecutorMethodInterceptor.invoke(QueryExecutorMethodInterceptor.java:143) ~[spring-data-commons-3.3.1.jar:3.3.1]
	at org.springframework.aop.framework.ReflectiveMethodInvocation.proceed(ReflectiveMethodInvocation.java:184) ~[spring-aop-6.1.10.jar:6.1.10]
	at org.springframework.data.projection.DefaultMethodInvokingMethodInterceptor.invoke(DefaultMethodInvokingMethodInterceptor.java:70) ~[spring-data-commons-3.3.1.jar:3.3.1]
	at org.springframework.aop.framework.ReflectiveMethodInvocation.proceed(ReflectiveMethodInvocation.java:184) ~[spring-aop-6.1.10.jar:6.1.10]
	at org.springframework.transaction.interceptor.TransactionInterceptor$1.proceedWithInvocation(TransactionInterceptor.java:123) ~[spring-tx-6.1.10.jar:6.1.10]
	at org.springframework.transaction.interceptor.TransactionAspectSupport.invokeWithinTransaction(TransactionAspectSupport.java:392) ~[spring-tx-6.1.10.jar:6.1.10]
	at org.springframework.transaction.interceptor.TransactionInterceptor.invoke(TransactionInterceptor.java:119) ~[spring-tx-6.1.10.jar:6.1.10]
	at org.springframework.aop.framework.ReflectiveMethodInvocation.proceed(ReflectiveMethodInvocation.java:184) ~[spring-aop-6.1.10.jar:6.1.10]
	at org.springframework.dao.support.PersistenceExceptionTranslationInterceptor.invoke(PersistenceExceptionTranslationInterceptor.java:138) ~[spring-tx-6.1.10.jar:6.1.10]
	at org.springframework.aop.framework.ReflectiveMethodInvocation.proceed(ReflectiveMethodInvocation.java:184) ~[spring-aop-6.1.10.jar:6.1.10]
	at org.springframework.data.jpa.repository.support.CrudMethodMetadataPostProcessor$CrudMethodMetadataPopulatingMethodInterceptor.invoke(CrudMethodMetadataPostProcessor.java:165) ~[spring-data-jpa-3.3.1.jar:3.3.1]
	at org.springframework.aop.framework.ReflectiveMethodInvocation.proceed(ReflectiveMethodInvocation.java:184) ~[spring-aop-6.1.10.jar:6.1.10]
	at org.springframework.aop.interceptor.ExposeInvocationInterceptor.invoke(ExposeInvocationInterceptor.java:97) ~[spring-aop-6.1.10.jar:6.1.10]
	at org.springframework.aop.framework.ReflectiveMethodInvocation.proceed(ReflectiveMethodInvocation.java:184) ~[spring-aop-6.1.10.jar:6.1.10]
	at org.springframework.aop.framework.JdkDynamicAopProxy.invoke(JdkDynamicAopProxy.java:223) ~[spring-aop-6.1.10.jar:6.1.10]
	at jdk.proxy2/jdk.proxy2.$Proxy168.save(Unknown Source) ~[na:na]
	at by.intexsoft.diplom.person.service.request.CrudPartyRequestService.createImage(CrudPartyRequestService.java:167) ~[classes/:na]
	at by.intexsoft.diplom.person.service.request.CrudPartyRequestService.processPartyCreating(CrudPartyRequestService.java:152) ~[classes/:na]
	at by.intexsoft.diplom.person.service.request.CrudPartyRequestService.createPartyRequest(CrudPartyRequestService.java:78) ~[classes/:na]
	at java.base/jdk.internal.reflect.NativeMethodAccessorImpl.invoke0(Native Method) ~[na:na]
	at java.base/jdk.internal.reflect.NativeMethodAccessorImpl.invoke(NativeMethodAccessorImpl.java:77) ~[na:na]
	at java.base/jdk.internal.reflect.DelegatingMethodAccessorImpl.invoke(DelegatingMethodAccessorImpl.java:43) ~[na:na]
	at java.base/java.lang.reflect.Method.invoke(Method.java:568) ~[na:na]
	at org.springframework.aop.support.AopUtils.invokeJoinpointUsingReflection(AopUtils.java:354) ~[spring-aop-6.1.10.jar:6.1.10]
	at org.springframework.aop.framework.ReflectiveMethodInvocation.invokeJoinpoint(ReflectiveMethodInvocation.java:196) ~[spring-aop-6.1.10.jar:6.1.10]
	at org.springframework.aop.framework.ReflectiveMethodInvocation.proceed(ReflectiveMethodInvocation.java:163) ~[spring-aop-6.1.10.jar:6.1.10]
	at org.springframework.aop.framework.CglibAopProxy$CglibMethodInvocation.proceed(CglibAopProxy.java:768) ~[spring-aop-6.1.10.jar:6.1.10]
	at org.springframework.transaction.interceptor.TransactionInterceptor$1.proceedWithInvocation(TransactionInterceptor.java:123) ~[spring-tx-6.1.10.jar:6.1.10]
	at org.springframework.transaction.interceptor.TransactionAspectSupport.invokeWithinTransaction(TransactionAspectSupport.java:392) ~[spring-tx-6.1.10.jar:6.1.10]
	at org.springframework.transaction.interceptor.TransactionInterceptor.invoke(TransactionInterceptor.java:119) ~[spring-tx-6.1.10.jar:6.1.10]
	at org.springframework.aop.framework.ReflectiveMethodInvocation.proceed(ReflectiveMethodInvocation.java:184) ~[spring-aop-6.1.10.jar:6.1.10]
	at org.springframework.aop.framework.CglibAopProxy$CglibMethodInvocation.proceed(CglibAopProxy.java:768) ~[spring-aop-6.1.10.jar:6.1.10]
	at org.springframework.aop.framework.CglibAopProxy$DynamicAdvisedInterceptor.intercept(CglibAopProxy.java:720) ~[spring-aop-6.1.10.jar:6.1.10]
	at by.intexsoft.diplom.person.service.request.CrudPartyRequestService$$SpringCGLIB$$0.createPartyRequest(<generated>) ~[classes/:na]
	at by.intexsoft.diplom.person.controller.OrganizerController.createParty(OrganizerController.java:29) ~[classes/:na]
	at java.base/jdk.internal.reflect.NativeMethodAccessorImpl.invoke0(Native Method) ~[na:na]
	at java.base/jdk.internal.reflect.NativeMethodAccessorImpl.invoke(NativeMethodAccessorImpl.java:77) ~[na:na]
	at java.base/jdk.internal.reflect.DelegatingMethodAccessorImpl.invoke(DelegatingMethodAccessorImpl.java:43) ~[na:na]
	at java.base/java.lang.reflect.Method.invoke(Method.java:568) ~[na:na]
	at org.springframework.web.method.support.InvocableHandlerMethod.doInvoke(InvocableHandlerMethod.java:255) ~[spring-web-6.1.10.jar:6.1.10]
	at org.springframework.web.method.support.InvocableHandlerMethod.invokeForRequest(InvocableHandlerMethod.java:188) ~[spring-web-6.1.10.jar:6.1.10]
	at org.springframework.web.servlet.mvc.method.annotation.ServletInvocableHandlerMethod.invokeAndHandle(ServletInvocableHandlerMethod.java:118) ~[spring-webmvc-6.1.10.jar:6.1.10]
	at org.springframework.web.servlet.mvc.method.annotation.RequestMappingHandlerAdapter.invokeHandlerMethod(RequestMappingHandlerAdapter.java:926) ~[spring-webmvc-6.1.10.jar:6.1.10]
	at org.springframework.web.servlet.mvc.method.annotation.RequestMappingHandlerAdapter.handleInternal(RequestMappingHandlerAdapter.java:831) ~[spring-webmvc-6.1.10.jar:6.1.10]
	at org.springframework.web.servlet.mvc.method.AbstractHandlerMethodAdapter.handle(AbstractHandlerMethodAdapter.java:87) ~[spring-webmvc-6.1.10.jar:6.1.10]
	at org.springframework.web.servlet.DispatcherServlet.doDispatch(DispatcherServlet.java:1089) ~[spring-webmvc-6.1.10.jar:6.1.10]
	at org.springframework.web.servlet.DispatcherServlet.doService(DispatcherServlet.java:979) ~[spring-webmvc-6.1.10.jar:6.1.10]
	at org.springframework.web.servlet.FrameworkServlet.processRequest(FrameworkServlet.java:1014) ~[spring-webmvc-6.1.10.jar:6.1.10]
	at org.springframework.web.servlet.FrameworkServlet.doPost(FrameworkServlet.java:914) ~[spring-webmvc-6.1.10.jar:6.1.10]
	at jakarta.servlet.http.HttpServlet.service(HttpServlet.java:590) ~[tomcat-embed-core-10.1.25.jar:6.0]
	at org.springframework.web.servlet.FrameworkServlet.service(FrameworkServlet.java:885) ~[spring-webmvc-6.1.10.jar:6.1.10]
	at jakarta.servlet.http.HttpServlet.service(HttpServlet.java:658) ~[tomcat-embed-core-10.1.25.jar:6.0]
	at org.apache.catalina.core.ApplicationFilterChain.internalDoFilter(ApplicationFilterChain.java:195) ~[tomcat-embed-core-10.1.25.jar:10.1.25]
	at org.apache.catalina.core.ApplicationFilterChain.doFilter(ApplicationFilterChain.java:140) ~[tomcat-embed-core-10.1.25.jar:10.1.25]
	at org.apache.tomcat.websocket.server.WsFilter.doFilter(WsFilter.java:51) ~[tomcat-embed-websocket-10.1.25.jar:10.1.25]
	at org.apache.catalina.core.ApplicationFilterChain.internalDoFilter(ApplicationFilterChain.java:164) ~[tomcat-embed-core-10.1.25.jar:10.1.25]
	at org.apache.catalina.core.ApplicationFilterChain.doFilter(ApplicationFilterChain.java:140) ~[tomcat-embed-core-10.1.25.jar:10.1.25]
	at org.springframework.web.filter.CompositeFilter$VirtualFilterChain.doFilter(CompositeFilter.java:108) ~[spring-web-6.1.10.jar:6.1.10]
	at org.springframework.security.web.FilterChainProxy.lambda$doFilterInternal$3(FilterChainProxy.java:231) ~[spring-security-web-6.3.1.jar:6.3.1]
	at org.springframework.security.web.FilterChainProxy$VirtualFilterChain.doFilter(FilterChainProxy.java:365) ~[spring-security-web-6.3.1.jar:6.3.1]
	at org.springframework.security.web.access.intercept.AuthorizationFilter.doFilter(AuthorizationFilter.java:100) ~[spring-security-web-6.3.1.jar:6.3.1]
	at org.springframework.security.web.FilterChainProxy$VirtualFilterChain.doFilter(FilterChainProxy.java:374) ~[spring-security-web-6.3.1.jar:6.3.1]
	at org.springframework.security.web.access.ExceptionTranslationFilter.doFilter(ExceptionTranslationFilter.java:126) ~[spring-security-web-6.3.1.jar:6.3.1]
	at org.springframework.security.web.access.ExceptionTranslationFilter.doFilter(ExceptionTranslationFilter.java:120) ~[spring-security-web-6.3.1.jar:6.3.1]
	at org.springframework.security.web.FilterChainProxy$VirtualFilterChain.doFilter(FilterChainProxy.java:374) ~[spring-security-web-6.3.1.jar:6.3.1]
	at org.springframework.security.web.session.SessionManagementFilter.doFilter(SessionManagementFilter.java:131) ~[spring-security-web-6.3.1.jar:6.3.1]
	at org.springframework.security.web.session.SessionManagementFilter.doFilter(SessionManagementFilter.java:85) ~[spring-security-web-6.3.1.jar:6.3.1]
	at org.springframework.security.web.FilterChainProxy$VirtualFilterChain.doFilter(FilterChainProxy.java:374) ~[spring-security-web-6.3.1.jar:6.3.1]
	at org.springframework.security.web.authentication.AnonymousAuthenticationFilter.doFilter(AnonymousAuthenticationFilter.java:100) ~[spring-security-web-6.3.1.jar:6.3.1]
	at org.springframework.security.web.FilterChainProxy$VirtualFilterChain.doFilter(FilterChainProxy.java:374) ~[spring-security-web-6.3.1.jar:6.3.1]
	at org.springframework.security.web.servletapi.SecurityContextHolderAwareRequestFilter.doFilter(SecurityContextHolderAwareRequestFilter.java:179) ~[spring-security-web-6.3.1.jar:6.3.1]
	at org.springframework.security.web.FilterChainProxy$VirtualFilterChain.doFilter(FilterChainProxy.java:374) ~[spring-security-web-6.3.1.jar:6.3.1]
	at org.springframework.security.web.savedrequest.RequestCacheAwareFilter.doFilter(RequestCacheAwareFilter.java:63) ~[spring-security-web-6.3.1.jar:6.3.1]
	at org.springframework.security.web.FilterChainProxy$VirtualFilterChain.doFilter(FilterChainProxy.java:374) ~[spring-security-web-6.3.1.jar:6.3.1]
	at org.springframework.security.oauth2.server.resource.web.authentication.BearerTokenAuthenticationFilter.doFilterInternal(BearerTokenAuthenticationFilter.java:145) ~[spring-security-oauth2-resource-server-6.3.1.jar:6.3.1]
	at org.springframework.web.filter.OncePerRequestFilter.doFilter(OncePerRequestFilter.java:116) ~[spring-web-6.1.10.jar:6.1.10]
	at org.springframework.security.web.FilterChainProxy$VirtualFilterChain.doFilter(FilterChainProxy.java:374) ~[spring-security-web-6.3.1.jar:6.3.1]
	at org.springframework.security.web.authentication.ui.DefaultLogoutPageGeneratingFilter.doFilterInternal(DefaultLogoutPageGeneratingFilter.java:58) ~[spring-security-web-6.3.1.jar:6.3.1]
	at org.springframework.web.filter.OncePerRequestFilter.doFilter(OncePerRequestFilter.java:116) ~[spring-web-6.1.10.jar:6.1.10]
	at org.springframework.security.web.FilterChainProxy$VirtualFilterChain.doFilter(FilterChainProxy.java:374) ~[spring-security-web-6.3.1.jar:6.3.1]
	at org.springframework.security.web.authentication.ui.DefaultLoginPageGeneratingFilter.doFilter(DefaultLoginPageGeneratingFilter.java:189) ~[spring-security-web-6.3.1.jar:6.3.1]
	at org.springframework.security.web.authentication.ui.DefaultLoginPageGeneratingFilter.doFilter(DefaultLoginPageGeneratingFilter.java:175) ~[spring-security-web-6.3.1.jar:6.3.1]
	at org.springframework.security.web.FilterChainProxy$VirtualFilterChain.doFilter(FilterChainProxy.java:374) ~[spring-security-web-6.3.1.jar:6.3.1]
	at org.springframework.security.web.authentication.AbstractAuthenticationProcessingFilter.doFilter(AbstractAuthenticationProcessingFilter.java:227) ~[spring-security-web-6.3.1.jar:6.3.1]
	at org.springframework.security.web.authentication.AbstractAuthenticationProcessingFilter.doFilter(AbstractAuthenticationProcessingFilter.java:221) ~[spring-security-web-6.3.1.jar:6.3.1]
	at org.springframework.security.web.FilterChainProxy$VirtualFilterChain.doFilter(FilterChainProxy.java:374) ~[spring-security-web-6.3.1.jar:6.3.1]
	at org.springframework.security.oauth2.client.web.OAuth2AuthorizationRequestRedirectFilter.doFilterInternal(OAuth2AuthorizationRequestRedirectFilter.java:198) ~[spring-security-oauth2-client-6.3.1.jar:6.3.1]
	at org.springframework.web.filter.OncePerRequestFilter.doFilter(OncePerRequestFilter.java:116) ~[spring-web-6.1.10.jar:6.1.10]
	at org.springframework.security.web.FilterChainProxy$VirtualFilterChain.doFilter(FilterChainProxy.java:374) ~[spring-security-web-6.3.1.jar:6.3.1]
	at org.springframework.security.web.authentication.logout.LogoutFilter.doFilter(LogoutFilter.java:107) ~[spring-security-web-6.3.1.jar:6.3.1]
	at org.springframework.security.web.authentication.logout.LogoutFilter.doFilter(LogoutFilter.java:93) ~[spring-security-web-6.3.1.jar:6.3.1]
	at org.springframework.security.web.FilterChainProxy$VirtualFilterChain.doFilter(FilterChainProxy.java:374) ~[spring-security-web-6.3.1.jar:6.3.1]
	at org.springframework.web.filter.CorsFilter.doFilterInternal(CorsFilter.java:91) ~[spring-web-6.1.10.jar:6.1.10]
	at org.springframework.web.filter.OncePerRequestFilter.doFilter(OncePerRequestFilter.java:116) ~[spring-web-6.1.10.jar:6.1.10]
	at org.springframework.security.web.FilterChainProxy$VirtualFilterChain.doFilter(FilterChainProxy.java:374) ~[spring-security-web-6.3.1.jar:6.3.1]
	at org.springframework.security.web.header.HeaderWriterFilter.doHeadersAfter(HeaderWriterFilter.java:90) ~[spring-security-web-6.3.1.jar:6.3.1]
	at org.springframework.security.web.header.HeaderWriterFilter.doFilterInternal(HeaderWriterFilter.java:75) ~[spring-security-web-6.3.1.jar:6.3.1]
	at org.springframework.web.filter.OncePerRequestFilter.doFilter(OncePerRequestFilter.java:116) ~[spring-web-6.1.10.jar:6.1.10]
	at org.springframework.security.web.FilterChainProxy$VirtualFilterChain.doFilter(FilterChainProxy.java:374) ~[spring-security-web-6.3.1.jar:6.3.1]
	at org.springframework.security.web.context.SecurityContextHolderFilter.doFilter(SecurityContextHolderFilter.java:82) ~[spring-security-web-6.3.1.jar:6.3.1]
	at org.springframework.security.web.context.SecurityContextHolderFilter.doFilter(SecurityContextHolderFilter.java:69) ~[spring-security-web-6.3.1.jar:6.3.1]
	at org.springframework.security.web.FilterChainProxy$VirtualFilterChain.doFilter(FilterChainProxy.java:374) ~[spring-security-web-6.3.1.jar:6.3.1]
	at org.springframework.security.web.context.request.async.WebAsyncManagerIntegrationFilter.doFilterInternal(WebAsyncManagerIntegrationFilter.java:62) ~[spring-security-web-6.3.1.jar:6.3.1]
	at org.springframework.web.filter.OncePerRequestFilter.doFilter(OncePerRequestFilter.java:116) ~[spring-web-6.1.10.jar:6.1.10]
	at org.springframework.security.web.FilterChainProxy$VirtualFilterChain.doFilter(FilterChainProxy.java:374) ~[spring-security-web-6.3.1.jar:6.3.1]
	at org.springframework.security.web.session.DisableEncodeUrlFilter.doFilterInternal(DisableEncodeUrlFilter.java:42) ~[spring-security-web-6.3.1.jar:6.3.1]
	at org.springframework.web.filter.OncePerRequestFilter.doFilter(OncePerRequestFilter.java:116) ~[spring-web-6.1.10.jar:6.1.10]
	at org.springframework.security.web.FilterChainProxy$VirtualFilterChain.doFilter(FilterChainProxy.java:374) ~[spring-security-web-6.3.1.jar:6.3.1]
	at org.springframework.security.web.FilterChainProxy.doFilterInternal(FilterChainProxy.java:233) ~[spring-security-web-6.3.1.jar:6.3.1]
	at org.springframework.security.web.FilterChainProxy.doFilter(FilterChainProxy.java:191) ~[spring-security-web-6.3.1.jar:6.3.1]
	at org.springframework.web.filter.CompositeFilter$VirtualFilterChain.doFilter(CompositeFilter.java:113) ~[spring-web-6.1.10.jar:6.1.10]
	at org.springframework.web.servlet.handler.HandlerMappingIntrospector.lambda$createCacheFilter$3(HandlerMappingIntrospector.java:195) ~[spring-webmvc-6.1.10.jar:6.1.10]
	at org.springframework.web.filter.CompositeFilter$VirtualFilterChain.doFilter(CompositeFilter.java:113) ~[spring-web-6.1.10.jar:6.1.10]
	at org.springframework.web.filter.CompositeFilter.doFilter(CompositeFilter.java:74) ~[spring-web-6.1.10.jar:6.1.10]
	at org.springframework.security.config.annotation.web.configuration.WebMvcSecurityConfiguration$CompositeFilterChainProxy.doFilter(WebMvcSecurityConfiguration.java:230) ~[spring-security-config-6.3.1.jar:6.3.1]
	at org.springframework.web.filter.DelegatingFilterProxy.invokeDelegate(DelegatingFilterProxy.java:352) ~[spring-web-6.1.10.jar:6.1.10]
	at org.springframework.web.filter.DelegatingFilterProxy.doFilter(DelegatingFilterProxy.java:268) ~[spring-web-6.1.10.jar:6.1.10]
	at org.apache.catalina.core.ApplicationFilterChain.internalDoFilter(ApplicationFilterChain.java:164) ~[tomcat-embed-core-10.1.25.jar:10.1.25]
	at org.apache.catalina.core.ApplicationFilterChain.doFilter(ApplicationFilterChain.java:140) ~[tomcat-embed-core-10.1.25.jar:10.1.25]
	at org.springframework.web.filter.RequestContextFilter.doFilterInternal(RequestContextFilter.java:100) ~[spring-web-6.1.10.jar:6.1.10]
	at org.springframework.web.filter.OncePerRequestFilter.doFilter(OncePerRequestFilter.java:116) ~[spring-web-6.1.10.jar:6.1.10]
	at org.apache.catalina.core.ApplicationFilterChain.internalDoFilter(ApplicationFilterChain.java:164) ~[tomcat-embed-core-10.1.25.jar:10.1.25]
	at org.apache.catalina.core.ApplicationFilterChain.doFilter(ApplicationFilterChain.java:140) ~[tomcat-embed-core-10.1.25.jar:10.1.25]
	at org.springframework.web.filter.FormContentFilter.doFilterInternal(FormContentFilter.java:93) ~[spring-web-6.1.10.jar:6.1.10]
	at org.springframework.web.filter.OncePerRequestFilter.doFilter(OncePerRequestFilter.java:116) ~[spring-web-6.1.10.jar:6.1.10]
	at org.apache.catalina.core.ApplicationFilterChain.internalDoFilter(ApplicationFilterChain.java:164) ~[tomcat-embed-core-10.1.25.jar:10.1.25]
	at org.apache.catalina.core.ApplicationFilterChain.doFilter(ApplicationFilterChain.java:140) ~[tomcat-embed-core-10.1.25.jar:10.1.25]
	at org.springframework.web.filter.CharacterEncodingFilter.doFilterInternal(CharacterEncodingFilter.java:201) ~[spring-web-6.1.10.jar:6.1.10]
	at org.springframework.web.filter.OncePerRequestFilter.doFilter(OncePerRequestFilter.java:116) ~[spring-web-6.1.10.jar:6.1.10]
	at org.apache.catalina.core.ApplicationFilterChain.internalDoFilter(ApplicationFilterChain.java:164) ~[tomcat-embed-core-10.1.25.jar:10.1.25]
	at org.apache.catalina.core.ApplicationFilterChain.doFilter(ApplicationFilterChain.java:140) ~[tomcat-embed-core-10.1.25.jar:10.1.25]
	at org.apache.catalina.core.StandardWrapperValve.invoke(StandardWrapperValve.java:167) ~[tomcat-embed-core-10.1.25.jar:10.1.25]
	at org.apache.catalina.core.StandardContextValve.invoke(StandardContextValve.java:90) ~[tomcat-embed-core-10.1.25.jar:10.1.25]
	at org.apache.catalina.authenticator.AuthenticatorBase.invoke(AuthenticatorBase.java:482) ~[tomcat-embed-core-10.1.25.jar:10.1.25]
	at org.apache.catalina.core.StandardHostValve.invoke(StandardHostValve.java:115) ~[tomcat-embed-core-10.1.25.jar:10.1.25]
	at org.apache.catalina.valves.ErrorReportValve.invoke(ErrorReportValve.java:93) ~[tomcat-embed-core-10.1.25.jar:10.1.25]
	at org.apache.catalina.core.StandardEngineValve.invoke(StandardEngineValve.java:74) ~[tomcat-embed-core-10.1.25.jar:10.1.25]
	at org.apache.catalina.connector.CoyoteAdapter.service(CoyoteAdapter.java:344) ~[tomcat-embed-core-10.1.25.jar:10.1.25]
	at org.apache.coyote.http11.Http11Processor.service(Http11Processor.java:389) ~[tomcat-embed-core-10.1.25.jar:10.1.25]
	at org.apache.coyote.AbstractProcessorLight.process(AbstractProcessorLight.java:63) ~[tomcat-embed-core-10.1.25.jar:10.1.25]
	at org.apache.coyote.AbstractProtocol$ConnectionHandler.process(AbstractProtocol.java:904) ~[tomcat-embed-core-10.1.25.jar:10.1.25]
	at org.apache.tomcat.util.net.NioEndpoint$SocketProcessor.doRun(NioEndpoint.java:1741) ~[tomcat-embed-core-10.1.25.jar:10.1.25]
	at org.apache.tomcat.util.net.SocketProcessorBase.run(SocketProcessorBase.java:52) ~[tomcat-embed-core-10.1.25.jar:10.1.25]
	at org.apache.tomcat.util.threads.ThreadPoolExecutor.runWorker(ThreadPoolExecutor.java:1190) ~[tomcat-embed-core-10.1.25.jar:10.1.25]
	at org.apache.tomcat.util.threads.ThreadPoolExecutor$Worker.run(ThreadPoolExecutor.java:659) ~[tomcat-embed-core-10.1.25.jar:10.1.25]
	at org.apache.tomcat.util.threads.TaskThread$WrappingRunnable.run(TaskThread.java:63) ~[tomcat-embed-core-10.1.25.jar:10.1.25]
	at java.base/java.lang.Thread.run(Thread.java:842) ~[na:na]

2024-08-22T15:35:37.033-07:00  INFO 8867 --- [person] [SpringApplicationShutdownHook] j.LocalContainerEntityManagerFactoryBean : Closing JPA EntityManagerFactory for persistence unit 'default'
2024-08-22T15:35:37.066-07:00  INFO 8867 --- [person] [SpringApplicationShutdownHook] com.zaxxer.hikari.HikariDataSource       : HikariPool-1 - Shutdown initiated...
2024-08-22T15:35:37.076-07:00  INFO 8867 --- [person] [SpringApplicationShutdownHook] com.zaxxer.hikari.HikariDataSource       : HikariPool-1 - Shutdown completed.
2024-08-22T15:37:05.812-07:00  INFO 9267 --- [person] [main] b.i.diplom.person.PersonApplication      : Starting PersonApplication using Java 17.0.11 with PID 9267 (/Users/mihail/Documents/free-party/party-web/project-manager/person/target/classes started by mihail in /Users/mihail/Documents/free-party/party-web/project-manager)
2024-08-22T15:37:05.816-07:00  INFO 9267 --- [person] [main] b.i.diplom.person.PersonApplication      : No active profile set, falling back to 1 default profile: "default"
2024-08-22T15:37:06.761-07:00  INFO 9267 --- [person] [main] .s.d.r.c.RepositoryConfigurationDelegate : Multiple Spring Data modules found, entering strict repository configuration mode
2024-08-22T15:37:06.762-07:00  INFO 9267 --- [person] [main] .s.d.r.c.RepositoryConfigurationDelegate : Bootstrapping Spring Data Redis repositories in DEFAULT mode.
2024-08-22T15:37:06.799-07:00  INFO 9267 --- [person] [main] .s.d.r.c.RepositoryConfigurationDelegate : Finished Spring Data repository scanning in 6 ms. Found 0 Redis repository interfaces.
2024-08-22T15:37:06.813-07:00  INFO 9267 --- [person] [main] .s.d.r.c.RepositoryConfigurationDelegate : Multiple Spring Data modules found, entering strict repository configuration mode
2024-08-22T15:37:06.813-07:00  INFO 9267 --- [person] [main] .s.d.r.c.RepositoryConfigurationDelegate : Bootstrapping Spring Data JPA repositories in DEFAULT mode.
2024-08-22T15:37:07.150-07:00  INFO 9267 --- [person] [main] .s.d.r.c.RepositoryConfigurationDelegate : Finished Spring Data repository scanning in 331 ms. Found 16 JPA repository interfaces.
2024-08-22T15:37:07.626-07:00  INFO 9267 --- [person] [main] .s.d.r.c.RepositoryConfigurationDelegate : Multiple Spring Data modules found, entering strict repository configuration mode
2024-08-22T15:37:07.626-07:00  INFO 9267 --- [person] [main] .s.d.r.c.RepositoryConfigurationDelegate : Bootstrapping Spring Data Redis repositories in DEFAULT mode.
2024-08-22T15:37:07.640-07:00  INFO 9267 --- [person] [main] .s.d.r.c.RepositoryConfigurationDelegate : Finished Spring Data repository scanning in 13 ms. Found 0 Redis repository interfaces.
2024-08-22T15:37:08.714-07:00  INFO 9267 --- [person] [main] o.s.b.w.embedded.tomcat.TomcatWebServer  : Tomcat initialized with port 8081 (http)
2024-08-22T15:37:08.731-07:00  INFO 9267 --- [person] [main] o.apache.catalina.core.StandardService   : Starting service [Tomcat]
2024-08-22T15:37:08.732-07:00  INFO 9267 --- [person] [main] o.apache.catalina.core.StandardEngine    : Starting Servlet engine: [Apache Tomcat/10.1.25]
2024-08-22T15:37:08.832-07:00  INFO 9267 --- [person] [main] o.a.c.c.C.[Tomcat].[localhost].[/]       : Initializing Spring embedded WebApplicationContext
2024-08-22T15:37:08.833-07:00  INFO 9267 --- [person] [main] w.s.c.ServletWebServerApplicationContext : Root WebApplicationContext: initialization completed in 2942 ms
2024-08-22T15:37:09.165-07:00  INFO 9267 --- [person] [main] o.hibernate.jpa.internal.util.LogHelper  : HHH000204: Processing PersistenceUnitInfo [name: default]
2024-08-22T15:37:09.260-07:00  INFO 9267 --- [person] [main] org.hibernate.Version                    : HHH000412: Hibernate ORM core version 6.5.2.Final
2024-08-22T15:37:09.308-07:00  INFO 9267 --- [person] [main] o.h.c.internal.RegionFactoryInitiator    : HHH000026: Second-level cache disabled
2024-08-22T15:37:09.768-07:00  INFO 9267 --- [person] [main] o.s.o.j.p.SpringPersistenceUnitInfo      : No LoadTimeWeaver setup: ignoring JPA class transformer
2024-08-22T15:37:09.803-07:00  INFO 9267 --- [person] [main] com.zaxxer.hikari.HikariDataSource       : HikariPool-1 - Starting...
2024-08-22T15:37:09.925-07:00  INFO 9267 --- [person] [main] com.zaxxer.hikari.pool.HikariPool        : HikariPool-1 - Added connection org.postgresql.jdbc.PgConnection@6644bdf5
2024-08-22T15:37:09.927-07:00  INFO 9267 --- [person] [main] com.zaxxer.hikari.HikariDataSource       : HikariPool-1 - Start completed.
2024-08-22T15:37:11.809-07:00  INFO 9267 --- [person] [main] o.h.e.t.j.p.i.JtaPlatformInitiator       : HHH000489: No JTA platform available (set 'hibernate.transaction.jta.platform' to enable JTA platform integration)
2024-08-22T15:37:12.160-07:00  INFO 9267 --- [person] [main] j.LocalContainerEntityManagerFactoryBean : Initialized JPA EntityManagerFactory for persistence unit 'default'
2024-08-22T15:37:12.702-07:00  INFO 9267 --- [person] [main] o.s.d.j.r.query.QueryEnhancerFactory     : Hibernate is in classpath; If applicable, HQL parser will be used.
2024-08-22T15:37:14.226-07:00  WARN 9267 --- [person] [main] JpaBaseConfiguration$JpaWebConfiguration : spring.jpa.open-in-view is enabled by default. Therefore, database queries may be performed during view rendering. Explicitly configure spring.jpa.open-in-view to disable this warning
2024-08-22T15:37:16.007-07:00  INFO 9267 --- [person] [main] o.a.k.clients.admin.AdminClientConfig    : AdminClientConfig values: 
	auto.include.jmx.reporter = true
	bootstrap.controllers = []
	bootstrap.servers = [localhost:9092]
	client.dns.lookup = use_all_dns_ips
	client.id = person-admin-0
	connections.max.idle.ms = 300000
	default.api.timeout.ms = 60000
	enable.metrics.push = true
	metadata.max.age.ms = 300000
	metric.reporters = []
	metrics.num.samples = 2
	metrics.recording.level = INFO
	metrics.sample.window.ms = 30000
	receive.buffer.bytes = 65536
	reconnect.backoff.max.ms = 1000
	reconnect.backoff.ms = 50
	request.timeout.ms = 30000
	retries = 2147483647
	retry.backoff.max.ms = 1000
	retry.backoff.ms = 100
	sasl.client.callback.handler.class = null
	sasl.jaas.config = null
	sasl.kerberos.kinit.cmd = /usr/bin/kinit
	sasl.kerberos.min.time.before.relogin = 60000
	sasl.kerberos.service.name = null
	sasl.kerberos.ticket.renew.jitter = 0.05
	sasl.kerberos.ticket.renew.window.factor = 0.8
	sasl.login.callback.handler.class = null
	sasl.login.class = null
	sasl.login.connect.timeout.ms = null
	sasl.login.read.timeout.ms = null
	sasl.login.refresh.buffer.seconds = 300
	sasl.login.refresh.min.period.seconds = 60
	sasl.login.refresh.window.factor = 0.8
	sasl.login.refresh.window.jitter = 0.05
	sasl.login.retry.backoff.max.ms = 10000
	sasl.login.retry.backoff.ms = 100
	sasl.mechanism = GSSAPI
	sasl.oauthbearer.clock.skew.seconds = 30
	sasl.oauthbearer.expected.audience = null
	sasl.oauthbearer.expected.issuer = null
	sasl.oauthbearer.jwks.endpoint.refresh.ms = 3600000
	sasl.oauthbearer.jwks.endpoint.retry.backoff.max.ms = 10000
	sasl.oauthbearer.jwks.endpoint.retry.backoff.ms = 100
	sasl.oauthbearer.jwks.endpoint.url = null
	sasl.oauthbearer.scope.claim.name = scope
	sasl.oauthbearer.sub.claim.name = sub
	sasl.oauthbearer.token.endpoint.url = null
	security.protocol = PLAINTEXT
	security.providers = null
	send.buffer.bytes = 131072
	socket.connection.setup.timeout.max.ms = 30000
	socket.connection.setup.timeout.ms = 10000
	ssl.cipher.suites = null
	ssl.enabled.protocols = [TLSv1.2, TLSv1.3]
	ssl.endpoint.identification.algorithm = https
	ssl.engine.factory.class = null
	ssl.key.password = null
	ssl.keymanager.algorithm = SunX509
	ssl.keystore.certificate.chain = null
	ssl.keystore.key = null
	ssl.keystore.location = null
	ssl.keystore.password = null
	ssl.keystore.type = JKS
	ssl.protocol = TLSv1.3
	ssl.provider = null
	ssl.secure.random.implementation = null
	ssl.trustmanager.algorithm = PKIX
	ssl.truststore.certificates = null
	ssl.truststore.location = null
	ssl.truststore.password = null
	ssl.truststore.type = JKS

2024-08-22T15:37:16.120-07:00  INFO 9267 --- [person] [main] o.a.kafka.common.utils.AppInfoParser     : Kafka version: 3.7.0
2024-08-22T15:37:16.120-07:00  INFO 9267 --- [person] [main] o.a.kafka.common.utils.AppInfoParser     : Kafka commitId: 2ae524ed625438c5
2024-08-22T15:37:16.121-07:00  INFO 9267 --- [person] [main] o.a.kafka.common.utils.AppInfoParser     : Kafka startTimeMs: 1724366236118
2024-08-22T15:37:16.792-07:00  INFO 9267 --- [person] [kafka-admin-client-thread | person-admin-0] o.a.kafka.common.utils.AppInfoParser     : App info kafka.admin.client for person-admin-0 unregistered
2024-08-22T15:37:16.800-07:00  INFO 9267 --- [person] [kafka-admin-client-thread | person-admin-0] o.apache.kafka.common.metrics.Metrics    : Metrics scheduler closed
2024-08-22T15:37:16.800-07:00  INFO 9267 --- [person] [kafka-admin-client-thread | person-admin-0] o.apache.kafka.common.metrics.Metrics    : Closing reporter org.apache.kafka.common.metrics.JmxReporter
2024-08-22T15:37:16.800-07:00  INFO 9267 --- [person] [kafka-admin-client-thread | person-admin-0] o.apache.kafka.common.metrics.Metrics    : Metrics reporters closed
2024-08-22T15:37:16.820-07:00  INFO 9267 --- [person] [main] o.s.b.w.embedded.tomcat.TomcatWebServer  : Tomcat started on port 8081 (http) with context path '/'
2024-08-22T15:37:16.839-07:00  INFO 9267 --- [person] [main] b.i.diplom.person.PersonApplication      : Started PersonApplication in 11.838 seconds (process running for 12.64)
2024-08-22T15:37:46.822-07:00  INFO 9267 --- [person] [http-nio-8081-exec-2] o.a.c.c.C.[Tomcat].[localhost].[/]       : Initializing Spring DispatcherServlet 'dispatcherServlet'
2024-08-22T15:37:46.823-07:00  INFO 9267 --- [person] [http-nio-8081-exec-2] o.s.web.servlet.DispatcherServlet        : Initializing Servlet 'dispatcherServlet'
2024-08-22T15:37:46.825-07:00  INFO 9267 --- [person] [http-nio-8081-exec-2] o.s.web.servlet.DispatcherServlet        : Completed initialization in 2 ms
2024-08-22T15:37:47.604-07:00 ERROR 9267 --- [person] [http-nio-8081-exec-2] o.a.c.c.C.[.[.[/].[dispatcherServlet]    : Servlet.service() for servlet [dispatcherServlet] in context with path [] threw exception [Request processing failed: java.lang.IllegalArgumentException: type mot found] with root cause

java.lang.IllegalArgumentException: type mot found
	at by.intexsoft.diplom.person.service.PersonService.lambda$getPartyType$1(PersonService.java:82) ~[classes/:na]
	at java.base/java.util.Optional.orElseThrow(Optional.java:403) ~[na:na]
	at by.intexsoft.diplom.person.service.PersonService.getPartyType(PersonService.java:82) ~[classes/:na]
	at by.intexsoft.diplom.person.service.request.CrudPartyRequestService.processPartyCreating(CrudPartyRequestService.java:152) ~[classes/:na]
	at by.intexsoft.diplom.person.service.request.CrudPartyRequestService.createPartyRequest(CrudPartyRequestService.java:78) ~[classes/:na]
	at java.base/jdk.internal.reflect.NativeMethodAccessorImpl.invoke0(Native Method) ~[na:na]
	at java.base/jdk.internal.reflect.NativeMethodAccessorImpl.invoke(NativeMethodAccessorImpl.java:77) ~[na:na]
	at java.base/jdk.internal.reflect.DelegatingMethodAccessorImpl.invoke(DelegatingMethodAccessorImpl.java:43) ~[na:na]
	at java.base/java.lang.reflect.Method.invoke(Method.java:568) ~[na:na]
	at org.springframework.aop.support.AopUtils.invokeJoinpointUsingReflection(AopUtils.java:354) ~[spring-aop-6.1.10.jar:6.1.10]
	at org.springframework.aop.framework.ReflectiveMethodInvocation.invokeJoinpoint(ReflectiveMethodInvocation.java:196) ~[spring-aop-6.1.10.jar:6.1.10]
	at org.springframework.aop.framework.ReflectiveMethodInvocation.proceed(ReflectiveMethodInvocation.java:163) ~[spring-aop-6.1.10.jar:6.1.10]
	at org.springframework.aop.framework.CglibAopProxy$CglibMethodInvocation.proceed(CglibAopProxy.java:768) ~[spring-aop-6.1.10.jar:6.1.10]
	at org.springframework.transaction.interceptor.TransactionInterceptor$1.proceedWithInvocation(TransactionInterceptor.java:123) ~[spring-tx-6.1.10.jar:6.1.10]
	at org.springframework.transaction.interceptor.TransactionAspectSupport.invokeWithinTransaction(TransactionAspectSupport.java:392) ~[spring-tx-6.1.10.jar:6.1.10]
	at org.springframework.transaction.interceptor.TransactionInterceptor.invoke(TransactionInterceptor.java:119) ~[spring-tx-6.1.10.jar:6.1.10]
	at org.springframework.aop.framework.ReflectiveMethodInvocation.proceed(ReflectiveMethodInvocation.java:184) ~[spring-aop-6.1.10.jar:6.1.10]
	at org.springframework.aop.framework.CglibAopProxy$CglibMethodInvocation.proceed(CglibAopProxy.java:768) ~[spring-aop-6.1.10.jar:6.1.10]
	at org.springframework.aop.framework.CglibAopProxy$DynamicAdvisedInterceptor.intercept(CglibAopProxy.java:720) ~[spring-aop-6.1.10.jar:6.1.10]
	at by.intexsoft.diplom.person.service.request.CrudPartyRequestService$$SpringCGLIB$$0.createPartyRequest(<generated>) ~[classes/:na]
	at by.intexsoft.diplom.person.controller.OrganizerController.createParty(OrganizerController.java:29) ~[classes/:na]
	at java.base/jdk.internal.reflect.NativeMethodAccessorImpl.invoke0(Native Method) ~[na:na]
	at java.base/jdk.internal.reflect.NativeMethodAccessorImpl.invoke(NativeMethodAccessorImpl.java:77) ~[na:na]
	at java.base/jdk.internal.reflect.DelegatingMethodAccessorImpl.invoke(DelegatingMethodAccessorImpl.java:43) ~[na:na]
	at java.base/java.lang.reflect.Method.invoke(Method.java:568) ~[na:na]
	at org.springframework.web.method.support.InvocableHandlerMethod.doInvoke(InvocableHandlerMethod.java:255) ~[spring-web-6.1.10.jar:6.1.10]
	at org.springframework.web.method.support.InvocableHandlerMethod.invokeForRequest(InvocableHandlerMethod.java:188) ~[spring-web-6.1.10.jar:6.1.10]
	at org.springframework.web.servlet.mvc.method.annotation.ServletInvocableHandlerMethod.invokeAndHandle(ServletInvocableHandlerMethod.java:118) ~[spring-webmvc-6.1.10.jar:6.1.10]
	at org.springframework.web.servlet.mvc.method.annotation.RequestMappingHandlerAdapter.invokeHandlerMethod(RequestMappingHandlerAdapter.java:926) ~[spring-webmvc-6.1.10.jar:6.1.10]
	at org.springframework.web.servlet.mvc.method.annotation.RequestMappingHandlerAdapter.handleInternal(RequestMappingHandlerAdapter.java:831) ~[spring-webmvc-6.1.10.jar:6.1.10]
	at org.springframework.web.servlet.mvc.method.AbstractHandlerMethodAdapter.handle(AbstractHandlerMethodAdapter.java:87) ~[spring-webmvc-6.1.10.jar:6.1.10]
	at org.springframework.web.servlet.DispatcherServlet.doDispatch(DispatcherServlet.java:1089) ~[spring-webmvc-6.1.10.jar:6.1.10]
	at org.springframework.web.servlet.DispatcherServlet.doService(DispatcherServlet.java:979) ~[spring-webmvc-6.1.10.jar:6.1.10]
	at org.springframework.web.servlet.FrameworkServlet.processRequest(FrameworkServlet.java:1014) ~[spring-webmvc-6.1.10.jar:6.1.10]
	at org.springframework.web.servlet.FrameworkServlet.doPost(FrameworkServlet.java:914) ~[spring-webmvc-6.1.10.jar:6.1.10]
	at jakarta.servlet.http.HttpServlet.service(HttpServlet.java:590) ~[tomcat-embed-core-10.1.25.jar:6.0]
	at org.springframework.web.servlet.FrameworkServlet.service(FrameworkServlet.java:885) ~[spring-webmvc-6.1.10.jar:6.1.10]
	at jakarta.servlet.http.HttpServlet.service(HttpServlet.java:658) ~[tomcat-embed-core-10.1.25.jar:6.0]
	at org.apache.catalina.core.ApplicationFilterChain.internalDoFilter(ApplicationFilterChain.java:195) ~[tomcat-embed-core-10.1.25.jar:10.1.25]
	at org.apache.catalina.core.ApplicationFilterChain.doFilter(ApplicationFilterChain.java:140) ~[tomcat-embed-core-10.1.25.jar:10.1.25]
	at org.apache.tomcat.websocket.server.WsFilter.doFilter(WsFilter.java:51) ~[tomcat-embed-websocket-10.1.25.jar:10.1.25]
	at org.apache.catalina.core.ApplicationFilterChain.internalDoFilter(ApplicationFilterChain.java:164) ~[tomcat-embed-core-10.1.25.jar:10.1.25]
	at org.apache.catalina.core.ApplicationFilterChain.doFilter(ApplicationFilterChain.java:140) ~[tomcat-embed-core-10.1.25.jar:10.1.25]
	at org.springframework.web.filter.CompositeFilter$VirtualFilterChain.doFilter(CompositeFilter.java:108) ~[spring-web-6.1.10.jar:6.1.10]
	at org.springframework.security.web.FilterChainProxy.lambda$doFilterInternal$3(FilterChainProxy.java:231) ~[spring-security-web-6.3.1.jar:6.3.1]
	at org.springframework.security.web.FilterChainProxy$VirtualFilterChain.doFilter(FilterChainProxy.java:365) ~[spring-security-web-6.3.1.jar:6.3.1]
	at org.springframework.security.web.access.intercept.AuthorizationFilter.doFilter(AuthorizationFilter.java:100) ~[spring-security-web-6.3.1.jar:6.3.1]
	at org.springframework.security.web.FilterChainProxy$VirtualFilterChain.doFilter(FilterChainProxy.java:374) ~[spring-security-web-6.3.1.jar:6.3.1]
	at org.springframework.security.web.access.ExceptionTranslationFilter.doFilter(ExceptionTranslationFilter.java:126) ~[spring-security-web-6.3.1.jar:6.3.1]
	at org.springframework.security.web.access.ExceptionTranslationFilter.doFilter(ExceptionTranslationFilter.java:120) ~[spring-security-web-6.3.1.jar:6.3.1]
	at org.springframework.security.web.FilterChainProxy$VirtualFilterChain.doFilter(FilterChainProxy.java:374) ~[spring-security-web-6.3.1.jar:6.3.1]
	at org.springframework.security.web.session.SessionManagementFilter.doFilter(SessionManagementFilter.java:131) ~[spring-security-web-6.3.1.jar:6.3.1]
	at org.springframework.security.web.session.SessionManagementFilter.doFilter(SessionManagementFilter.java:85) ~[spring-security-web-6.3.1.jar:6.3.1]
	at org.springframework.security.web.FilterChainProxy$VirtualFilterChain.doFilter(FilterChainProxy.java:374) ~[spring-security-web-6.3.1.jar:6.3.1]
	at org.springframework.security.web.authentication.AnonymousAuthenticationFilter.doFilter(AnonymousAuthenticationFilter.java:100) ~[spring-security-web-6.3.1.jar:6.3.1]
	at org.springframework.security.web.FilterChainProxy$VirtualFilterChain.doFilter(FilterChainProxy.java:374) ~[spring-security-web-6.3.1.jar:6.3.1]
	at org.springframework.security.web.servletapi.SecurityContextHolderAwareRequestFilter.doFilter(SecurityContextHolderAwareRequestFilter.java:179) ~[spring-security-web-6.3.1.jar:6.3.1]
	at org.springframework.security.web.FilterChainProxy$VirtualFilterChain.doFilter(FilterChainProxy.java:374) ~[spring-security-web-6.3.1.jar:6.3.1]
	at org.springframework.security.web.savedrequest.RequestCacheAwareFilter.doFilter(RequestCacheAwareFilter.java:63) ~[spring-security-web-6.3.1.jar:6.3.1]
	at org.springframework.security.web.FilterChainProxy$VirtualFilterChain.doFilter(FilterChainProxy.java:374) ~[spring-security-web-6.3.1.jar:6.3.1]
	at org.springframework.security.oauth2.server.resource.web.authentication.BearerTokenAuthenticationFilter.doFilterInternal(BearerTokenAuthenticationFilter.java:145) ~[spring-security-oauth2-resource-server-6.3.1.jar:6.3.1]
	at org.springframework.web.filter.OncePerRequestFilter.doFilter(OncePerRequestFilter.java:116) ~[spring-web-6.1.10.jar:6.1.10]
	at org.springframework.security.web.FilterChainProxy$VirtualFilterChain.doFilter(FilterChainProxy.java:374) ~[spring-security-web-6.3.1.jar:6.3.1]
	at org.springframework.security.web.authentication.ui.DefaultLogoutPageGeneratingFilter.doFilterInternal(DefaultLogoutPageGeneratingFilter.java:58) ~[spring-security-web-6.3.1.jar:6.3.1]
	at org.springframework.web.filter.OncePerRequestFilter.doFilter(OncePerRequestFilter.java:116) ~[spring-web-6.1.10.jar:6.1.10]
	at org.springframework.security.web.FilterChainProxy$VirtualFilterChain.doFilter(FilterChainProxy.java:374) ~[spring-security-web-6.3.1.jar:6.3.1]
	at org.springframework.security.web.authentication.ui.DefaultLoginPageGeneratingFilter.doFilter(DefaultLoginPageGeneratingFilter.java:189) ~[spring-security-web-6.3.1.jar:6.3.1]
	at org.springframework.security.web.authentication.ui.DefaultLoginPageGeneratingFilter.doFilter(DefaultLoginPageGeneratingFilter.java:175) ~[spring-security-web-6.3.1.jar:6.3.1]
	at org.springframework.security.web.FilterChainProxy$VirtualFilterChain.doFilter(FilterChainProxy.java:374) ~[spring-security-web-6.3.1.jar:6.3.1]
	at org.springframework.security.web.authentication.AbstractAuthenticationProcessingFilter.doFilter(AbstractAuthenticationProcessingFilter.java:227) ~[spring-security-web-6.3.1.jar:6.3.1]
	at org.springframework.security.web.authentication.AbstractAuthenticationProcessingFilter.doFilter(AbstractAuthenticationProcessingFilter.java:221) ~[spring-security-web-6.3.1.jar:6.3.1]
	at org.springframework.security.web.FilterChainProxy$VirtualFilterChain.doFilter(FilterChainProxy.java:374) ~[spring-security-web-6.3.1.jar:6.3.1]
	at org.springframework.security.oauth2.client.web.OAuth2AuthorizationRequestRedirectFilter.doFilterInternal(OAuth2AuthorizationRequestRedirectFilter.java:198) ~[spring-security-oauth2-client-6.3.1.jar:6.3.1]
	at org.springframework.web.filter.OncePerRequestFilter.doFilter(OncePerRequestFilter.java:116) ~[spring-web-6.1.10.jar:6.1.10]
	at org.springframework.security.web.FilterChainProxy$VirtualFilterChain.doFilter(FilterChainProxy.java:374) ~[spring-security-web-6.3.1.jar:6.3.1]
	at org.springframework.security.web.authentication.logout.LogoutFilter.doFilter(LogoutFilter.java:107) ~[spring-security-web-6.3.1.jar:6.3.1]
	at org.springframework.security.web.authentication.logout.LogoutFilter.doFilter(LogoutFilter.java:93) ~[spring-security-web-6.3.1.jar:6.3.1]
	at org.springframework.security.web.FilterChainProxy$VirtualFilterChain.doFilter(FilterChainProxy.java:374) ~[spring-security-web-6.3.1.jar:6.3.1]
	at org.springframework.web.filter.CorsFilter.doFilterInternal(CorsFilter.java:91) ~[spring-web-6.1.10.jar:6.1.10]
	at org.springframework.web.filter.OncePerRequestFilter.doFilter(OncePerRequestFilter.java:116) ~[spring-web-6.1.10.jar:6.1.10]
	at org.springframework.security.web.FilterChainProxy$VirtualFilterChain.doFilter(FilterChainProxy.java:374) ~[spring-security-web-6.3.1.jar:6.3.1]
	at org.springframework.security.web.header.HeaderWriterFilter.doHeadersAfter(HeaderWriterFilter.java:90) ~[spring-security-web-6.3.1.jar:6.3.1]
	at org.springframework.security.web.header.HeaderWriterFilter.doFilterInternal(HeaderWriterFilter.java:75) ~[spring-security-web-6.3.1.jar:6.3.1]
	at org.springframework.web.filter.OncePerRequestFilter.doFilter(OncePerRequestFilter.java:116) ~[spring-web-6.1.10.jar:6.1.10]
	at org.springframework.security.web.FilterChainProxy$VirtualFilterChain.doFilter(FilterChainProxy.java:374) ~[spring-security-web-6.3.1.jar:6.3.1]
	at org.springframework.security.web.context.SecurityContextHolderFilter.doFilter(SecurityContextHolderFilter.java:82) ~[spring-security-web-6.3.1.jar:6.3.1]
	at org.springframework.security.web.context.SecurityContextHolderFilter.doFilter(SecurityContextHolderFilter.java:69) ~[spring-security-web-6.3.1.jar:6.3.1]
	at org.springframework.security.web.FilterChainProxy$VirtualFilterChain.doFilter(FilterChainProxy.java:374) ~[spring-security-web-6.3.1.jar:6.3.1]
	at org.springframework.security.web.context.request.async.WebAsyncManagerIntegrationFilter.doFilterInternal(WebAsyncManagerIntegrationFilter.java:62) ~[spring-security-web-6.3.1.jar:6.3.1]
	at org.springframework.web.filter.OncePerRequestFilter.doFilter(OncePerRequestFilter.java:116) ~[spring-web-6.1.10.jar:6.1.10]
	at org.springframework.security.web.FilterChainProxy$VirtualFilterChain.doFilter(FilterChainProxy.java:374) ~[spring-security-web-6.3.1.jar:6.3.1]
	at org.springframework.security.web.session.DisableEncodeUrlFilter.doFilterInternal(DisableEncodeUrlFilter.java:42) ~[spring-security-web-6.3.1.jar:6.3.1]
	at org.springframework.web.filter.OncePerRequestFilter.doFilter(OncePerRequestFilter.java:116) ~[spring-web-6.1.10.jar:6.1.10]
	at org.springframework.security.web.FilterChainProxy$VirtualFilterChain.doFilter(FilterChainProxy.java:374) ~[spring-security-web-6.3.1.jar:6.3.1]
	at org.springframework.security.web.FilterChainProxy.doFilterInternal(FilterChainProxy.java:233) ~[spring-security-web-6.3.1.jar:6.3.1]
	at org.springframework.security.web.FilterChainProxy.doFilter(FilterChainProxy.java:191) ~[spring-security-web-6.3.1.jar:6.3.1]
	at org.springframework.web.filter.CompositeFilter$VirtualFilterChain.doFilter(CompositeFilter.java:113) ~[spring-web-6.1.10.jar:6.1.10]
	at org.springframework.web.servlet.handler.HandlerMappingIntrospector.lambda$createCacheFilter$3(HandlerMappingIntrospector.java:195) ~[spring-webmvc-6.1.10.jar:6.1.10]
	at org.springframework.web.filter.CompositeFilter$VirtualFilterChain.doFilter(CompositeFilter.java:113) ~[spring-web-6.1.10.jar:6.1.10]
	at org.springframework.web.filter.CompositeFilter.doFilter(CompositeFilter.java:74) ~[spring-web-6.1.10.jar:6.1.10]
	at org.springframework.security.config.annotation.web.configuration.WebMvcSecurityConfiguration$CompositeFilterChainProxy.doFilter(WebMvcSecurityConfiguration.java:230) ~[spring-security-config-6.3.1.jar:6.3.1]
	at org.springframework.web.filter.DelegatingFilterProxy.invokeDelegate(DelegatingFilterProxy.java:352) ~[spring-web-6.1.10.jar:6.1.10]
	at org.springframework.web.filter.DelegatingFilterProxy.doFilter(DelegatingFilterProxy.java:268) ~[spring-web-6.1.10.jar:6.1.10]
	at org.apache.catalina.core.ApplicationFilterChain.internalDoFilter(ApplicationFilterChain.java:164) ~[tomcat-embed-core-10.1.25.jar:10.1.25]
	at org.apache.catalina.core.ApplicationFilterChain.doFilter(ApplicationFilterChain.java:140) ~[tomcat-embed-core-10.1.25.jar:10.1.25]
	at org.springframework.web.filter.RequestContextFilter.doFilterInternal(RequestContextFilter.java:100) ~[spring-web-6.1.10.jar:6.1.10]
	at org.springframework.web.filter.OncePerRequestFilter.doFilter(OncePerRequestFilter.java:116) ~[spring-web-6.1.10.jar:6.1.10]
	at org.apache.catalina.core.ApplicationFilterChain.internalDoFilter(ApplicationFilterChain.java:164) ~[tomcat-embed-core-10.1.25.jar:10.1.25]
	at org.apache.catalina.core.ApplicationFilterChain.doFilter(ApplicationFilterChain.java:140) ~[tomcat-embed-core-10.1.25.jar:10.1.25]
	at org.springframework.web.filter.FormContentFilter.doFilterInternal(FormContentFilter.java:93) ~[spring-web-6.1.10.jar:6.1.10]
	at org.springframework.web.filter.OncePerRequestFilter.doFilter(OncePerRequestFilter.java:116) ~[spring-web-6.1.10.jar:6.1.10]
	at org.apache.catalina.core.ApplicationFilterChain.internalDoFilter(ApplicationFilterChain.java:164) ~[tomcat-embed-core-10.1.25.jar:10.1.25]
	at org.apache.catalina.core.ApplicationFilterChain.doFilter(ApplicationFilterChain.java:140) ~[tomcat-embed-core-10.1.25.jar:10.1.25]
	at org.springframework.web.filter.CharacterEncodingFilter.doFilterInternal(CharacterEncodingFilter.java:201) ~[spring-web-6.1.10.jar:6.1.10]
	at org.springframework.web.filter.OncePerRequestFilter.doFilter(OncePerRequestFilter.java:116) ~[spring-web-6.1.10.jar:6.1.10]
	at org.apache.catalina.core.ApplicationFilterChain.internalDoFilter(ApplicationFilterChain.java:164) ~[tomcat-embed-core-10.1.25.jar:10.1.25]
	at org.apache.catalina.core.ApplicationFilterChain.doFilter(ApplicationFilterChain.java:140) ~[tomcat-embed-core-10.1.25.jar:10.1.25]
	at org.apache.catalina.core.StandardWrapperValve.invoke(StandardWrapperValve.java:167) ~[tomcat-embed-core-10.1.25.jar:10.1.25]
	at org.apache.catalina.core.StandardContextValve.invoke(StandardContextValve.java:90) ~[tomcat-embed-core-10.1.25.jar:10.1.25]
	at org.apache.catalina.authenticator.AuthenticatorBase.invoke(AuthenticatorBase.java:482) ~[tomcat-embed-core-10.1.25.jar:10.1.25]
	at org.apache.catalina.core.StandardHostValve.invoke(StandardHostValve.java:115) ~[tomcat-embed-core-10.1.25.jar:10.1.25]
	at org.apache.catalina.valves.ErrorReportValve.invoke(ErrorReportValve.java:93) ~[tomcat-embed-core-10.1.25.jar:10.1.25]
	at org.apache.catalina.core.StandardEngineValve.invoke(StandardEngineValve.java:74) ~[tomcat-embed-core-10.1.25.jar:10.1.25]
	at org.apache.catalina.connector.CoyoteAdapter.service(CoyoteAdapter.java:344) ~[tomcat-embed-core-10.1.25.jar:10.1.25]
	at org.apache.coyote.http11.Http11Processor.service(Http11Processor.java:389) ~[tomcat-embed-core-10.1.25.jar:10.1.25]
	at org.apache.coyote.AbstractProcessorLight.process(AbstractProcessorLight.java:63) ~[tomcat-embed-core-10.1.25.jar:10.1.25]
	at org.apache.coyote.AbstractProtocol$ConnectionHandler.process(AbstractProtocol.java:904) ~[tomcat-embed-core-10.1.25.jar:10.1.25]
	at org.apache.tomcat.util.net.NioEndpoint$SocketProcessor.doRun(NioEndpoint.java:1741) ~[tomcat-embed-core-10.1.25.jar:10.1.25]
	at org.apache.tomcat.util.net.SocketProcessorBase.run(SocketProcessorBase.java:52) ~[tomcat-embed-core-10.1.25.jar:10.1.25]
	at org.apache.tomcat.util.threads.ThreadPoolExecutor.runWorker(ThreadPoolExecutor.java:1190) ~[tomcat-embed-core-10.1.25.jar:10.1.25]
	at org.apache.tomcat.util.threads.ThreadPoolExecutor$Worker.run(ThreadPoolExecutor.java:659) ~[tomcat-embed-core-10.1.25.jar:10.1.25]
	at org.apache.tomcat.util.threads.TaskThread$WrappingRunnable.run(TaskThread.java:63) ~[tomcat-embed-core-10.1.25.jar:10.1.25]
	at java.base/java.lang.Thread.run(Thread.java:842) ~[na:na]

2024-08-22T15:40:44.522-07:00  INFO 9267 --- [person] [SpringApplicationShutdownHook] j.LocalContainerEntityManagerFactoryBean : Closing JPA EntityManagerFactory for persistence unit 'default'
2024-08-22T15:40:44.548-07:00  INFO 9267 --- [person] [SpringApplicationShutdownHook] com.zaxxer.hikari.HikariDataSource       : HikariPool-1 - Shutdown initiated...
2024-08-22T15:40:44.557-07:00  INFO 9267 --- [person] [SpringApplicationShutdownHook] com.zaxxer.hikari.HikariDataSource       : HikariPool-1 - Shutdown completed.
2024-08-22T15:40:50.027-07:00  INFO 9399 --- [person] [main] b.i.diplom.person.PersonApplication      : Starting PersonApplication using Java 17.0.11 with PID 9399 (/Users/mihail/Documents/free-party/party-web/project-manager/person/target/classes started by mihail in /Users/mihail/Documents/free-party/party-web/project-manager)
2024-08-22T15:40:50.030-07:00  INFO 9399 --- [person] [main] b.i.diplom.person.PersonApplication      : No active profile set, falling back to 1 default profile: "default"
2024-08-22T15:40:50.930-07:00  INFO 9399 --- [person] [main] .s.d.r.c.RepositoryConfigurationDelegate : Multiple Spring Data modules found, entering strict repository configuration mode
2024-08-22T15:40:50.930-07:00  INFO 9399 --- [person] [main] .s.d.r.c.RepositoryConfigurationDelegate : Bootstrapping Spring Data Redis repositories in DEFAULT mode.
2024-08-22T15:40:50.960-07:00  INFO 9399 --- [person] [main] .s.d.r.c.RepositoryConfigurationDelegate : Finished Spring Data repository scanning in 6 ms. Found 0 Redis repository interfaces.
2024-08-22T15:40:50.972-07:00  INFO 9399 --- [person] [main] .s.d.r.c.RepositoryConfigurationDelegate : Multiple Spring Data modules found, entering strict repository configuration mode
2024-08-22T15:40:50.973-07:00  INFO 9399 --- [person] [main] .s.d.r.c.RepositoryConfigurationDelegate : Bootstrapping Spring Data JPA repositories in DEFAULT mode.
2024-08-22T15:40:51.290-07:00  INFO 9399 --- [person] [main] .s.d.r.c.RepositoryConfigurationDelegate : Finished Spring Data repository scanning in 312 ms. Found 16 JPA repository interfaces.
2024-08-22T15:40:51.637-07:00  INFO 9399 --- [person] [main] .s.d.r.c.RepositoryConfigurationDelegate : Multiple Spring Data modules found, entering strict repository configuration mode
2024-08-22T15:40:51.638-07:00  INFO 9399 --- [person] [main] .s.d.r.c.RepositoryConfigurationDelegate : Bootstrapping Spring Data Redis repositories in DEFAULT mode.
2024-08-22T15:40:51.652-07:00  INFO 9399 --- [person] [main] .s.d.r.c.RepositoryConfigurationDelegate : Finished Spring Data repository scanning in 13 ms. Found 0 Redis repository interfaces.
2024-08-22T15:40:52.631-07:00  INFO 9399 --- [person] [main] o.s.b.w.embedded.tomcat.TomcatWebServer  : Tomcat initialized with port 8081 (http)
2024-08-22T15:40:52.646-07:00  INFO 9399 --- [person] [main] o.apache.catalina.core.StandardService   : Starting service [Tomcat]
2024-08-22T15:40:52.647-07:00  INFO 9399 --- [person] [main] o.apache.catalina.core.StandardEngine    : Starting Servlet engine: [Apache Tomcat/10.1.25]
2024-08-22T15:40:52.735-07:00  INFO 9399 --- [person] [main] o.a.c.c.C.[Tomcat].[localhost].[/]       : Initializing Spring embedded WebApplicationContext
2024-08-22T15:40:52.736-07:00  INFO 9399 --- [person] [main] w.s.c.ServletWebServerApplicationContext : Root WebApplicationContext: initialization completed in 2639 ms
2024-08-22T15:40:53.034-07:00  INFO 9399 --- [person] [main] o.hibernate.jpa.internal.util.LogHelper  : HHH000204: Processing PersistenceUnitInfo [name: default]
2024-08-22T15:40:53.113-07:00  INFO 9399 --- [person] [main] org.hibernate.Version                    : HHH000412: Hibernate ORM core version 6.5.2.Final
2024-08-22T15:40:53.156-07:00  INFO 9399 --- [person] [main] o.h.c.internal.RegionFactoryInitiator    : HHH000026: Second-level cache disabled
2024-08-22T15:40:53.581-07:00  INFO 9399 --- [person] [main] o.s.o.j.p.SpringPersistenceUnitInfo      : No LoadTimeWeaver setup: ignoring JPA class transformer
2024-08-22T15:40:53.615-07:00  INFO 9399 --- [person] [main] com.zaxxer.hikari.HikariDataSource       : HikariPool-1 - Starting...
2024-08-22T15:40:53.743-07:00  INFO 9399 --- [person] [main] com.zaxxer.hikari.pool.HikariPool        : HikariPool-1 - Added connection org.postgresql.jdbc.PgConnection@3ea2f72e
2024-08-22T15:40:53.745-07:00  INFO 9399 --- [person] [main] com.zaxxer.hikari.HikariDataSource       : HikariPool-1 - Start completed.
2024-08-22T15:40:55.572-07:00  INFO 9399 --- [person] [main] o.h.e.t.j.p.i.JtaPlatformInitiator       : HHH000489: No JTA platform available (set 'hibernate.transaction.jta.platform' to enable JTA platform integration)
2024-08-22T15:40:55.908-07:00  INFO 9399 --- [person] [main] j.LocalContainerEntityManagerFactoryBean : Initialized JPA EntityManagerFactory for persistence unit 'default'
2024-08-22T15:40:56.430-07:00  INFO 9399 --- [person] [main] o.s.d.j.r.query.QueryEnhancerFactory     : Hibernate is in classpath; If applicable, HQL parser will be used.
2024-08-22T15:40:58.026-07:00  WARN 9399 --- [person] [main] JpaBaseConfiguration$JpaWebConfiguration : spring.jpa.open-in-view is enabled by default. Therefore, database queries may be performed during view rendering. Explicitly configure spring.jpa.open-in-view to disable this warning
2024-08-22T15:40:59.696-07:00  INFO 9399 --- [person] [main] o.a.k.clients.admin.AdminClientConfig    : AdminClientConfig values: 
	auto.include.jmx.reporter = true
	bootstrap.controllers = []
	bootstrap.servers = [localhost:9092]
	client.dns.lookup = use_all_dns_ips
	client.id = person-admin-0
	connections.max.idle.ms = 300000
	default.api.timeout.ms = 60000
	enable.metrics.push = true
	metadata.max.age.ms = 300000
	metric.reporters = []
	metrics.num.samples = 2
	metrics.recording.level = INFO
	metrics.sample.window.ms = 30000
	receive.buffer.bytes = 65536
	reconnect.backoff.max.ms = 1000
	reconnect.backoff.ms = 50
	request.timeout.ms = 30000
	retries = 2147483647
	retry.backoff.max.ms = 1000
	retry.backoff.ms = 100
	sasl.client.callback.handler.class = null
	sasl.jaas.config = null
	sasl.kerberos.kinit.cmd = /usr/bin/kinit
	sasl.kerberos.min.time.before.relogin = 60000
	sasl.kerberos.service.name = null
	sasl.kerberos.ticket.renew.jitter = 0.05
	sasl.kerberos.ticket.renew.window.factor = 0.8
	sasl.login.callback.handler.class = null
	sasl.login.class = null
	sasl.login.connect.timeout.ms = null
	sasl.login.read.timeout.ms = null
	sasl.login.refresh.buffer.seconds = 300
	sasl.login.refresh.min.period.seconds = 60
	sasl.login.refresh.window.factor = 0.8
	sasl.login.refresh.window.jitter = 0.05
	sasl.login.retry.backoff.max.ms = 10000
	sasl.login.retry.backoff.ms = 100
	sasl.mechanism = GSSAPI
	sasl.oauthbearer.clock.skew.seconds = 30
	sasl.oauthbearer.expected.audience = null
	sasl.oauthbearer.expected.issuer = null
	sasl.oauthbearer.jwks.endpoint.refresh.ms = 3600000
	sasl.oauthbearer.jwks.endpoint.retry.backoff.max.ms = 10000
	sasl.oauthbearer.jwks.endpoint.retry.backoff.ms = 100
	sasl.oauthbearer.jwks.endpoint.url = null
	sasl.oauthbearer.scope.claim.name = scope
	sasl.oauthbearer.sub.claim.name = sub
	sasl.oauthbearer.token.endpoint.url = null
	security.protocol = PLAINTEXT
	security.providers = null
	send.buffer.bytes = 131072
	socket.connection.setup.timeout.max.ms = 30000
	socket.connection.setup.timeout.ms = 10000
	ssl.cipher.suites = null
	ssl.enabled.protocols = [TLSv1.2, TLSv1.3]
	ssl.endpoint.identification.algorithm = https
	ssl.engine.factory.class = null
	ssl.key.password = null
	ssl.keymanager.algorithm = SunX509
	ssl.keystore.certificate.chain = null
	ssl.keystore.key = null
	ssl.keystore.location = null
	ssl.keystore.password = null
	ssl.keystore.type = JKS
	ssl.protocol = TLSv1.3
	ssl.provider = null
	ssl.secure.random.implementation = null
	ssl.trustmanager.algorithm = PKIX
	ssl.truststore.certificates = null
	ssl.truststore.location = null
	ssl.truststore.password = null
	ssl.truststore.type = JKS

2024-08-22T15:40:59.795-07:00  INFO 9399 --- [person] [main] o.a.kafka.common.utils.AppInfoParser     : Kafka version: 3.7.0
2024-08-22T15:40:59.796-07:00  INFO 9399 --- [person] [main] o.a.kafka.common.utils.AppInfoParser     : Kafka commitId: 2ae524ed625438c5
2024-08-22T15:40:59.796-07:00  INFO 9399 --- [person] [main] o.a.kafka.common.utils.AppInfoParser     : Kafka startTimeMs: 1724366459793
2024-08-22T15:41:00.397-07:00  INFO 9399 --- [person] [kafka-admin-client-thread | person-admin-0] o.a.kafka.common.utils.AppInfoParser     : App info kafka.admin.client for person-admin-0 unregistered
2024-08-22T15:41:00.404-07:00  INFO 9399 --- [person] [kafka-admin-client-thread | person-admin-0] o.apache.kafka.common.metrics.Metrics    : Metrics scheduler closed
2024-08-22T15:41:00.404-07:00  INFO 9399 --- [person] [kafka-admin-client-thread | person-admin-0] o.apache.kafka.common.metrics.Metrics    : Closing reporter org.apache.kafka.common.metrics.JmxReporter
2024-08-22T15:41:00.405-07:00  INFO 9399 --- [person] [kafka-admin-client-thread | person-admin-0] o.apache.kafka.common.metrics.Metrics    : Metrics reporters closed
2024-08-22T15:41:00.426-07:00  INFO 9399 --- [person] [main] o.s.b.w.embedded.tomcat.TomcatWebServer  : Tomcat started on port 8081 (http) with context path '/'
2024-08-22T15:41:00.439-07:00  INFO 9399 --- [person] [main] b.i.diplom.person.PersonApplication      : Started PersonApplication in 11.234 seconds (process running for 11.992)
2024-08-22T15:43:22.714-07:00  INFO 9399 --- [person] [http-nio-8081-exec-2] o.a.c.c.C.[Tomcat].[localhost].[/]       : Initializing Spring DispatcherServlet 'dispatcherServlet'
2024-08-22T15:43:22.717-07:00  INFO 9399 --- [person] [http-nio-8081-exec-2] o.s.web.servlet.DispatcherServlet        : Initializing Servlet 'dispatcherServlet'
2024-08-22T15:43:22.728-07:00  INFO 9399 --- [person] [http-nio-8081-exec-2] o.s.web.servlet.DispatcherServlet        : Completed initialization in 11 ms
2024-08-22T15:43:23.482-07:00  INFO 9399 --- [person] [http-nio-8081-exec-2] b.i.d.p.e.h.PersonExceptionsHandler      : cannot find party type
2024-08-22T15:43:32.353-07:00  INFO 9399 --- [person] [http-nio-8081-exec-4] b.i.d.p.e.h.PersonExceptionsHandler      : cannot find party type
2024-08-22T15:44:00.801-07:00 ERROR 9399 --- [person] [http-nio-8081-exec-8] o.a.c.c.C.[.[.[/].[dispatcherServlet]    : Servlet.service() for servlet [dispatcherServlet] in context with path [] threw exception [Request processing failed: java.lang.NullPointerException: Cannot invoke "String.substring(int, int)" because "field" is null] with root cause

java.lang.NullPointerException: Cannot invoke "String.substring(int, int)" because "field" is null
	at by.intexsoft.diplom.person.service.request.CrudPartyRequestService.normalizeStringField(CrudPartyRequestService.java:171) ~[classes/:na]
	at by.intexsoft.diplom.person.service.request.CrudPartyRequestService.processPartyCreating(CrudPartyRequestService.java:156) ~[classes/:na]
	at by.intexsoft.diplom.person.service.request.CrudPartyRequestService.createPartyRequest(CrudPartyRequestService.java:78) ~[classes/:na]
	at java.base/jdk.internal.reflect.NativeMethodAccessorImpl.invoke0(Native Method) ~[na:na]
	at java.base/jdk.internal.reflect.NativeMethodAccessorImpl.invoke(NativeMethodAccessorImpl.java:77) ~[na:na]
	at java.base/jdk.internal.reflect.DelegatingMethodAccessorImpl.invoke(DelegatingMethodAccessorImpl.java:43) ~[na:na]
	at java.base/java.lang.reflect.Method.invoke(Method.java:568) ~[na:na]
	at org.springframework.aop.support.AopUtils.invokeJoinpointUsingReflection(AopUtils.java:354) ~[spring-aop-6.1.10.jar:6.1.10]
	at org.springframework.aop.framework.ReflectiveMethodInvocation.invokeJoinpoint(ReflectiveMethodInvocation.java:196) ~[spring-aop-6.1.10.jar:6.1.10]
	at org.springframework.aop.framework.ReflectiveMethodInvocation.proceed(ReflectiveMethodInvocation.java:163) ~[spring-aop-6.1.10.jar:6.1.10]
	at org.springframework.aop.framework.CglibAopProxy$CglibMethodInvocation.proceed(CglibAopProxy.java:768) ~[spring-aop-6.1.10.jar:6.1.10]
	at org.springframework.transaction.interceptor.TransactionInterceptor$1.proceedWithInvocation(TransactionInterceptor.java:123) ~[spring-tx-6.1.10.jar:6.1.10]
	at org.springframework.transaction.interceptor.TransactionAspectSupport.invokeWithinTransaction(TransactionAspectSupport.java:392) ~[spring-tx-6.1.10.jar:6.1.10]
	at org.springframework.transaction.interceptor.TransactionInterceptor.invoke(TransactionInterceptor.java:119) ~[spring-tx-6.1.10.jar:6.1.10]
	at org.springframework.aop.framework.ReflectiveMethodInvocation.proceed(ReflectiveMethodInvocation.java:184) ~[spring-aop-6.1.10.jar:6.1.10]
	at org.springframework.aop.framework.CglibAopProxy$CglibMethodInvocation.proceed(CglibAopProxy.java:768) ~[spring-aop-6.1.10.jar:6.1.10]
	at org.springframework.aop.framework.CglibAopProxy$DynamicAdvisedInterceptor.intercept(CglibAopProxy.java:720) ~[spring-aop-6.1.10.jar:6.1.10]
	at by.intexsoft.diplom.person.service.request.CrudPartyRequestService$$SpringCGLIB$$0.createPartyRequest(<generated>) ~[classes/:na]
	at by.intexsoft.diplom.person.controller.OrganizerController.createParty(OrganizerController.java:29) ~[classes/:na]
	at java.base/jdk.internal.reflect.NativeMethodAccessorImpl.invoke0(Native Method) ~[na:na]
	at java.base/jdk.internal.reflect.NativeMethodAccessorImpl.invoke(NativeMethodAccessorImpl.java:77) ~[na:na]
	at java.base/jdk.internal.reflect.DelegatingMethodAccessorImpl.invoke(DelegatingMethodAccessorImpl.java:43) ~[na:na]
	at java.base/java.lang.reflect.Method.invoke(Method.java:568) ~[na:na]
	at org.springframework.web.method.support.InvocableHandlerMethod.doInvoke(InvocableHandlerMethod.java:255) ~[spring-web-6.1.10.jar:6.1.10]
	at org.springframework.web.method.support.InvocableHandlerMethod.invokeForRequest(InvocableHandlerMethod.java:188) ~[spring-web-6.1.10.jar:6.1.10]
	at org.springframework.web.servlet.mvc.method.annotation.ServletInvocableHandlerMethod.invokeAndHandle(ServletInvocableHandlerMethod.java:118) ~[spring-webmvc-6.1.10.jar:6.1.10]
	at org.springframework.web.servlet.mvc.method.annotation.RequestMappingHandlerAdapter.invokeHandlerMethod(RequestMappingHandlerAdapter.java:926) ~[spring-webmvc-6.1.10.jar:6.1.10]
	at org.springframework.web.servlet.mvc.method.annotation.RequestMappingHandlerAdapter.handleInternal(RequestMappingHandlerAdapter.java:831) ~[spring-webmvc-6.1.10.jar:6.1.10]
	at org.springframework.web.servlet.mvc.method.AbstractHandlerMethodAdapter.handle(AbstractHandlerMethodAdapter.java:87) ~[spring-webmvc-6.1.10.jar:6.1.10]
	at org.springframework.web.servlet.DispatcherServlet.doDispatch(DispatcherServlet.java:1089) ~[spring-webmvc-6.1.10.jar:6.1.10]
	at org.springframework.web.servlet.DispatcherServlet.doService(DispatcherServlet.java:979) ~[spring-webmvc-6.1.10.jar:6.1.10]
	at org.springframework.web.servlet.FrameworkServlet.processRequest(FrameworkServlet.java:1014) ~[spring-webmvc-6.1.10.jar:6.1.10]
	at org.springframework.web.servlet.FrameworkServlet.doPost(FrameworkServlet.java:914) ~[spring-webmvc-6.1.10.jar:6.1.10]
	at jakarta.servlet.http.HttpServlet.service(HttpServlet.java:590) ~[tomcat-embed-core-10.1.25.jar:6.0]
	at org.springframework.web.servlet.FrameworkServlet.service(FrameworkServlet.java:885) ~[spring-webmvc-6.1.10.jar:6.1.10]
	at jakarta.servlet.http.HttpServlet.service(HttpServlet.java:658) ~[tomcat-embed-core-10.1.25.jar:6.0]
	at org.apache.catalina.core.ApplicationFilterChain.internalDoFilter(ApplicationFilterChain.java:195) ~[tomcat-embed-core-10.1.25.jar:10.1.25]
	at org.apache.catalina.core.ApplicationFilterChain.doFilter(ApplicationFilterChain.java:140) ~[tomcat-embed-core-10.1.25.jar:10.1.25]
	at org.apache.tomcat.websocket.server.WsFilter.doFilter(WsFilter.java:51) ~[tomcat-embed-websocket-10.1.25.jar:10.1.25]
	at org.apache.catalina.core.ApplicationFilterChain.internalDoFilter(ApplicationFilterChain.java:164) ~[tomcat-embed-core-10.1.25.jar:10.1.25]
	at org.apache.catalina.core.ApplicationFilterChain.doFilter(ApplicationFilterChain.java:140) ~[tomcat-embed-core-10.1.25.jar:10.1.25]
	at org.springframework.web.filter.CompositeFilter$VirtualFilterChain.doFilter(CompositeFilter.java:108) ~[spring-web-6.1.10.jar:6.1.10]
	at org.springframework.security.web.FilterChainProxy.lambda$doFilterInternal$3(FilterChainProxy.java:231) ~[spring-security-web-6.3.1.jar:6.3.1]
	at org.springframework.security.web.FilterChainProxy$VirtualFilterChain.doFilter(FilterChainProxy.java:365) ~[spring-security-web-6.3.1.jar:6.3.1]
	at org.springframework.security.web.access.intercept.AuthorizationFilter.doFilter(AuthorizationFilter.java:100) ~[spring-security-web-6.3.1.jar:6.3.1]
	at org.springframework.security.web.FilterChainProxy$VirtualFilterChain.doFilter(FilterChainProxy.java:374) ~[spring-security-web-6.3.1.jar:6.3.1]
	at org.springframework.security.web.access.ExceptionTranslationFilter.doFilter(ExceptionTranslationFilter.java:126) ~[spring-security-web-6.3.1.jar:6.3.1]
	at org.springframework.security.web.access.ExceptionTranslationFilter.doFilter(ExceptionTranslationFilter.java:120) ~[spring-security-web-6.3.1.jar:6.3.1]
	at org.springframework.security.web.FilterChainProxy$VirtualFilterChain.doFilter(FilterChainProxy.java:374) ~[spring-security-web-6.3.1.jar:6.3.1]
	at org.springframework.security.web.session.SessionManagementFilter.doFilter(SessionManagementFilter.java:131) ~[spring-security-web-6.3.1.jar:6.3.1]
	at org.springframework.security.web.session.SessionManagementFilter.doFilter(SessionManagementFilter.java:85) ~[spring-security-web-6.3.1.jar:6.3.1]
	at org.springframework.security.web.FilterChainProxy$VirtualFilterChain.doFilter(FilterChainProxy.java:374) ~[spring-security-web-6.3.1.jar:6.3.1]
	at org.springframework.security.web.authentication.AnonymousAuthenticationFilter.doFilter(AnonymousAuthenticationFilter.java:100) ~[spring-security-web-6.3.1.jar:6.3.1]
	at org.springframework.security.web.FilterChainProxy$VirtualFilterChain.doFilter(FilterChainProxy.java:374) ~[spring-security-web-6.3.1.jar:6.3.1]
	at org.springframework.security.web.servletapi.SecurityContextHolderAwareRequestFilter.doFilter(SecurityContextHolderAwareRequestFilter.java:179) ~[spring-security-web-6.3.1.jar:6.3.1]
	at org.springframework.security.web.FilterChainProxy$VirtualFilterChain.doFilter(FilterChainProxy.java:374) ~[spring-security-web-6.3.1.jar:6.3.1]
	at org.springframework.security.web.savedrequest.RequestCacheAwareFilter.doFilter(RequestCacheAwareFilter.java:63) ~[spring-security-web-6.3.1.jar:6.3.1]
	at org.springframework.security.web.FilterChainProxy$VirtualFilterChain.doFilter(FilterChainProxy.java:374) ~[spring-security-web-6.3.1.jar:6.3.1]
	at org.springframework.security.oauth2.server.resource.web.authentication.BearerTokenAuthenticationFilter.doFilterInternal(BearerTokenAuthenticationFilter.java:145) ~[spring-security-oauth2-resource-server-6.3.1.jar:6.3.1]
	at org.springframework.web.filter.OncePerRequestFilter.doFilter(OncePerRequestFilter.java:116) ~[spring-web-6.1.10.jar:6.1.10]
	at org.springframework.security.web.FilterChainProxy$VirtualFilterChain.doFilter(FilterChainProxy.java:374) ~[spring-security-web-6.3.1.jar:6.3.1]
	at org.springframework.security.web.authentication.ui.DefaultLogoutPageGeneratingFilter.doFilterInternal(DefaultLogoutPageGeneratingFilter.java:58) ~[spring-security-web-6.3.1.jar:6.3.1]
	at org.springframework.web.filter.OncePerRequestFilter.doFilter(OncePerRequestFilter.java:116) ~[spring-web-6.1.10.jar:6.1.10]
	at org.springframework.security.web.FilterChainProxy$VirtualFilterChain.doFilter(FilterChainProxy.java:374) ~[spring-security-web-6.3.1.jar:6.3.1]
	at org.springframework.security.web.authentication.ui.DefaultLoginPageGeneratingFilter.doFilter(DefaultLoginPageGeneratingFilter.java:189) ~[spring-security-web-6.3.1.jar:6.3.1]
	at org.springframework.security.web.authentication.ui.DefaultLoginPageGeneratingFilter.doFilter(DefaultLoginPageGeneratingFilter.java:175) ~[spring-security-web-6.3.1.jar:6.3.1]
	at org.springframework.security.web.FilterChainProxy$VirtualFilterChain.doFilter(FilterChainProxy.java:374) ~[spring-security-web-6.3.1.jar:6.3.1]
	at org.springframework.security.web.authentication.AbstractAuthenticationProcessingFilter.doFilter(AbstractAuthenticationProcessingFilter.java:227) ~[spring-security-web-6.3.1.jar:6.3.1]
	at org.springframework.security.web.authentication.AbstractAuthenticationProcessingFilter.doFilter(AbstractAuthenticationProcessingFilter.java:221) ~[spring-security-web-6.3.1.jar:6.3.1]
	at org.springframework.security.web.FilterChainProxy$VirtualFilterChain.doFilter(FilterChainProxy.java:374) ~[spring-security-web-6.3.1.jar:6.3.1]
	at org.springframework.security.oauth2.client.web.OAuth2AuthorizationRequestRedirectFilter.doFilterInternal(OAuth2AuthorizationRequestRedirectFilter.java:198) ~[spring-security-oauth2-client-6.3.1.jar:6.3.1]
	at org.springframework.web.filter.OncePerRequestFilter.doFilter(OncePerRequestFilter.java:116) ~[spring-web-6.1.10.jar:6.1.10]
	at org.springframework.security.web.FilterChainProxy$VirtualFilterChain.doFilter(FilterChainProxy.java:374) ~[spring-security-web-6.3.1.jar:6.3.1]
	at org.springframework.security.web.authentication.logout.LogoutFilter.doFilter(LogoutFilter.java:107) ~[spring-security-web-6.3.1.jar:6.3.1]
	at org.springframework.security.web.authentication.logout.LogoutFilter.doFilter(LogoutFilter.java:93) ~[spring-security-web-6.3.1.jar:6.3.1]
	at org.springframework.security.web.FilterChainProxy$VirtualFilterChain.doFilter(FilterChainProxy.java:374) ~[spring-security-web-6.3.1.jar:6.3.1]
	at org.springframework.web.filter.CorsFilter.doFilterInternal(CorsFilter.java:91) ~[spring-web-6.1.10.jar:6.1.10]
	at org.springframework.web.filter.OncePerRequestFilter.doFilter(OncePerRequestFilter.java:116) ~[spring-web-6.1.10.jar:6.1.10]
	at org.springframework.security.web.FilterChainProxy$VirtualFilterChain.doFilter(FilterChainProxy.java:374) ~[spring-security-web-6.3.1.jar:6.3.1]
	at org.springframework.security.web.header.HeaderWriterFilter.doHeadersAfter(HeaderWriterFilter.java:90) ~[spring-security-web-6.3.1.jar:6.3.1]
	at org.springframework.security.web.header.HeaderWriterFilter.doFilterInternal(HeaderWriterFilter.java:75) ~[spring-security-web-6.3.1.jar:6.3.1]
	at org.springframework.web.filter.OncePerRequestFilter.doFilter(OncePerRequestFilter.java:116) ~[spring-web-6.1.10.jar:6.1.10]
	at org.springframework.security.web.FilterChainProxy$VirtualFilterChain.doFilter(FilterChainProxy.java:374) ~[spring-security-web-6.3.1.jar:6.3.1]
	at org.springframework.security.web.context.SecurityContextHolderFilter.doFilter(SecurityContextHolderFilter.java:82) ~[spring-security-web-6.3.1.jar:6.3.1]
	at org.springframework.security.web.context.SecurityContextHolderFilter.doFilter(SecurityContextHolderFilter.java:69) ~[spring-security-web-6.3.1.jar:6.3.1]
	at org.springframework.security.web.FilterChainProxy$VirtualFilterChain.doFilter(FilterChainProxy.java:374) ~[spring-security-web-6.3.1.jar:6.3.1]
	at org.springframework.security.web.context.request.async.WebAsyncManagerIntegrationFilter.doFilterInternal(WebAsyncManagerIntegrationFilter.java:62) ~[spring-security-web-6.3.1.jar:6.3.1]
	at org.springframework.web.filter.OncePerRequestFilter.doFilter(OncePerRequestFilter.java:116) ~[spring-web-6.1.10.jar:6.1.10]
	at org.springframework.security.web.FilterChainProxy$VirtualFilterChain.doFilter(FilterChainProxy.java:374) ~[spring-security-web-6.3.1.jar:6.3.1]
	at org.springframework.security.web.session.DisableEncodeUrlFilter.doFilterInternal(DisableEncodeUrlFilter.java:42) ~[spring-security-web-6.3.1.jar:6.3.1]
	at org.springframework.web.filter.OncePerRequestFilter.doFilter(OncePerRequestFilter.java:116) ~[spring-web-6.1.10.jar:6.1.10]
	at org.springframework.security.web.FilterChainProxy$VirtualFilterChain.doFilter(FilterChainProxy.java:374) ~[spring-security-web-6.3.1.jar:6.3.1]
	at org.springframework.security.web.FilterChainProxy.doFilterInternal(FilterChainProxy.java:233) ~[spring-security-web-6.3.1.jar:6.3.1]
	at org.springframework.security.web.FilterChainProxy.doFilter(FilterChainProxy.java:191) ~[spring-security-web-6.3.1.jar:6.3.1]
	at org.springframework.web.filter.CompositeFilter$VirtualFilterChain.doFilter(CompositeFilter.java:113) ~[spring-web-6.1.10.jar:6.1.10]
	at org.springframework.web.servlet.handler.HandlerMappingIntrospector.lambda$createCacheFilter$3(HandlerMappingIntrospector.java:195) ~[spring-webmvc-6.1.10.jar:6.1.10]
	at org.springframework.web.filter.CompositeFilter$VirtualFilterChain.doFilter(CompositeFilter.java:113) ~[spring-web-6.1.10.jar:6.1.10]
	at org.springframework.web.filter.CompositeFilter.doFilter(CompositeFilter.java:74) ~[spring-web-6.1.10.jar:6.1.10]
	at org.springframework.security.config.annotation.web.configuration.WebMvcSecurityConfiguration$CompositeFilterChainProxy.doFilter(WebMvcSecurityConfiguration.java:230) ~[spring-security-config-6.3.1.jar:6.3.1]
	at org.springframework.web.filter.DelegatingFilterProxy.invokeDelegate(DelegatingFilterProxy.java:352) ~[spring-web-6.1.10.jar:6.1.10]
	at org.springframework.web.filter.DelegatingFilterProxy.doFilter(DelegatingFilterProxy.java:268) ~[spring-web-6.1.10.jar:6.1.10]
	at org.apache.catalina.core.ApplicationFilterChain.internalDoFilter(ApplicationFilterChain.java:164) ~[tomcat-embed-core-10.1.25.jar:10.1.25]
	at org.apache.catalina.core.ApplicationFilterChain.doFilter(ApplicationFilterChain.java:140) ~[tomcat-embed-core-10.1.25.jar:10.1.25]
	at org.springframework.web.filter.RequestContextFilter.doFilterInternal(RequestContextFilter.java:100) ~[spring-web-6.1.10.jar:6.1.10]
	at org.springframework.web.filter.OncePerRequestFilter.doFilter(OncePerRequestFilter.java:116) ~[spring-web-6.1.10.jar:6.1.10]
	at org.apache.catalina.core.ApplicationFilterChain.internalDoFilter(ApplicationFilterChain.java:164) ~[tomcat-embed-core-10.1.25.jar:10.1.25]
	at org.apache.catalina.core.ApplicationFilterChain.doFilter(ApplicationFilterChain.java:140) ~[tomcat-embed-core-10.1.25.jar:10.1.25]
	at org.springframework.web.filter.FormContentFilter.doFilterInternal(FormContentFilter.java:93) ~[spring-web-6.1.10.jar:6.1.10]
	at org.springframework.web.filter.OncePerRequestFilter.doFilter(OncePerRequestFilter.java:116) ~[spring-web-6.1.10.jar:6.1.10]
	at org.apache.catalina.core.ApplicationFilterChain.internalDoFilter(ApplicationFilterChain.java:164) ~[tomcat-embed-core-10.1.25.jar:10.1.25]
	at org.apache.catalina.core.ApplicationFilterChain.doFilter(ApplicationFilterChain.java:140) ~[tomcat-embed-core-10.1.25.jar:10.1.25]
	at org.springframework.web.filter.CharacterEncodingFilter.doFilterInternal(CharacterEncodingFilter.java:201) ~[spring-web-6.1.10.jar:6.1.10]
	at org.springframework.web.filter.OncePerRequestFilter.doFilter(OncePerRequestFilter.java:116) ~[spring-web-6.1.10.jar:6.1.10]
	at org.apache.catalina.core.ApplicationFilterChain.internalDoFilter(ApplicationFilterChain.java:164) ~[tomcat-embed-core-10.1.25.jar:10.1.25]
	at org.apache.catalina.core.ApplicationFilterChain.doFilter(ApplicationFilterChain.java:140) ~[tomcat-embed-core-10.1.25.jar:10.1.25]
	at org.apache.catalina.core.StandardWrapperValve.invoke(StandardWrapperValve.java:167) ~[tomcat-embed-core-10.1.25.jar:10.1.25]
	at org.apache.catalina.core.StandardContextValve.invoke(StandardContextValve.java:90) ~[tomcat-embed-core-10.1.25.jar:10.1.25]
	at org.apache.catalina.authenticator.AuthenticatorBase.invoke(AuthenticatorBase.java:482) ~[tomcat-embed-core-10.1.25.jar:10.1.25]
	at org.apache.catalina.core.StandardHostValve.invoke(StandardHostValve.java:115) ~[tomcat-embed-core-10.1.25.jar:10.1.25]
	at org.apache.catalina.valves.ErrorReportValve.invoke(ErrorReportValve.java:93) ~[tomcat-embed-core-10.1.25.jar:10.1.25]
	at org.apache.catalina.core.StandardEngineValve.invoke(StandardEngineValve.java:74) ~[tomcat-embed-core-10.1.25.jar:10.1.25]
	at org.apache.catalina.connector.CoyoteAdapter.service(CoyoteAdapter.java:344) ~[tomcat-embed-core-10.1.25.jar:10.1.25]
	at org.apache.coyote.http11.Http11Processor.service(Http11Processor.java:389) ~[tomcat-embed-core-10.1.25.jar:10.1.25]
	at org.apache.coyote.AbstractProcessorLight.process(AbstractProcessorLight.java:63) ~[tomcat-embed-core-10.1.25.jar:10.1.25]
	at org.apache.coyote.AbstractProtocol$ConnectionHandler.process(AbstractProtocol.java:904) ~[tomcat-embed-core-10.1.25.jar:10.1.25]
	at org.apache.tomcat.util.net.NioEndpoint$SocketProcessor.doRun(NioEndpoint.java:1741) ~[tomcat-embed-core-10.1.25.jar:10.1.25]
	at org.apache.tomcat.util.net.SocketProcessorBase.run(SocketProcessorBase.java:52) ~[tomcat-embed-core-10.1.25.jar:10.1.25]
	at org.apache.tomcat.util.threads.ThreadPoolExecutor.runWorker(ThreadPoolExecutor.java:1190) ~[tomcat-embed-core-10.1.25.jar:10.1.25]
	at org.apache.tomcat.util.threads.ThreadPoolExecutor$Worker.run(ThreadPoolExecutor.java:659) ~[tomcat-embed-core-10.1.25.jar:10.1.25]
	at org.apache.tomcat.util.threads.TaskThread$WrappingRunnable.run(TaskThread.java:63) ~[tomcat-embed-core-10.1.25.jar:10.1.25]
	at java.base/java.lang.Thread.run(Thread.java:842) ~[na:na]

2024-08-22T15:44:58.179-07:00  INFO 9399 --- [person] [SpringApplicationShutdownHook] j.LocalContainerEntityManagerFactoryBean : Closing JPA EntityManagerFactory for persistence unit 'default'
2024-08-22T15:44:58.186-07:00  INFO 9399 --- [person] [SpringApplicationShutdownHook] com.zaxxer.hikari.HikariDataSource       : HikariPool-1 - Shutdown initiated...
2024-08-22T15:44:58.195-07:00  INFO 9399 --- [person] [SpringApplicationShutdownHook] com.zaxxer.hikari.HikariDataSource       : HikariPool-1 - Shutdown completed.
2024-08-22T15:45:03.297-07:00  INFO 9527 --- [person] [main] b.i.diplom.person.PersonApplication      : Starting PersonApplication using Java 17.0.11 with PID 9527 (/Users/mihail/Documents/free-party/party-web/project-manager/person/target/classes started by mihail in /Users/mihail/Documents/free-party/party-web/project-manager)
2024-08-22T15:45:03.301-07:00  INFO 9527 --- [person] [main] b.i.diplom.person.PersonApplication      : No active profile set, falling back to 1 default profile: "default"
2024-08-22T15:45:04.264-07:00  INFO 9527 --- [person] [main] .s.d.r.c.RepositoryConfigurationDelegate : Multiple Spring Data modules found, entering strict repository configuration mode
2024-08-22T15:45:04.264-07:00  INFO 9527 --- [person] [main] .s.d.r.c.RepositoryConfigurationDelegate : Bootstrapping Spring Data Redis repositories in DEFAULT mode.
2024-08-22T15:45:04.295-07:00  INFO 9527 --- [person] [main] .s.d.r.c.RepositoryConfigurationDelegate : Finished Spring Data repository scanning in 6 ms. Found 0 Redis repository interfaces.
2024-08-22T15:45:04.307-07:00  INFO 9527 --- [person] [main] .s.d.r.c.RepositoryConfigurationDelegate : Multiple Spring Data modules found, entering strict repository configuration mode
2024-08-22T15:45:04.308-07:00  INFO 9527 --- [person] [main] .s.d.r.c.RepositoryConfigurationDelegate : Bootstrapping Spring Data JPA repositories in DEFAULT mode.
2024-08-22T15:45:04.653-07:00  INFO 9527 --- [person] [main] .s.d.r.c.RepositoryConfigurationDelegate : Finished Spring Data repository scanning in 341 ms. Found 16 JPA repository interfaces.
2024-08-22T15:45:05.074-07:00  INFO 9527 --- [person] [main] .s.d.r.c.RepositoryConfigurationDelegate : Multiple Spring Data modules found, entering strict repository configuration mode
2024-08-22T15:45:05.075-07:00  INFO 9527 --- [person] [main] .s.d.r.c.RepositoryConfigurationDelegate : Bootstrapping Spring Data Redis repositories in DEFAULT mode.
2024-08-22T15:45:05.091-07:00  INFO 9527 --- [person] [main] .s.d.r.c.RepositoryConfigurationDelegate : Finished Spring Data repository scanning in 15 ms. Found 0 Redis repository interfaces.
2024-08-22T15:45:06.209-07:00  INFO 9527 --- [person] [main] o.s.b.w.embedded.tomcat.TomcatWebServer  : Tomcat initialized with port 8081 (http)
2024-08-22T15:45:06.224-07:00  INFO 9527 --- [person] [main] o.apache.catalina.core.StandardService   : Starting service [Tomcat]
2024-08-22T15:45:06.224-07:00  INFO 9527 --- [person] [main] o.apache.catalina.core.StandardEngine    : Starting Servlet engine: [Apache Tomcat/10.1.25]
2024-08-22T15:45:06.310-07:00  INFO 9527 --- [person] [main] o.a.c.c.C.[Tomcat].[localhost].[/]       : Initializing Spring embedded WebApplicationContext
2024-08-22T15:45:06.311-07:00  INFO 9527 --- [person] [main] w.s.c.ServletWebServerApplicationContext : Root WebApplicationContext: initialization completed in 2937 ms
2024-08-22T15:45:06.640-07:00  INFO 9527 --- [person] [main] o.hibernate.jpa.internal.util.LogHelper  : HHH000204: Processing PersistenceUnitInfo [name: default]
2024-08-22T15:45:06.719-07:00  INFO 9527 --- [person] [main] org.hibernate.Version                    : HHH000412: Hibernate ORM core version 6.5.2.Final
2024-08-22T15:45:06.761-07:00  INFO 9527 --- [person] [main] o.h.c.internal.RegionFactoryInitiator    : HHH000026: Second-level cache disabled
2024-08-22T15:45:07.188-07:00  INFO 9527 --- [person] [main] o.s.o.j.p.SpringPersistenceUnitInfo      : No LoadTimeWeaver setup: ignoring JPA class transformer
2024-08-22T15:45:07.220-07:00  INFO 9527 --- [person] [main] com.zaxxer.hikari.HikariDataSource       : HikariPool-1 - Starting...
2024-08-22T15:45:07.338-07:00  INFO 9527 --- [person] [main] com.zaxxer.hikari.pool.HikariPool        : HikariPool-1 - Added connection org.postgresql.jdbc.PgConnection@25e95af1
2024-08-22T15:45:07.340-07:00  INFO 9527 --- [person] [main] com.zaxxer.hikari.HikariDataSource       : HikariPool-1 - Start completed.
2024-08-22T15:45:09.165-07:00  INFO 9527 --- [person] [main] o.h.e.t.j.p.i.JtaPlatformInitiator       : HHH000489: No JTA platform available (set 'hibernate.transaction.jta.platform' to enable JTA platform integration)
2024-08-22T15:45:09.494-07:00  INFO 9527 --- [person] [main] j.LocalContainerEntityManagerFactoryBean : Initialized JPA EntityManagerFactory for persistence unit 'default'
2024-08-22T15:45:10.001-07:00  INFO 9527 --- [person] [main] o.s.d.j.r.query.QueryEnhancerFactory     : Hibernate is in classpath; If applicable, HQL parser will be used.
2024-08-22T15:45:11.432-07:00  WARN 9527 --- [person] [main] JpaBaseConfiguration$JpaWebConfiguration : spring.jpa.open-in-view is enabled by default. Therefore, database queries may be performed during view rendering. Explicitly configure spring.jpa.open-in-view to disable this warning
2024-08-22T15:45:13.035-07:00  INFO 9527 --- [person] [main] o.a.k.clients.admin.AdminClientConfig    : AdminClientConfig values: 
	auto.include.jmx.reporter = true
	bootstrap.controllers = []
	bootstrap.servers = [localhost:9092]
	client.dns.lookup = use_all_dns_ips
	client.id = person-admin-0
	connections.max.idle.ms = 300000
	default.api.timeout.ms = 60000
	enable.metrics.push = true
	metadata.max.age.ms = 300000
	metric.reporters = []
	metrics.num.samples = 2
	metrics.recording.level = INFO
	metrics.sample.window.ms = 30000
	receive.buffer.bytes = 65536
	reconnect.backoff.max.ms = 1000
	reconnect.backoff.ms = 50
	request.timeout.ms = 30000
	retries = 2147483647
	retry.backoff.max.ms = 1000
	retry.backoff.ms = 100
	sasl.client.callback.handler.class = null
	sasl.jaas.config = null
	sasl.kerberos.kinit.cmd = /usr/bin/kinit
	sasl.kerberos.min.time.before.relogin = 60000
	sasl.kerberos.service.name = null
	sasl.kerberos.ticket.renew.jitter = 0.05
	sasl.kerberos.ticket.renew.window.factor = 0.8
	sasl.login.callback.handler.class = null
	sasl.login.class = null
	sasl.login.connect.timeout.ms = null
	sasl.login.read.timeout.ms = null
	sasl.login.refresh.buffer.seconds = 300
	sasl.login.refresh.min.period.seconds = 60
	sasl.login.refresh.window.factor = 0.8
	sasl.login.refresh.window.jitter = 0.05
	sasl.login.retry.backoff.max.ms = 10000
	sasl.login.retry.backoff.ms = 100
	sasl.mechanism = GSSAPI
	sasl.oauthbearer.clock.skew.seconds = 30
	sasl.oauthbearer.expected.audience = null
	sasl.oauthbearer.expected.issuer = null
	sasl.oauthbearer.jwks.endpoint.refresh.ms = 3600000
	sasl.oauthbearer.jwks.endpoint.retry.backoff.max.ms = 10000
	sasl.oauthbearer.jwks.endpoint.retry.backoff.ms = 100
	sasl.oauthbearer.jwks.endpoint.url = null
	sasl.oauthbearer.scope.claim.name = scope
	sasl.oauthbearer.sub.claim.name = sub
	sasl.oauthbearer.token.endpoint.url = null
	security.protocol = PLAINTEXT
	security.providers = null
	send.buffer.bytes = 131072
	socket.connection.setup.timeout.max.ms = 30000
	socket.connection.setup.timeout.ms = 10000
	ssl.cipher.suites = null
	ssl.enabled.protocols = [TLSv1.2, TLSv1.3]
	ssl.endpoint.identification.algorithm = https
	ssl.engine.factory.class = null
	ssl.key.password = null
	ssl.keymanager.algorithm = SunX509
	ssl.keystore.certificate.chain = null
	ssl.keystore.key = null
	ssl.keystore.location = null
	ssl.keystore.password = null
	ssl.keystore.type = JKS
	ssl.protocol = TLSv1.3
	ssl.provider = null
	ssl.secure.random.implementation = null
	ssl.trustmanager.algorithm = PKIX
	ssl.truststore.certificates = null
	ssl.truststore.location = null
	ssl.truststore.password = null
	ssl.truststore.type = JKS

2024-08-22T15:45:13.136-07:00  INFO 9527 --- [person] [main] o.a.kafka.common.utils.AppInfoParser     : Kafka version: 3.7.0
2024-08-22T15:45:13.136-07:00  INFO 9527 --- [person] [main] o.a.kafka.common.utils.AppInfoParser     : Kafka commitId: 2ae524ed625438c5
2024-08-22T15:45:13.136-07:00  INFO 9527 --- [person] [main] o.a.kafka.common.utils.AppInfoParser     : Kafka startTimeMs: 1724366713134
2024-08-22T15:45:13.724-07:00  INFO 9527 --- [person] [kafka-admin-client-thread | person-admin-0] o.a.kafka.common.utils.AppInfoParser     : App info kafka.admin.client for person-admin-0 unregistered
2024-08-22T15:45:13.732-07:00  INFO 9527 --- [person] [kafka-admin-client-thread | person-admin-0] o.apache.kafka.common.metrics.Metrics    : Metrics scheduler closed
2024-08-22T15:45:13.732-07:00  INFO 9527 --- [person] [kafka-admin-client-thread | person-admin-0] o.apache.kafka.common.metrics.Metrics    : Closing reporter org.apache.kafka.common.metrics.JmxReporter
2024-08-22T15:45:13.733-07:00  INFO 9527 --- [person] [kafka-admin-client-thread | person-admin-0] o.apache.kafka.common.metrics.Metrics    : Metrics reporters closed
2024-08-22T15:45:13.756-07:00  INFO 9527 --- [person] [main] o.s.b.w.embedded.tomcat.TomcatWebServer  : Tomcat started on port 8081 (http) with context path '/'
2024-08-22T15:45:13.770-07:00  INFO 9527 --- [person] [main] b.i.diplom.person.PersonApplication      : Started PersonApplication in 11.232 seconds (process running for 11.977)
2024-08-22T15:45:36.595-07:00  INFO 9527 --- [person] [http-nio-8081-exec-2] o.a.c.c.C.[Tomcat].[localhost].[/]       : Initializing Spring DispatcherServlet 'dispatcherServlet'
2024-08-22T15:45:36.596-07:00  INFO 9527 --- [person] [http-nio-8081-exec-2] o.s.web.servlet.DispatcherServlet        : Initializing Servlet 'dispatcherServlet'
2024-08-22T15:45:36.598-07:00  INFO 9527 --- [person] [http-nio-8081-exec-2] o.s.web.servlet.DispatcherServlet        : Completed initialization in 2 ms
2024-08-22T15:45:37.334-07:00 ERROR 9527 --- [person] [http-nio-8081-exec-2] o.a.c.c.C.[.[.[/].[dispatcherServlet]    : Servlet.service() for servlet [dispatcherServlet] in context with path [] threw exception [Request processing failed: jakarta.validation.ConstraintViolationException: Validation failed for classes [by.intexsoft.diplom.common.model.party.PartyEntity] during persist time for groups [jakarta.validation.groups.Default, ]
List of constraint violations:[
	ConstraintViolationImpl{interpolatedMessage='field can't be empty', propertyPath=coordinates, rootBeanClass=class by.intexsoft.diplom.common.model.party.PartyEntity, messageTemplate='field can't be empty'}
]] with root cause

jakarta.validation.ConstraintViolationException: Validation failed for classes [by.intexsoft.diplom.common.model.party.PartyEntity] during persist time for groups [jakarta.validation.groups.Default, ]
List of constraint violations:[
	ConstraintViolationImpl{interpolatedMessage='field can't be empty', propertyPath=coordinates, rootBeanClass=class by.intexsoft.diplom.common.model.party.PartyEntity, messageTemplate='field can't be empty'}
]
	at org.hibernate.boot.beanvalidation.BeanValidationEventListener.validate(BeanValidationEventListener.java:151) ~[hibernate-core-6.5.2.Final.jar:6.5.2.Final]
	at org.hibernate.boot.beanvalidation.BeanValidationEventListener.onPreInsert(BeanValidationEventListener.java:81) ~[hibernate-core-6.5.2.Final.jar:6.5.2.Final]
	at org.hibernate.action.internal.EntityIdentityInsertAction.preInsert(EntityIdentityInsertAction.java:201) ~[hibernate-core-6.5.2.Final.jar:6.5.2.Final]
	at org.hibernate.action.internal.EntityIdentityInsertAction.execute(EntityIdentityInsertAction.java:79) ~[hibernate-core-6.5.2.Final.jar:6.5.2.Final]
	at org.hibernate.engine.spi.ActionQueue.execute(ActionQueue.java:670) ~[hibernate-core-6.5.2.Final.jar:6.5.2.Final]
	at org.hibernate.engine.spi.ActionQueue.addResolvedEntityInsertAction(ActionQueue.java:291) ~[hibernate-core-6.5.2.Final.jar:6.5.2.Final]
	at org.hibernate.engine.spi.ActionQueue.addInsertAction(ActionQueue.java:272) ~[hibernate-core-6.5.2.Final.jar:6.5.2.Final]
	at org.hibernate.engine.spi.ActionQueue.addAction(ActionQueue.java:322) ~[hibernate-core-6.5.2.Final.jar:6.5.2.Final]
	at org.hibernate.event.internal.AbstractSaveEventListener.addInsertAction(AbstractSaveEventListener.java:391) ~[hibernate-core-6.5.2.Final.jar:6.5.2.Final]
	at org.hibernate.event.internal.AbstractSaveEventListener.performSaveOrReplicate(AbstractSaveEventListener.java:305) ~[hibernate-core-6.5.2.Final.jar:6.5.2.Final]
	at org.hibernate.event.internal.AbstractSaveEventListener.performSave(AbstractSaveEventListener.java:224) ~[hibernate-core-6.5.2.Final.jar:6.5.2.Final]
	at org.hibernate.event.internal.AbstractSaveEventListener.saveWithGeneratedId(AbstractSaveEventListener.java:137) ~[hibernate-core-6.5.2.Final.jar:6.5.2.Final]
	at org.hibernate.event.internal.DefaultPersistEventListener.entityIsTransient(DefaultPersistEventListener.java:175) ~[hibernate-core-6.5.2.Final.jar:6.5.2.Final]
	at org.hibernate.event.internal.DefaultPersistEventListener.persist(DefaultPersistEventListener.java:93) ~[hibernate-core-6.5.2.Final.jar:6.5.2.Final]
	at org.hibernate.event.internal.DefaultPersistEventListener.onPersist(DefaultPersistEventListener.java:77) ~[hibernate-core-6.5.2.Final.jar:6.5.2.Final]
	at org.hibernate.event.internal.DefaultPersistEventListener.onPersist(DefaultPersistEventListener.java:54) ~[hibernate-core-6.5.2.Final.jar:6.5.2.Final]
	at org.hibernate.event.service.internal.EventListenerGroupImpl.fireEventOnEachListener(EventListenerGroupImpl.java:127) ~[hibernate-core-6.5.2.Final.jar:6.5.2.Final]
	at org.hibernate.internal.SessionImpl.firePersist(SessionImpl.java:757) ~[hibernate-core-6.5.2.Final.jar:6.5.2.Final]
	at org.hibernate.internal.SessionImpl.persist(SessionImpl.java:741) ~[hibernate-core-6.5.2.Final.jar:6.5.2.Final]
	at java.base/jdk.internal.reflect.NativeMethodAccessorImpl.invoke0(Native Method) ~[na:na]
	at java.base/jdk.internal.reflect.NativeMethodAccessorImpl.invoke(NativeMethodAccessorImpl.java:77) ~[na:na]
	at java.base/jdk.internal.reflect.DelegatingMethodAccessorImpl.invoke(DelegatingMethodAccessorImpl.java:43) ~[na:na]
	at java.base/java.lang.reflect.Method.invoke(Method.java:568) ~[na:na]
	at org.springframework.orm.jpa.ExtendedEntityManagerCreator$ExtendedEntityManagerInvocationHandler.invoke(ExtendedEntityManagerCreator.java:364) ~[spring-orm-6.1.10.jar:6.1.10]
	at jdk.proxy2/jdk.proxy2.$Proxy156.persist(Unknown Source) ~[na:na]
	at java.base/jdk.internal.reflect.NativeMethodAccessorImpl.invoke0(Native Method) ~[na:na]
	at java.base/jdk.internal.reflect.NativeMethodAccessorImpl.invoke(NativeMethodAccessorImpl.java:77) ~[na:na]
	at java.base/jdk.internal.reflect.DelegatingMethodAccessorImpl.invoke(DelegatingMethodAccessorImpl.java:43) ~[na:na]
	at java.base/java.lang.reflect.Method.invoke(Method.java:568) ~[na:na]
	at org.springframework.orm.jpa.SharedEntityManagerCreator$SharedEntityManagerInvocationHandler.invoke(SharedEntityManagerCreator.java:319) ~[spring-orm-6.1.10.jar:6.1.10]
	at jdk.proxy2/jdk.proxy2.$Proxy156.persist(Unknown Source) ~[na:na]
	at org.springframework.data.jpa.repository.support.SimpleJpaRepository.save(SimpleJpaRepository.java:629) ~[spring-data-jpa-3.3.1.jar:3.3.1]
	at java.base/jdk.internal.reflect.NativeMethodAccessorImpl.invoke0(Native Method) ~[na:na]
	at java.base/jdk.internal.reflect.NativeMethodAccessorImpl.invoke(NativeMethodAccessorImpl.java:77) ~[na:na]
	at java.base/jdk.internal.reflect.DelegatingMethodAccessorImpl.invoke(DelegatingMethodAccessorImpl.java:43) ~[na:na]
	at java.base/java.lang.reflect.Method.invoke(Method.java:568) ~[na:na]
	at org.springframework.aop.support.AopUtils.invokeJoinpointUsingReflection(AopUtils.java:354) ~[spring-aop-6.1.10.jar:6.1.10]
	at org.springframework.data.repository.core.support.RepositoryMethodInvoker$RepositoryFragmentMethodInvoker.lambda$new$0(RepositoryMethodInvoker.java:277) ~[spring-data-commons-3.3.1.jar:3.3.1]
	at org.springframework.data.repository.core.support.RepositoryMethodInvoker.doInvoke(RepositoryMethodInvoker.java:170) ~[spring-data-commons-3.3.1.jar:3.3.1]
	at org.springframework.data.repository.core.support.RepositoryMethodInvoker.invoke(RepositoryMethodInvoker.java:158) ~[spring-data-commons-3.3.1.jar:3.3.1]
	at org.springframework.data.repository.core.support.RepositoryComposition$RepositoryFragments.invoke(RepositoryComposition.java:516) ~[spring-data-commons-3.3.1.jar:3.3.1]
	at org.springframework.data.repository.core.support.RepositoryComposition.invoke(RepositoryComposition.java:285) ~[spring-data-commons-3.3.1.jar:3.3.1]
	at org.springframework.data.repository.core.support.RepositoryFactorySupport$ImplementationMethodExecutionInterceptor.invoke(RepositoryFactorySupport.java:628) ~[spring-data-commons-3.3.1.jar:3.3.1]
	at org.springframework.aop.framework.ReflectiveMethodInvocation.proceed(ReflectiveMethodInvocation.java:184) ~[spring-aop-6.1.10.jar:6.1.10]
	at org.springframework.data.repository.core.support.QueryExecutorMethodInterceptor.doInvoke(QueryExecutorMethodInterceptor.java:168) ~[spring-data-commons-3.3.1.jar:3.3.1]
	at org.springframework.data.repository.core.support.QueryExecutorMethodInterceptor.invoke(QueryExecutorMethodInterceptor.java:143) ~[spring-data-commons-3.3.1.jar:3.3.1]
	at org.springframework.aop.framework.ReflectiveMethodInvocation.proceed(ReflectiveMethodInvocation.java:184) ~[spring-aop-6.1.10.jar:6.1.10]
	at org.springframework.data.projection.DefaultMethodInvokingMethodInterceptor.invoke(DefaultMethodInvokingMethodInterceptor.java:70) ~[spring-data-commons-3.3.1.jar:3.3.1]
	at org.springframework.aop.framework.ReflectiveMethodInvocation.proceed(ReflectiveMethodInvocation.java:184) ~[spring-aop-6.1.10.jar:6.1.10]
	at org.springframework.transaction.interceptor.TransactionInterceptor$1.proceedWithInvocation(TransactionInterceptor.java:123) ~[spring-tx-6.1.10.jar:6.1.10]
	at org.springframework.transaction.interceptor.TransactionAspectSupport.invokeWithinTransaction(TransactionAspectSupport.java:392) ~[spring-tx-6.1.10.jar:6.1.10]
	at org.springframework.transaction.interceptor.TransactionInterceptor.invoke(TransactionInterceptor.java:119) ~[spring-tx-6.1.10.jar:6.1.10]
	at org.springframework.aop.framework.ReflectiveMethodInvocation.proceed(ReflectiveMethodInvocation.java:184) ~[spring-aop-6.1.10.jar:6.1.10]
	at org.springframework.dao.support.PersistenceExceptionTranslationInterceptor.invoke(PersistenceExceptionTranslationInterceptor.java:138) ~[spring-tx-6.1.10.jar:6.1.10]
	at org.springframework.aop.framework.ReflectiveMethodInvocation.proceed(ReflectiveMethodInvocation.java:184) ~[spring-aop-6.1.10.jar:6.1.10]
	at org.springframework.data.jpa.repository.support.CrudMethodMetadataPostProcessor$CrudMethodMetadataPopulatingMethodInterceptor.invoke(CrudMethodMetadataPostProcessor.java:165) ~[spring-data-jpa-3.3.1.jar:3.3.1]
	at org.springframework.aop.framework.ReflectiveMethodInvocation.proceed(ReflectiveMethodInvocation.java:184) ~[spring-aop-6.1.10.jar:6.1.10]
	at org.springframework.aop.interceptor.ExposeInvocationInterceptor.invoke(ExposeInvocationInterceptor.java:97) ~[spring-aop-6.1.10.jar:6.1.10]
	at org.springframework.aop.framework.ReflectiveMethodInvocation.proceed(ReflectiveMethodInvocation.java:184) ~[spring-aop-6.1.10.jar:6.1.10]
	at org.springframework.aop.framework.JdkDynamicAopProxy.invoke(JdkDynamicAopProxy.java:223) ~[spring-aop-6.1.10.jar:6.1.10]
	at jdk.proxy2/jdk.proxy2.$Proxy164.save(Unknown Source) ~[na:na]
	at by.intexsoft.diplom.person.service.request.CrudPartyRequestService.createPartyRequest(CrudPartyRequestService.java:80) ~[classes/:na]
	at java.base/jdk.internal.reflect.NativeMethodAccessorImpl.invoke0(Native Method) ~[na:na]
	at java.base/jdk.internal.reflect.NativeMethodAccessorImpl.invoke(NativeMethodAccessorImpl.java:77) ~[na:na]
	at java.base/jdk.internal.reflect.DelegatingMethodAccessorImpl.invoke(DelegatingMethodAccessorImpl.java:43) ~[na:na]
	at java.base/java.lang.reflect.Method.invoke(Method.java:568) ~[na:na]
	at org.springframework.aop.support.AopUtils.invokeJoinpointUsingReflection(AopUtils.java:354) ~[spring-aop-6.1.10.jar:6.1.10]
	at org.springframework.aop.framework.ReflectiveMethodInvocation.invokeJoinpoint(ReflectiveMethodInvocation.java:196) ~[spring-aop-6.1.10.jar:6.1.10]
	at org.springframework.aop.framework.ReflectiveMethodInvocation.proceed(ReflectiveMethodInvocation.java:163) ~[spring-aop-6.1.10.jar:6.1.10]
	at org.springframework.aop.framework.CglibAopProxy$CglibMethodInvocation.proceed(CglibAopProxy.java:768) ~[spring-aop-6.1.10.jar:6.1.10]
	at org.springframework.transaction.interceptor.TransactionInterceptor$1.proceedWithInvocation(TransactionInterceptor.java:123) ~[spring-tx-6.1.10.jar:6.1.10]
	at org.springframework.transaction.interceptor.TransactionAspectSupport.invokeWithinTransaction(TransactionAspectSupport.java:392) ~[spring-tx-6.1.10.jar:6.1.10]
	at org.springframework.transaction.interceptor.TransactionInterceptor.invoke(TransactionInterceptor.java:119) ~[spring-tx-6.1.10.jar:6.1.10]
	at org.springframework.aop.framework.ReflectiveMethodInvocation.proceed(ReflectiveMethodInvocation.java:184) ~[spring-aop-6.1.10.jar:6.1.10]
	at org.springframework.aop.framework.CglibAopProxy$CglibMethodInvocation.proceed(CglibAopProxy.java:768) ~[spring-aop-6.1.10.jar:6.1.10]
	at org.springframework.aop.framework.CglibAopProxy$DynamicAdvisedInterceptor.intercept(CglibAopProxy.java:720) ~[spring-aop-6.1.10.jar:6.1.10]
	at by.intexsoft.diplom.person.service.request.CrudPartyRequestService$$SpringCGLIB$$0.createPartyRequest(<generated>) ~[classes/:na]
	at by.intexsoft.diplom.person.controller.OrganizerController.createParty(OrganizerController.java:29) ~[classes/:na]
	at java.base/jdk.internal.reflect.NativeMethodAccessorImpl.invoke0(Native Method) ~[na:na]
	at java.base/jdk.internal.reflect.NativeMethodAccessorImpl.invoke(NativeMethodAccessorImpl.java:77) ~[na:na]
	at java.base/jdk.internal.reflect.DelegatingMethodAccessorImpl.invoke(DelegatingMethodAccessorImpl.java:43) ~[na:na]
	at java.base/java.lang.reflect.Method.invoke(Method.java:568) ~[na:na]
	at org.springframework.web.method.support.InvocableHandlerMethod.doInvoke(InvocableHandlerMethod.java:255) ~[spring-web-6.1.10.jar:6.1.10]
	at org.springframework.web.method.support.InvocableHandlerMethod.invokeForRequest(InvocableHandlerMethod.java:188) ~[spring-web-6.1.10.jar:6.1.10]
	at org.springframework.web.servlet.mvc.method.annotation.ServletInvocableHandlerMethod.invokeAndHandle(ServletInvocableHandlerMethod.java:118) ~[spring-webmvc-6.1.10.jar:6.1.10]
	at org.springframework.web.servlet.mvc.method.annotation.RequestMappingHandlerAdapter.invokeHandlerMethod(RequestMappingHandlerAdapter.java:926) ~[spring-webmvc-6.1.10.jar:6.1.10]
	at org.springframework.web.servlet.mvc.method.annotation.RequestMappingHandlerAdapter.handleInternal(RequestMappingHandlerAdapter.java:831) ~[spring-webmvc-6.1.10.jar:6.1.10]
	at org.springframework.web.servlet.mvc.method.AbstractHandlerMethodAdapter.handle(AbstractHandlerMethodAdapter.java:87) ~[spring-webmvc-6.1.10.jar:6.1.10]
	at org.springframework.web.servlet.DispatcherServlet.doDispatch(DispatcherServlet.java:1089) ~[spring-webmvc-6.1.10.jar:6.1.10]
	at org.springframework.web.servlet.DispatcherServlet.doService(DispatcherServlet.java:979) ~[spring-webmvc-6.1.10.jar:6.1.10]
	at org.springframework.web.servlet.FrameworkServlet.processRequest(FrameworkServlet.java:1014) ~[spring-webmvc-6.1.10.jar:6.1.10]
	at org.springframework.web.servlet.FrameworkServlet.doPost(FrameworkServlet.java:914) ~[spring-webmvc-6.1.10.jar:6.1.10]
	at jakarta.servlet.http.HttpServlet.service(HttpServlet.java:590) ~[tomcat-embed-core-10.1.25.jar:6.0]
	at org.springframework.web.servlet.FrameworkServlet.service(FrameworkServlet.java:885) ~[spring-webmvc-6.1.10.jar:6.1.10]
	at jakarta.servlet.http.HttpServlet.service(HttpServlet.java:658) ~[tomcat-embed-core-10.1.25.jar:6.0]
	at org.apache.catalina.core.ApplicationFilterChain.internalDoFilter(ApplicationFilterChain.java:195) ~[tomcat-embed-core-10.1.25.jar:10.1.25]
	at org.apache.catalina.core.ApplicationFilterChain.doFilter(ApplicationFilterChain.java:140) ~[tomcat-embed-core-10.1.25.jar:10.1.25]
	at org.apache.tomcat.websocket.server.WsFilter.doFilter(WsFilter.java:51) ~[tomcat-embed-websocket-10.1.25.jar:10.1.25]
	at org.apache.catalina.core.ApplicationFilterChain.internalDoFilter(ApplicationFilterChain.java:164) ~[tomcat-embed-core-10.1.25.jar:10.1.25]
	at org.apache.catalina.core.ApplicationFilterChain.doFilter(ApplicationFilterChain.java:140) ~[tomcat-embed-core-10.1.25.jar:10.1.25]
	at org.springframework.web.filter.CompositeFilter$VirtualFilterChain.doFilter(CompositeFilter.java:108) ~[spring-web-6.1.10.jar:6.1.10]
	at org.springframework.security.web.FilterChainProxy.lambda$doFilterInternal$3(FilterChainProxy.java:231) ~[spring-security-web-6.3.1.jar:6.3.1]
	at org.springframework.security.web.FilterChainProxy$VirtualFilterChain.doFilter(FilterChainProxy.java:365) ~[spring-security-web-6.3.1.jar:6.3.1]
	at org.springframework.security.web.access.intercept.AuthorizationFilter.doFilter(AuthorizationFilter.java:100) ~[spring-security-web-6.3.1.jar:6.3.1]
	at org.springframework.security.web.FilterChainProxy$VirtualFilterChain.doFilter(FilterChainProxy.java:374) ~[spring-security-web-6.3.1.jar:6.3.1]
	at org.springframework.security.web.access.ExceptionTranslationFilter.doFilter(ExceptionTranslationFilter.java:126) ~[spring-security-web-6.3.1.jar:6.3.1]
	at org.springframework.security.web.access.ExceptionTranslationFilter.doFilter(ExceptionTranslationFilter.java:120) ~[spring-security-web-6.3.1.jar:6.3.1]
	at org.springframework.security.web.FilterChainProxy$VirtualFilterChain.doFilter(FilterChainProxy.java:374) ~[spring-security-web-6.3.1.jar:6.3.1]
	at org.springframework.security.web.session.SessionManagementFilter.doFilter(SessionManagementFilter.java:131) ~[spring-security-web-6.3.1.jar:6.3.1]
	at org.springframework.security.web.session.SessionManagementFilter.doFilter(SessionManagementFilter.java:85) ~[spring-security-web-6.3.1.jar:6.3.1]
	at org.springframework.security.web.FilterChainProxy$VirtualFilterChain.doFilter(FilterChainProxy.java:374) ~[spring-security-web-6.3.1.jar:6.3.1]
	at org.springframework.security.web.authentication.AnonymousAuthenticationFilter.doFilter(AnonymousAuthenticationFilter.java:100) ~[spring-security-web-6.3.1.jar:6.3.1]
	at org.springframework.security.web.FilterChainProxy$VirtualFilterChain.doFilter(FilterChainProxy.java:374) ~[spring-security-web-6.3.1.jar:6.3.1]
	at org.springframework.security.web.servletapi.SecurityContextHolderAwareRequestFilter.doFilter(SecurityContextHolderAwareRequestFilter.java:179) ~[spring-security-web-6.3.1.jar:6.3.1]
	at org.springframework.security.web.FilterChainProxy$VirtualFilterChain.doFilter(FilterChainProxy.java:374) ~[spring-security-web-6.3.1.jar:6.3.1]
	at org.springframework.security.web.savedrequest.RequestCacheAwareFilter.doFilter(RequestCacheAwareFilter.java:63) ~[spring-security-web-6.3.1.jar:6.3.1]
	at org.springframework.security.web.FilterChainProxy$VirtualFilterChain.doFilter(FilterChainProxy.java:374) ~[spring-security-web-6.3.1.jar:6.3.1]
	at org.springframework.security.oauth2.server.resource.web.authentication.BearerTokenAuthenticationFilter.doFilterInternal(BearerTokenAuthenticationFilter.java:145) ~[spring-security-oauth2-resource-server-6.3.1.jar:6.3.1]
	at org.springframework.web.filter.OncePerRequestFilter.doFilter(OncePerRequestFilter.java:116) ~[spring-web-6.1.10.jar:6.1.10]
	at org.springframework.security.web.FilterChainProxy$VirtualFilterChain.doFilter(FilterChainProxy.java:374) ~[spring-security-web-6.3.1.jar:6.3.1]
	at org.springframework.security.web.authentication.ui.DefaultLogoutPageGeneratingFilter.doFilterInternal(DefaultLogoutPageGeneratingFilter.java:58) ~[spring-security-web-6.3.1.jar:6.3.1]
	at org.springframework.web.filter.OncePerRequestFilter.doFilter(OncePerRequestFilter.java:116) ~[spring-web-6.1.10.jar:6.1.10]
	at org.springframework.security.web.FilterChainProxy$VirtualFilterChain.doFilter(FilterChainProxy.java:374) ~[spring-security-web-6.3.1.jar:6.3.1]
	at org.springframework.security.web.authentication.ui.DefaultLoginPageGeneratingFilter.doFilter(DefaultLoginPageGeneratingFilter.java:189) ~[spring-security-web-6.3.1.jar:6.3.1]
	at org.springframework.security.web.authentication.ui.DefaultLoginPageGeneratingFilter.doFilter(DefaultLoginPageGeneratingFilter.java:175) ~[spring-security-web-6.3.1.jar:6.3.1]
	at org.springframework.security.web.FilterChainProxy$VirtualFilterChain.doFilter(FilterChainProxy.java:374) ~[spring-security-web-6.3.1.jar:6.3.1]
	at org.springframework.security.web.authentication.AbstractAuthenticationProcessingFilter.doFilter(AbstractAuthenticationProcessingFilter.java:227) ~[spring-security-web-6.3.1.jar:6.3.1]
	at org.springframework.security.web.authentication.AbstractAuthenticationProcessingFilter.doFilter(AbstractAuthenticationProcessingFilter.java:221) ~[spring-security-web-6.3.1.jar:6.3.1]
	at org.springframework.security.web.FilterChainProxy$VirtualFilterChain.doFilter(FilterChainProxy.java:374) ~[spring-security-web-6.3.1.jar:6.3.1]
	at org.springframework.security.oauth2.client.web.OAuth2AuthorizationRequestRedirectFilter.doFilterInternal(OAuth2AuthorizationRequestRedirectFilter.java:198) ~[spring-security-oauth2-client-6.3.1.jar:6.3.1]
	at org.springframework.web.filter.OncePerRequestFilter.doFilter(OncePerRequestFilter.java:116) ~[spring-web-6.1.10.jar:6.1.10]
	at org.springframework.security.web.FilterChainProxy$VirtualFilterChain.doFilter(FilterChainProxy.java:374) ~[spring-security-web-6.3.1.jar:6.3.1]
	at org.springframework.security.web.authentication.logout.LogoutFilter.doFilter(LogoutFilter.java:107) ~[spring-security-web-6.3.1.jar:6.3.1]
	at org.springframework.security.web.authentication.logout.LogoutFilter.doFilter(LogoutFilter.java:93) ~[spring-security-web-6.3.1.jar:6.3.1]
	at org.springframework.security.web.FilterChainProxy$VirtualFilterChain.doFilter(FilterChainProxy.java:374) ~[spring-security-web-6.3.1.jar:6.3.1]
	at org.springframework.web.filter.CorsFilter.doFilterInternal(CorsFilter.java:91) ~[spring-web-6.1.10.jar:6.1.10]
	at org.springframework.web.filter.OncePerRequestFilter.doFilter(OncePerRequestFilter.java:116) ~[spring-web-6.1.10.jar:6.1.10]
	at org.springframework.security.web.FilterChainProxy$VirtualFilterChain.doFilter(FilterChainProxy.java:374) ~[spring-security-web-6.3.1.jar:6.3.1]
	at org.springframework.security.web.header.HeaderWriterFilter.doHeadersAfter(HeaderWriterFilter.java:90) ~[spring-security-web-6.3.1.jar:6.3.1]
	at org.springframework.security.web.header.HeaderWriterFilter.doFilterInternal(HeaderWriterFilter.java:75) ~[spring-security-web-6.3.1.jar:6.3.1]
	at org.springframework.web.filter.OncePerRequestFilter.doFilter(OncePerRequestFilter.java:116) ~[spring-web-6.1.10.jar:6.1.10]
	at org.springframework.security.web.FilterChainProxy$VirtualFilterChain.doFilter(FilterChainProxy.java:374) ~[spring-security-web-6.3.1.jar:6.3.1]
	at org.springframework.security.web.context.SecurityContextHolderFilter.doFilter(SecurityContextHolderFilter.java:82) ~[spring-security-web-6.3.1.jar:6.3.1]
	at org.springframework.security.web.context.SecurityContextHolderFilter.doFilter(SecurityContextHolderFilter.java:69) ~[spring-security-web-6.3.1.jar:6.3.1]
	at org.springframework.security.web.FilterChainProxy$VirtualFilterChain.doFilter(FilterChainProxy.java:374) ~[spring-security-web-6.3.1.jar:6.3.1]
	at org.springframework.security.web.context.request.async.WebAsyncManagerIntegrationFilter.doFilterInternal(WebAsyncManagerIntegrationFilter.java:62) ~[spring-security-web-6.3.1.jar:6.3.1]
	at org.springframework.web.filter.OncePerRequestFilter.doFilter(OncePerRequestFilter.java:116) ~[spring-web-6.1.10.jar:6.1.10]
	at org.springframework.security.web.FilterChainProxy$VirtualFilterChain.doFilter(FilterChainProxy.java:374) ~[spring-security-web-6.3.1.jar:6.3.1]
	at org.springframework.security.web.session.DisableEncodeUrlFilter.doFilterInternal(DisableEncodeUrlFilter.java:42) ~[spring-security-web-6.3.1.jar:6.3.1]
	at org.springframework.web.filter.OncePerRequestFilter.doFilter(OncePerRequestFilter.java:116) ~[spring-web-6.1.10.jar:6.1.10]
	at org.springframework.security.web.FilterChainProxy$VirtualFilterChain.doFilter(FilterChainProxy.java:374) ~[spring-security-web-6.3.1.jar:6.3.1]
	at org.springframework.security.web.FilterChainProxy.doFilterInternal(FilterChainProxy.java:233) ~[spring-security-web-6.3.1.jar:6.3.1]
	at org.springframework.security.web.FilterChainProxy.doFilter(FilterChainProxy.java:191) ~[spring-security-web-6.3.1.jar:6.3.1]
	at org.springframework.web.filter.CompositeFilter$VirtualFilterChain.doFilter(CompositeFilter.java:113) ~[spring-web-6.1.10.jar:6.1.10]
	at org.springframework.web.servlet.handler.HandlerMappingIntrospector.lambda$createCacheFilter$3(HandlerMappingIntrospector.java:195) ~[spring-webmvc-6.1.10.jar:6.1.10]
	at org.springframework.web.filter.CompositeFilter$VirtualFilterChain.doFilter(CompositeFilter.java:113) ~[spring-web-6.1.10.jar:6.1.10]
	at org.springframework.web.filter.CompositeFilter.doFilter(CompositeFilter.java:74) ~[spring-web-6.1.10.jar:6.1.10]
	at org.springframework.security.config.annotation.web.configuration.WebMvcSecurityConfiguration$CompositeFilterChainProxy.doFilter(WebMvcSecurityConfiguration.java:230) ~[spring-security-config-6.3.1.jar:6.3.1]
	at org.springframework.web.filter.DelegatingFilterProxy.invokeDelegate(DelegatingFilterProxy.java:352) ~[spring-web-6.1.10.jar:6.1.10]
	at org.springframework.web.filter.DelegatingFilterProxy.doFilter(DelegatingFilterProxy.java:268) ~[spring-web-6.1.10.jar:6.1.10]
	at org.apache.catalina.core.ApplicationFilterChain.internalDoFilter(ApplicationFilterChain.java:164) ~[tomcat-embed-core-10.1.25.jar:10.1.25]
	at org.apache.catalina.core.ApplicationFilterChain.doFilter(ApplicationFilterChain.java:140) ~[tomcat-embed-core-10.1.25.jar:10.1.25]
	at org.springframework.web.filter.RequestContextFilter.doFilterInternal(RequestContextFilter.java:100) ~[spring-web-6.1.10.jar:6.1.10]
	at org.springframework.web.filter.OncePerRequestFilter.doFilter(OncePerRequestFilter.java:116) ~[spring-web-6.1.10.jar:6.1.10]
	at org.apache.catalina.core.ApplicationFilterChain.internalDoFilter(ApplicationFilterChain.java:164) ~[tomcat-embed-core-10.1.25.jar:10.1.25]
	at org.apache.catalina.core.ApplicationFilterChain.doFilter(ApplicationFilterChain.java:140) ~[tomcat-embed-core-10.1.25.jar:10.1.25]
	at org.springframework.web.filter.FormContentFilter.doFilterInternal(FormContentFilter.java:93) ~[spring-web-6.1.10.jar:6.1.10]
	at org.springframework.web.filter.OncePerRequestFilter.doFilter(OncePerRequestFilter.java:116) ~[spring-web-6.1.10.jar:6.1.10]
	at org.apache.catalina.core.ApplicationFilterChain.internalDoFilter(ApplicationFilterChain.java:164) ~[tomcat-embed-core-10.1.25.jar:10.1.25]
	at org.apache.catalina.core.ApplicationFilterChain.doFilter(ApplicationFilterChain.java:140) ~[tomcat-embed-core-10.1.25.jar:10.1.25]
	at org.springframework.web.filter.CharacterEncodingFilter.doFilterInternal(CharacterEncodingFilter.java:201) ~[spring-web-6.1.10.jar:6.1.10]
	at org.springframework.web.filter.OncePerRequestFilter.doFilter(OncePerRequestFilter.java:116) ~[spring-web-6.1.10.jar:6.1.10]
	at org.apache.catalina.core.ApplicationFilterChain.internalDoFilter(ApplicationFilterChain.java:164) ~[tomcat-embed-core-10.1.25.jar:10.1.25]
	at org.apache.catalina.core.ApplicationFilterChain.doFilter(ApplicationFilterChain.java:140) ~[tomcat-embed-core-10.1.25.jar:10.1.25]
	at org.apache.catalina.core.StandardWrapperValve.invoke(StandardWrapperValve.java:167) ~[tomcat-embed-core-10.1.25.jar:10.1.25]
	at org.apache.catalina.core.StandardContextValve.invoke(StandardContextValve.java:90) ~[tomcat-embed-core-10.1.25.jar:10.1.25]
	at org.apache.catalina.authenticator.AuthenticatorBase.invoke(AuthenticatorBase.java:482) ~[tomcat-embed-core-10.1.25.jar:10.1.25]
	at org.apache.catalina.core.StandardHostValve.invoke(StandardHostValve.java:115) ~[tomcat-embed-core-10.1.25.jar:10.1.25]
	at org.apache.catalina.valves.ErrorReportValve.invoke(ErrorReportValve.java:93) ~[tomcat-embed-core-10.1.25.jar:10.1.25]
	at org.apache.catalina.core.StandardEngineValve.invoke(StandardEngineValve.java:74) ~[tomcat-embed-core-10.1.25.jar:10.1.25]
	at org.apache.catalina.connector.CoyoteAdapter.service(CoyoteAdapter.java:344) ~[tomcat-embed-core-10.1.25.jar:10.1.25]
	at org.apache.coyote.http11.Http11Processor.service(Http11Processor.java:389) ~[tomcat-embed-core-10.1.25.jar:10.1.25]
	at org.apache.coyote.AbstractProcessorLight.process(AbstractProcessorLight.java:63) ~[tomcat-embed-core-10.1.25.jar:10.1.25]
	at org.apache.coyote.AbstractProtocol$ConnectionHandler.process(AbstractProtocol.java:904) ~[tomcat-embed-core-10.1.25.jar:10.1.25]
	at org.apache.tomcat.util.net.NioEndpoint$SocketProcessor.doRun(NioEndpoint.java:1741) ~[tomcat-embed-core-10.1.25.jar:10.1.25]
	at org.apache.tomcat.util.net.SocketProcessorBase.run(SocketProcessorBase.java:52) ~[tomcat-embed-core-10.1.25.jar:10.1.25]
	at org.apache.tomcat.util.threads.ThreadPoolExecutor.runWorker(ThreadPoolExecutor.java:1190) ~[tomcat-embed-core-10.1.25.jar:10.1.25]
	at org.apache.tomcat.util.threads.ThreadPoolExecutor$Worker.run(ThreadPoolExecutor.java:659) ~[tomcat-embed-core-10.1.25.jar:10.1.25]
	at org.apache.tomcat.util.threads.TaskThread$WrappingRunnable.run(TaskThread.java:63) ~[tomcat-embed-core-10.1.25.jar:10.1.25]
	at java.base/java.lang.Thread.run(Thread.java:842) ~[na:na]

2024-08-22T15:47:27.002-07:00  INFO 9527 --- [person] [http-nio-8081-exec-4] o.a.k.clients.producer.ProducerConfig    : ProducerConfig values: 
	acks = -1
	auto.include.jmx.reporter = true
	batch.size = 16384
	bootstrap.servers = [localhost:9092]
	buffer.memory = 33554432
	client.dns.lookup = use_all_dns_ips
	client.id = person-producer-1
	compression.type = none
	connections.max.idle.ms = 540000
	delivery.timeout.ms = 120000
	enable.idempotence = true
	enable.metrics.push = true
	interceptor.classes = []
	key.serializer = class org.apache.kafka.common.serialization.StringSerializer
	linger.ms = 0
	max.block.ms = 60000
	max.in.flight.requests.per.connection = 5
	max.request.size = 1048576
	metadata.max.age.ms = 300000
	metadata.max.idle.ms = 300000
	metric.reporters = []
	metrics.num.samples = 2
	metrics.recording.level = INFO
	metrics.sample.window.ms = 30000
	partitioner.adaptive.partitioning.enable = true
	partitioner.availability.timeout.ms = 0
	partitioner.class = null
	partitioner.ignore.keys = false
	receive.buffer.bytes = 32768
	reconnect.backoff.max.ms = 1000
	reconnect.backoff.ms = 50
	request.timeout.ms = 30000
	retries = 2147483647
	retry.backoff.max.ms = 1000
	retry.backoff.ms = 100
	sasl.client.callback.handler.class = null
	sasl.jaas.config = null
	sasl.kerberos.kinit.cmd = /usr/bin/kinit
	sasl.kerberos.min.time.before.relogin = 60000
	sasl.kerberos.service.name = null
	sasl.kerberos.ticket.renew.jitter = 0.05
	sasl.kerberos.ticket.renew.window.factor = 0.8
	sasl.login.callback.handler.class = null
	sasl.login.class = null
	sasl.login.connect.timeout.ms = null
	sasl.login.read.timeout.ms = null
	sasl.login.refresh.buffer.seconds = 300
	sasl.login.refresh.min.period.seconds = 60
	sasl.login.refresh.window.factor = 0.8
	sasl.login.refresh.window.jitter = 0.05
	sasl.login.retry.backoff.max.ms = 10000
	sasl.login.retry.backoff.ms = 100
	sasl.mechanism = GSSAPI
	sasl.oauthbearer.clock.skew.seconds = 30
	sasl.oauthbearer.expected.audience = null
	sasl.oauthbearer.expected.issuer = null
	sasl.oauthbearer.jwks.endpoint.refresh.ms = 3600000
	sasl.oauthbearer.jwks.endpoint.retry.backoff.max.ms = 10000
	sasl.oauthbearer.jwks.endpoint.retry.backoff.ms = 100
	sasl.oauthbearer.jwks.endpoint.url = null
	sasl.oauthbearer.scope.claim.name = scope
	sasl.oauthbearer.sub.claim.name = sub
	sasl.oauthbearer.token.endpoint.url = null
	security.protocol = PLAINTEXT
	security.providers = null
	send.buffer.bytes = 131072
	socket.connection.setup.timeout.max.ms = 30000
	socket.connection.setup.timeout.ms = 10000
	ssl.cipher.suites = null
	ssl.enabled.protocols = [TLSv1.2, TLSv1.3]
	ssl.endpoint.identification.algorithm = https
	ssl.engine.factory.class = null
	ssl.key.password = null
	ssl.keymanager.algorithm = SunX509
	ssl.keystore.certificate.chain = null
	ssl.keystore.key = null
	ssl.keystore.location = null
	ssl.keystore.password = null
	ssl.keystore.type = JKS
	ssl.protocol = TLSv1.3
	ssl.provider = null
	ssl.secure.random.implementation = null
	ssl.trustmanager.algorithm = PKIX
	ssl.truststore.certificates = null
	ssl.truststore.location = null
	ssl.truststore.password = null
	ssl.truststore.type = JKS
	transaction.timeout.ms = 60000
	transactional.id = null
	value.serializer = class org.springframework.kafka.support.serializer.JsonSerializer

2024-08-22T15:47:27.073-07:00  INFO 9527 --- [person] [http-nio-8081-exec-4] o.a.k.c.t.i.KafkaMetricsCollector        : initializing Kafka metrics collector
2024-08-22T15:47:27.105-07:00  INFO 9527 --- [person] [http-nio-8081-exec-4] o.a.k.clients.producer.KafkaProducer     : [Producer clientId=person-producer-1] Instantiated an idempotent producer.
2024-08-22T15:47:27.151-07:00  INFO 9527 --- [person] [http-nio-8081-exec-4] o.a.kafka.common.utils.AppInfoParser     : Kafka version: 3.7.0
2024-08-22T15:47:27.152-07:00  INFO 9527 --- [person] [http-nio-8081-exec-4] o.a.kafka.common.utils.AppInfoParser     : Kafka commitId: 2ae524ed625438c5
2024-08-22T15:47:27.152-07:00  INFO 9527 --- [person] [http-nio-8081-exec-4] o.a.kafka.common.utils.AppInfoParser     : Kafka startTimeMs: 1724366847151
2024-08-22T15:47:27.185-07:00  INFO 9527 --- [person] [kafka-producer-network-thread | person-producer-1] org.apache.kafka.clients.Metadata        : [Producer clientId=person-producer-1] Cluster ID: tr3XKmmJRl6V8PKhBsjWOQ
2024-08-22T15:47:27.444-07:00  INFO 9527 --- [person] [kafka-producer-network-thread | person-producer-1] o.a.k.c.p.internals.TransactionManager   : [Producer clientId=person-producer-1] ProducerId set to 43000 with epoch 0
2024-08-22T15:51:49.384-07:00  INFO 9527 --- [person] [SpringApplicationShutdownHook] o.a.k.clients.producer.KafkaProducer     : [Producer clientId=person-producer-1] Closing the Kafka producer with timeoutMillis = 30000 ms.
2024-08-22T15:51:49.440-07:00  INFO 9527 --- [person] [SpringApplicationShutdownHook] o.apache.kafka.common.metrics.Metrics    : Metrics scheduler closed
2024-08-22T15:51:49.441-07:00  INFO 9527 --- [person] [SpringApplicationShutdownHook] o.apache.kafka.common.metrics.Metrics    : Closing reporter org.apache.kafka.common.metrics.JmxReporter
2024-08-22T15:51:49.442-07:00  INFO 9527 --- [person] [SpringApplicationShutdownHook] o.apache.kafka.common.metrics.Metrics    : Closing reporter org.apache.kafka.common.telemetry.internals.ClientTelemetryReporter
2024-08-22T15:51:49.442-07:00  INFO 9527 --- [person] [SpringApplicationShutdownHook] o.apache.kafka.common.metrics.Metrics    : Metrics reporters closed
2024-08-22T15:51:49.448-07:00  INFO 9527 --- [person] [SpringApplicationShutdownHook] o.a.kafka.common.utils.AppInfoParser     : App info kafka.producer for person-producer-1 unregistered
2024-08-22T15:51:49.514-07:00  INFO 9527 --- [person] [SpringApplicationShutdownHook] j.LocalContainerEntityManagerFactoryBean : Closing JPA EntityManagerFactory for persistence unit 'default'
2024-08-22T15:51:49.556-07:00  INFO 9527 --- [person] [SpringApplicationShutdownHook] com.zaxxer.hikari.HikariDataSource       : HikariPool-1 - Shutdown initiated...
2024-08-22T15:51:49.573-07:00  INFO 9527 --- [person] [SpringApplicationShutdownHook] com.zaxxer.hikari.HikariDataSource       : HikariPool-1 - Shutdown completed.
2024-08-22T15:51:56.453-07:00  INFO 9715 --- [person] [main] b.i.diplom.person.PersonApplication      : Starting PersonApplication using Java 17.0.11 with PID 9715 (/Users/mihail/Documents/free-party/party-web/project-manager/person/target/classes started by mihail in /Users/mihail/Documents/free-party/party-web/project-manager)
2024-08-22T15:51:56.458-07:00  INFO 9715 --- [person] [main] b.i.diplom.person.PersonApplication      : No active profile set, falling back to 1 default profile: "default"
2024-08-22T15:51:57.470-07:00  INFO 9715 --- [person] [main] .s.d.r.c.RepositoryConfigurationDelegate : Multiple Spring Data modules found, entering strict repository configuration mode
2024-08-22T15:51:57.470-07:00  INFO 9715 --- [person] [main] .s.d.r.c.RepositoryConfigurationDelegate : Bootstrapping Spring Data Redis repositories in DEFAULT mode.
2024-08-22T15:51:57.503-07:00  INFO 9715 --- [person] [main] .s.d.r.c.RepositoryConfigurationDelegate : Finished Spring Data repository scanning in 7 ms. Found 0 Redis repository interfaces.
2024-08-22T15:51:57.520-07:00  INFO 9715 --- [person] [main] .s.d.r.c.RepositoryConfigurationDelegate : Multiple Spring Data modules found, entering strict repository configuration mode
2024-08-22T15:51:57.521-07:00  INFO 9715 --- [person] [main] .s.d.r.c.RepositoryConfigurationDelegate : Bootstrapping Spring Data JPA repositories in DEFAULT mode.
2024-08-22T15:51:57.962-07:00  INFO 9715 --- [person] [main] .s.d.r.c.RepositoryConfigurationDelegate : Finished Spring Data repository scanning in 436 ms. Found 16 JPA repository interfaces.
2024-08-22T15:51:58.321-07:00  INFO 9715 --- [person] [main] .s.d.r.c.RepositoryConfigurationDelegate : Multiple Spring Data modules found, entering strict repository configuration mode
2024-08-22T15:51:58.321-07:00  INFO 9715 --- [person] [main] .s.d.r.c.RepositoryConfigurationDelegate : Bootstrapping Spring Data Redis repositories in DEFAULT mode.
2024-08-22T15:51:58.335-07:00  INFO 9715 --- [person] [main] .s.d.r.c.RepositoryConfigurationDelegate : Finished Spring Data repository scanning in 13 ms. Found 0 Redis repository interfaces.
2024-08-22T15:51:59.403-07:00  INFO 9715 --- [person] [main] o.s.b.w.embedded.tomcat.TomcatWebServer  : Tomcat initialized with port 8081 (http)
2024-08-22T15:51:59.419-07:00  INFO 9715 --- [person] [main] o.apache.catalina.core.StandardService   : Starting service [Tomcat]
2024-08-22T15:51:59.419-07:00  INFO 9715 --- [person] [main] o.apache.catalina.core.StandardEngine    : Starting Servlet engine: [Apache Tomcat/10.1.25]
2024-08-22T15:51:59.512-07:00  INFO 9715 --- [person] [main] o.a.c.c.C.[Tomcat].[localhost].[/]       : Initializing Spring embedded WebApplicationContext
2024-08-22T15:51:59.512-07:00  INFO 9715 --- [person] [main] w.s.c.ServletWebServerApplicationContext : Root WebApplicationContext: initialization completed in 2974 ms
2024-08-22T15:51:59.829-07:00  INFO 9715 --- [person] [main] o.hibernate.jpa.internal.util.LogHelper  : HHH000204: Processing PersistenceUnitInfo [name: default]
2024-08-22T15:51:59.906-07:00  INFO 9715 --- [person] [main] org.hibernate.Version                    : HHH000412: Hibernate ORM core version 6.5.2.Final
2024-08-22T15:51:59.949-07:00  INFO 9715 --- [person] [main] o.h.c.internal.RegionFactoryInitiator    : HHH000026: Second-level cache disabled
2024-08-22T15:52:00.378-07:00  INFO 9715 --- [person] [main] o.s.o.j.p.SpringPersistenceUnitInfo      : No LoadTimeWeaver setup: ignoring JPA class transformer
2024-08-22T15:52:00.411-07:00  INFO 9715 --- [person] [main] com.zaxxer.hikari.HikariDataSource       : HikariPool-1 - Starting...
2024-08-22T15:52:00.530-07:00  INFO 9715 --- [person] [main] com.zaxxer.hikari.pool.HikariPool        : HikariPool-1 - Added connection org.postgresql.jdbc.PgConnection@25e95af1
2024-08-22T15:52:00.532-07:00  INFO 9715 --- [person] [main] com.zaxxer.hikari.HikariDataSource       : HikariPool-1 - Start completed.
2024-08-22T15:52:02.340-07:00  INFO 9715 --- [person] [main] o.h.e.t.j.p.i.JtaPlatformInitiator       : HHH000489: No JTA platform available (set 'hibernate.transaction.jta.platform' to enable JTA platform integration)
2024-08-22T15:52:02.702-07:00  INFO 9715 --- [person] [main] j.LocalContainerEntityManagerFactoryBean : Initialized JPA EntityManagerFactory for persistence unit 'default'
2024-08-22T15:52:03.229-07:00  INFO 9715 --- [person] [main] o.s.d.j.r.query.QueryEnhancerFactory     : Hibernate is in classpath; If applicable, HQL parser will be used.
2024-08-22T15:52:04.903-07:00  WARN 9715 --- [person] [main] JpaBaseConfiguration$JpaWebConfiguration : spring.jpa.open-in-view is enabled by default. Therefore, database queries may be performed during view rendering. Explicitly configure spring.jpa.open-in-view to disable this warning
2024-08-22T15:52:06.647-07:00  INFO 9715 --- [person] [main] o.a.k.clients.admin.AdminClientConfig    : AdminClientConfig values: 
	auto.include.jmx.reporter = true
	bootstrap.controllers = []
	bootstrap.servers = [localhost:9092]
	client.dns.lookup = use_all_dns_ips
	client.id = person-admin-0
	connections.max.idle.ms = 300000
	default.api.timeout.ms = 60000
	enable.metrics.push = true
	metadata.max.age.ms = 300000
	metric.reporters = []
	metrics.num.samples = 2
	metrics.recording.level = INFO
	metrics.sample.window.ms = 30000
	receive.buffer.bytes = 65536
	reconnect.backoff.max.ms = 1000
	reconnect.backoff.ms = 50
	request.timeout.ms = 30000
	retries = 2147483647
	retry.backoff.max.ms = 1000
	retry.backoff.ms = 100
	sasl.client.callback.handler.class = null
	sasl.jaas.config = null
	sasl.kerberos.kinit.cmd = /usr/bin/kinit
	sasl.kerberos.min.time.before.relogin = 60000
	sasl.kerberos.service.name = null
	sasl.kerberos.ticket.renew.jitter = 0.05
	sasl.kerberos.ticket.renew.window.factor = 0.8
	sasl.login.callback.handler.class = null
	sasl.login.class = null
	sasl.login.connect.timeout.ms = null
	sasl.login.read.timeout.ms = null
	sasl.login.refresh.buffer.seconds = 300
	sasl.login.refresh.min.period.seconds = 60
	sasl.login.refresh.window.factor = 0.8
	sasl.login.refresh.window.jitter = 0.05
	sasl.login.retry.backoff.max.ms = 10000
	sasl.login.retry.backoff.ms = 100
	sasl.mechanism = GSSAPI
	sasl.oauthbearer.clock.skew.seconds = 30
	sasl.oauthbearer.expected.audience = null
	sasl.oauthbearer.expected.issuer = null
	sasl.oauthbearer.jwks.endpoint.refresh.ms = 3600000
	sasl.oauthbearer.jwks.endpoint.retry.backoff.max.ms = 10000
	sasl.oauthbearer.jwks.endpoint.retry.backoff.ms = 100
	sasl.oauthbearer.jwks.endpoint.url = null
	sasl.oauthbearer.scope.claim.name = scope
	sasl.oauthbearer.sub.claim.name = sub
	sasl.oauthbearer.token.endpoint.url = null
	security.protocol = PLAINTEXT
	security.providers = null
	send.buffer.bytes = 131072
	socket.connection.setup.timeout.max.ms = 30000
	socket.connection.setup.timeout.ms = 10000
	ssl.cipher.suites = null
	ssl.enabled.protocols = [TLSv1.2, TLSv1.3]
	ssl.endpoint.identification.algorithm = https
	ssl.engine.factory.class = null
	ssl.key.password = null
	ssl.keymanager.algorithm = SunX509
	ssl.keystore.certificate.chain = null
	ssl.keystore.key = null
	ssl.keystore.location = null
	ssl.keystore.password = null
	ssl.keystore.type = JKS
	ssl.protocol = TLSv1.3
	ssl.provider = null
	ssl.secure.random.implementation = null
	ssl.trustmanager.algorithm = PKIX
	ssl.truststore.certificates = null
	ssl.truststore.location = null
	ssl.truststore.password = null
	ssl.truststore.type = JKS

2024-08-22T15:52:06.745-07:00  INFO 9715 --- [person] [main] o.a.kafka.common.utils.AppInfoParser     : Kafka version: 3.7.0
2024-08-22T15:52:06.745-07:00  INFO 9715 --- [person] [main] o.a.kafka.common.utils.AppInfoParser     : Kafka commitId: 2ae524ed625438c5
2024-08-22T15:52:06.745-07:00  INFO 9715 --- [person] [main] o.a.kafka.common.utils.AppInfoParser     : Kafka startTimeMs: 1724367126743
2024-08-22T15:52:07.392-07:00  INFO 9715 --- [person] [kafka-admin-client-thread | person-admin-0] o.a.kafka.common.utils.AppInfoParser     : App info kafka.admin.client for person-admin-0 unregistered
2024-08-22T15:52:07.400-07:00  INFO 9715 --- [person] [kafka-admin-client-thread | person-admin-0] o.apache.kafka.common.metrics.Metrics    : Metrics scheduler closed
2024-08-22T15:52:07.400-07:00  INFO 9715 --- [person] [kafka-admin-client-thread | person-admin-0] o.apache.kafka.common.metrics.Metrics    : Closing reporter org.apache.kafka.common.metrics.JmxReporter
2024-08-22T15:52:07.401-07:00  INFO 9715 --- [person] [kafka-admin-client-thread | person-admin-0] o.apache.kafka.common.metrics.Metrics    : Metrics reporters closed
2024-08-22T15:52:07.423-07:00  INFO 9715 --- [person] [main] o.s.b.w.embedded.tomcat.TomcatWebServer  : Tomcat started on port 8081 (http) with context path '/'
2024-08-22T15:52:07.437-07:00  INFO 9715 --- [person] [main] b.i.diplom.person.PersonApplication      : Started PersonApplication in 11.845 seconds (process running for 12.647)
2024-08-22T15:52:17.322-07:00  INFO 9715 --- [person] [http-nio-8081-exec-2] o.a.c.c.C.[Tomcat].[localhost].[/]       : Initializing Spring DispatcherServlet 'dispatcherServlet'
2024-08-22T15:52:17.323-07:00  INFO 9715 --- [person] [http-nio-8081-exec-2] o.s.web.servlet.DispatcherServlet        : Initializing Servlet 'dispatcherServlet'
2024-08-22T15:52:17.326-07:00  INFO 9715 --- [person] [http-nio-8081-exec-2] o.s.web.servlet.DispatcherServlet        : Completed initialization in 2 ms
2024-08-22T15:52:25.711-07:00 ERROR 9715 --- [person] [http-nio-8081-exec-4] o.a.c.c.C.[.[.[/].[dispatcherServlet]    : Servlet.service() for servlet [dispatcherServlet] in context with path [] threw exception [Request processing failed: jakarta.validation.ConstraintViolationException: Validation failed for classes [by.intexsoft.diplom.common.model.party.PartyEntity] during persist time for groups [jakarta.validation.groups.Default, ]
List of constraint violations:[
	ConstraintViolationImpl{interpolatedMessage='field can't be empty', propertyPath=name, rootBeanClass=class by.intexsoft.diplom.common.model.party.PartyEntity, messageTemplate='field can't be empty'}
	ConstraintViolationImpl{interpolatedMessage='field can't be empty', propertyPath=coordinates, rootBeanClass=class by.intexsoft.diplom.common.model.party.PartyEntity, messageTemplate='field can't be empty'}
]] with root cause

jakarta.validation.ConstraintViolationException: Validation failed for classes [by.intexsoft.diplom.common.model.party.PartyEntity] during persist time for groups [jakarta.validation.groups.Default, ]
List of constraint violations:[
	ConstraintViolationImpl{interpolatedMessage='field can't be empty', propertyPath=name, rootBeanClass=class by.intexsoft.diplom.common.model.party.PartyEntity, messageTemplate='field can't be empty'}
	ConstraintViolationImpl{interpolatedMessage='field can't be empty', propertyPath=coordinates, rootBeanClass=class by.intexsoft.diplom.common.model.party.PartyEntity, messageTemplate='field can't be empty'}
]
	at org.hibernate.boot.beanvalidation.BeanValidationEventListener.validate(BeanValidationEventListener.java:151) ~[hibernate-core-6.5.2.Final.jar:6.5.2.Final]
	at org.hibernate.boot.beanvalidation.BeanValidationEventListener.onPreInsert(BeanValidationEventListener.java:81) ~[hibernate-core-6.5.2.Final.jar:6.5.2.Final]
	at org.hibernate.action.internal.EntityIdentityInsertAction.preInsert(EntityIdentityInsertAction.java:201) ~[hibernate-core-6.5.2.Final.jar:6.5.2.Final]
	at org.hibernate.action.internal.EntityIdentityInsertAction.execute(EntityIdentityInsertAction.java:79) ~[hibernate-core-6.5.2.Final.jar:6.5.2.Final]
	at org.hibernate.engine.spi.ActionQueue.execute(ActionQueue.java:670) ~[hibernate-core-6.5.2.Final.jar:6.5.2.Final]
	at org.hibernate.engine.spi.ActionQueue.addResolvedEntityInsertAction(ActionQueue.java:291) ~[hibernate-core-6.5.2.Final.jar:6.5.2.Final]
	at org.hibernate.engine.spi.ActionQueue.addInsertAction(ActionQueue.java:272) ~[hibernate-core-6.5.2.Final.jar:6.5.2.Final]
	at org.hibernate.engine.spi.ActionQueue.addAction(ActionQueue.java:322) ~[hibernate-core-6.5.2.Final.jar:6.5.2.Final]
	at org.hibernate.event.internal.AbstractSaveEventListener.addInsertAction(AbstractSaveEventListener.java:391) ~[hibernate-core-6.5.2.Final.jar:6.5.2.Final]
	at org.hibernate.event.internal.AbstractSaveEventListener.performSaveOrReplicate(AbstractSaveEventListener.java:305) ~[hibernate-core-6.5.2.Final.jar:6.5.2.Final]
	at org.hibernate.event.internal.AbstractSaveEventListener.performSave(AbstractSaveEventListener.java:224) ~[hibernate-core-6.5.2.Final.jar:6.5.2.Final]
	at org.hibernate.event.internal.AbstractSaveEventListener.saveWithGeneratedId(AbstractSaveEventListener.java:137) ~[hibernate-core-6.5.2.Final.jar:6.5.2.Final]
	at org.hibernate.event.internal.DefaultSaveOrUpdateEventListener.entityIsTransient(DefaultSaveOrUpdateEventListener.java:182) ~[hibernate-core-6.5.2.Final.jar:6.5.2.Final]
	at org.hibernate.event.internal.DefaultSaveEventListener.performSaveOrUpdate(DefaultSaveEventListener.java:32) ~[hibernate-core-6.5.2.Final.jar:6.5.2.Final]
	at org.hibernate.event.internal.DefaultSaveOrUpdateEventListener.onSaveOrUpdate(DefaultSaveOrUpdateEventListener.java:81) ~[hibernate-core-6.5.2.Final.jar:6.5.2.Final]
	at org.hibernate.event.service.internal.EventListenerGroupImpl.fireEventOnEachListener(EventListenerGroupImpl.java:127) ~[hibernate-core-6.5.2.Final.jar:6.5.2.Final]
	at org.hibernate.internal.SessionImpl.fireSave(SessionImpl.java:659) ~[hibernate-core-6.5.2.Final.jar:6.5.2.Final]
	at org.hibernate.internal.SessionImpl.save(SessionImpl.java:651) ~[hibernate-core-6.5.2.Final.jar:6.5.2.Final]
	at org.hibernate.id.ForeignGenerator.generate(ForeignGenerator.java:125) ~[hibernate-core-6.5.2.Final.jar:6.5.2.Final]
	at org.hibernate.id.IdentifierGenerator.generate(IdentifierGenerator.java:147) ~[hibernate-core-6.5.2.Final.jar:6.5.2.Final]
	at org.hibernate.event.internal.AbstractSaveEventListener.generateId(AbstractSaveEventListener.java:156) ~[hibernate-core-6.5.2.Final.jar:6.5.2.Final]
	at org.hibernate.event.internal.AbstractSaveEventListener.saveWithGeneratedId(AbstractSaveEventListener.java:127) ~[hibernate-core-6.5.2.Final.jar:6.5.2.Final]
	at org.hibernate.event.internal.DefaultPersistEventListener.entityIsTransient(DefaultPersistEventListener.java:175) ~[hibernate-core-6.5.2.Final.jar:6.5.2.Final]
	at org.hibernate.event.internal.DefaultPersistEventListener.persist(DefaultPersistEventListener.java:93) ~[hibernate-core-6.5.2.Final.jar:6.5.2.Final]
	at org.hibernate.event.internal.DefaultPersistEventListener.onPersist(DefaultPersistEventListener.java:77) ~[hibernate-core-6.5.2.Final.jar:6.5.2.Final]
	at org.hibernate.event.internal.DefaultPersistEventListener.onPersist(DefaultPersistEventListener.java:54) ~[hibernate-core-6.5.2.Final.jar:6.5.2.Final]
	at org.hibernate.event.service.internal.EventListenerGroupImpl.fireEventOnEachListener(EventListenerGroupImpl.java:127) ~[hibernate-core-6.5.2.Final.jar:6.5.2.Final]
	at org.hibernate.internal.SessionImpl.firePersist(SessionImpl.java:757) ~[hibernate-core-6.5.2.Final.jar:6.5.2.Final]
	at org.hibernate.internal.SessionImpl.persist(SessionImpl.java:741) ~[hibernate-core-6.5.2.Final.jar:6.5.2.Final]
	at java.base/jdk.internal.reflect.NativeMethodAccessorImpl.invoke0(Native Method) ~[na:na]
	at java.base/jdk.internal.reflect.NativeMethodAccessorImpl.invoke(NativeMethodAccessorImpl.java:77) ~[na:na]
	at java.base/jdk.internal.reflect.DelegatingMethodAccessorImpl.invoke(DelegatingMethodAccessorImpl.java:43) ~[na:na]
	at java.base/java.lang.reflect.Method.invoke(Method.java:568) ~[na:na]
	at org.springframework.orm.jpa.ExtendedEntityManagerCreator$ExtendedEntityManagerInvocationHandler.invoke(ExtendedEntityManagerCreator.java:364) ~[spring-orm-6.1.10.jar:6.1.10]
	at jdk.proxy2/jdk.proxy2.$Proxy156.persist(Unknown Source) ~[na:na]
	at java.base/jdk.internal.reflect.NativeMethodAccessorImpl.invoke0(Native Method) ~[na:na]
	at java.base/jdk.internal.reflect.NativeMethodAccessorImpl.invoke(NativeMethodAccessorImpl.java:77) ~[na:na]
	at java.base/jdk.internal.reflect.DelegatingMethodAccessorImpl.invoke(DelegatingMethodAccessorImpl.java:43) ~[na:na]
	at java.base/java.lang.reflect.Method.invoke(Method.java:568) ~[na:na]
	at org.springframework.orm.jpa.SharedEntityManagerCreator$SharedEntityManagerInvocationHandler.invoke(SharedEntityManagerCreator.java:319) ~[spring-orm-6.1.10.jar:6.1.10]
	at jdk.proxy2/jdk.proxy2.$Proxy156.persist(Unknown Source) ~[na:na]
	at org.springframework.data.jpa.repository.support.SimpleJpaRepository.save(SimpleJpaRepository.java:629) ~[spring-data-jpa-3.3.1.jar:3.3.1]
	at java.base/jdk.internal.reflect.NativeMethodAccessorImpl.invoke0(Native Method) ~[na:na]
	at java.base/jdk.internal.reflect.NativeMethodAccessorImpl.invoke(NativeMethodAccessorImpl.java:77) ~[na:na]
	at java.base/jdk.internal.reflect.DelegatingMethodAccessorImpl.invoke(DelegatingMethodAccessorImpl.java:43) ~[na:na]
	at java.base/java.lang.reflect.Method.invoke(Method.java:568) ~[na:na]
	at org.springframework.aop.support.AopUtils.invokeJoinpointUsingReflection(AopUtils.java:354) ~[spring-aop-6.1.10.jar:6.1.10]
	at org.springframework.data.repository.core.support.RepositoryMethodInvoker$RepositoryFragmentMethodInvoker.lambda$new$0(RepositoryMethodInvoker.java:277) ~[spring-data-commons-3.3.1.jar:3.3.1]
	at org.springframework.data.repository.core.support.RepositoryMethodInvoker.doInvoke(RepositoryMethodInvoker.java:170) ~[spring-data-commons-3.3.1.jar:3.3.1]
	at org.springframework.data.repository.core.support.RepositoryMethodInvoker.invoke(RepositoryMethodInvoker.java:158) ~[spring-data-commons-3.3.1.jar:3.3.1]
	at org.springframework.data.repository.core.support.RepositoryComposition$RepositoryFragments.invoke(RepositoryComposition.java:516) ~[spring-data-commons-3.3.1.jar:3.3.1]
	at org.springframework.data.repository.core.support.RepositoryComposition.invoke(RepositoryComposition.java:285) ~[spring-data-commons-3.3.1.jar:3.3.1]
	at org.springframework.data.repository.core.support.RepositoryFactorySupport$ImplementationMethodExecutionInterceptor.invoke(RepositoryFactorySupport.java:628) ~[spring-data-commons-3.3.1.jar:3.3.1]
	at org.springframework.aop.framework.ReflectiveMethodInvocation.proceed(ReflectiveMethodInvocation.java:184) ~[spring-aop-6.1.10.jar:6.1.10]
	at org.springframework.data.repository.core.support.QueryExecutorMethodInterceptor.doInvoke(QueryExecutorMethodInterceptor.java:168) ~[spring-data-commons-3.3.1.jar:3.3.1]
	at org.springframework.data.repository.core.support.QueryExecutorMethodInterceptor.invoke(QueryExecutorMethodInterceptor.java:143) ~[spring-data-commons-3.3.1.jar:3.3.1]
	at org.springframework.aop.framework.ReflectiveMethodInvocation.proceed(ReflectiveMethodInvocation.java:184) ~[spring-aop-6.1.10.jar:6.1.10]
	at org.springframework.data.projection.DefaultMethodInvokingMethodInterceptor.invoke(DefaultMethodInvokingMethodInterceptor.java:70) ~[spring-data-commons-3.3.1.jar:3.3.1]
	at org.springframework.aop.framework.ReflectiveMethodInvocation.proceed(ReflectiveMethodInvocation.java:184) ~[spring-aop-6.1.10.jar:6.1.10]
	at org.springframework.transaction.interceptor.TransactionInterceptor$1.proceedWithInvocation(TransactionInterceptor.java:123) ~[spring-tx-6.1.10.jar:6.1.10]
	at org.springframework.transaction.interceptor.TransactionAspectSupport.invokeWithinTransaction(TransactionAspectSupport.java:392) ~[spring-tx-6.1.10.jar:6.1.10]
	at org.springframework.transaction.interceptor.TransactionInterceptor.invoke(TransactionInterceptor.java:119) ~[spring-tx-6.1.10.jar:6.1.10]
	at org.springframework.aop.framework.ReflectiveMethodInvocation.proceed(ReflectiveMethodInvocation.java:184) ~[spring-aop-6.1.10.jar:6.1.10]
	at org.springframework.dao.support.PersistenceExceptionTranslationInterceptor.invoke(PersistenceExceptionTranslationInterceptor.java:138) ~[spring-tx-6.1.10.jar:6.1.10]
	at org.springframework.aop.framework.ReflectiveMethodInvocation.proceed(ReflectiveMethodInvocation.java:184) ~[spring-aop-6.1.10.jar:6.1.10]
	at org.springframework.data.jpa.repository.support.CrudMethodMetadataPostProcessor$CrudMethodMetadataPopulatingMethodInterceptor.invoke(CrudMethodMetadataPostProcessor.java:165) ~[spring-data-jpa-3.3.1.jar:3.3.1]
	at org.springframework.aop.framework.ReflectiveMethodInvocation.proceed(ReflectiveMethodInvocation.java:184) ~[spring-aop-6.1.10.jar:6.1.10]
	at org.springframework.aop.interceptor.ExposeInvocationInterceptor.invoke(ExposeInvocationInterceptor.java:97) ~[spring-aop-6.1.10.jar:6.1.10]
	at org.springframework.aop.framework.ReflectiveMethodInvocation.proceed(ReflectiveMethodInvocation.java:184) ~[spring-aop-6.1.10.jar:6.1.10]
	at org.springframework.aop.framework.JdkDynamicAopProxy.invoke(JdkDynamicAopProxy.java:223) ~[spring-aop-6.1.10.jar:6.1.10]
	at jdk.proxy2/jdk.proxy2.$Proxy168.save(Unknown Source) ~[na:na]
	at by.intexsoft.diplom.person.service.request.CrudPartyRequestService.createImage(CrudPartyRequestService.java:166) ~[classes/:na]
	at by.intexsoft.diplom.person.service.request.CrudPartyRequestService.processPartyCreating(CrudPartyRequestService.java:156) ~[classes/:na]
	at by.intexsoft.diplom.person.service.request.CrudPartyRequestService.createPartyRequest(CrudPartyRequestService.java:78) ~[classes/:na]
	at java.base/jdk.internal.reflect.NativeMethodAccessorImpl.invoke0(Native Method) ~[na:na]
	at java.base/jdk.internal.reflect.NativeMethodAccessorImpl.invoke(NativeMethodAccessorImpl.java:77) ~[na:na]
	at java.base/jdk.internal.reflect.DelegatingMethodAccessorImpl.invoke(DelegatingMethodAccessorImpl.java:43) ~[na:na]
	at java.base/java.lang.reflect.Method.invoke(Method.java:568) ~[na:na]
	at org.springframework.aop.support.AopUtils.invokeJoinpointUsingReflection(AopUtils.java:354) ~[spring-aop-6.1.10.jar:6.1.10]
	at org.springframework.aop.framework.ReflectiveMethodInvocation.invokeJoinpoint(ReflectiveMethodInvocation.java:196) ~[spring-aop-6.1.10.jar:6.1.10]
	at org.springframework.aop.framework.ReflectiveMethodInvocation.proceed(ReflectiveMethodInvocation.java:163) ~[spring-aop-6.1.10.jar:6.1.10]
	at org.springframework.aop.framework.CglibAopProxy$CglibMethodInvocation.proceed(CglibAopProxy.java:768) ~[spring-aop-6.1.10.jar:6.1.10]
	at org.springframework.transaction.interceptor.TransactionInterceptor$1.proceedWithInvocation(TransactionInterceptor.java:123) ~[spring-tx-6.1.10.jar:6.1.10]
	at org.springframework.transaction.interceptor.TransactionAspectSupport.invokeWithinTransaction(TransactionAspectSupport.java:392) ~[spring-tx-6.1.10.jar:6.1.10]
	at org.springframework.transaction.interceptor.TransactionInterceptor.invoke(TransactionInterceptor.java:119) ~[spring-tx-6.1.10.jar:6.1.10]
	at org.springframework.aop.framework.ReflectiveMethodInvocation.proceed(ReflectiveMethodInvocation.java:184) ~[spring-aop-6.1.10.jar:6.1.10]
	at org.springframework.aop.framework.CglibAopProxy$CglibMethodInvocation.proceed(CglibAopProxy.java:768) ~[spring-aop-6.1.10.jar:6.1.10]
	at org.springframework.aop.framework.CglibAopProxy$DynamicAdvisedInterceptor.intercept(CglibAopProxy.java:720) ~[spring-aop-6.1.10.jar:6.1.10]
	at by.intexsoft.diplom.person.service.request.CrudPartyRequestService$$SpringCGLIB$$0.createPartyRequest(<generated>) ~[classes/:na]
	at by.intexsoft.diplom.person.controller.OrganizerController.createParty(OrganizerController.java:29) ~[classes/:na]
	at java.base/jdk.internal.reflect.NativeMethodAccessorImpl.invoke0(Native Method) ~[na:na]
	at java.base/jdk.internal.reflect.NativeMethodAccessorImpl.invoke(NativeMethodAccessorImpl.java:77) ~[na:na]
	at java.base/jdk.internal.reflect.DelegatingMethodAccessorImpl.invoke(DelegatingMethodAccessorImpl.java:43) ~[na:na]
	at java.base/java.lang.reflect.Method.invoke(Method.java:568) ~[na:na]
	at org.springframework.web.method.support.InvocableHandlerMethod.doInvoke(InvocableHandlerMethod.java:255) ~[spring-web-6.1.10.jar:6.1.10]
	at org.springframework.web.method.support.InvocableHandlerMethod.invokeForRequest(InvocableHandlerMethod.java:188) ~[spring-web-6.1.10.jar:6.1.10]
	at org.springframework.web.servlet.mvc.method.annotation.ServletInvocableHandlerMethod.invokeAndHandle(ServletInvocableHandlerMethod.java:118) ~[spring-webmvc-6.1.10.jar:6.1.10]
	at org.springframework.web.servlet.mvc.method.annotation.RequestMappingHandlerAdapter.invokeHandlerMethod(RequestMappingHandlerAdapter.java:926) ~[spring-webmvc-6.1.10.jar:6.1.10]
	at org.springframework.web.servlet.mvc.method.annotation.RequestMappingHandlerAdapter.handleInternal(RequestMappingHandlerAdapter.java:831) ~[spring-webmvc-6.1.10.jar:6.1.10]
	at org.springframework.web.servlet.mvc.method.AbstractHandlerMethodAdapter.handle(AbstractHandlerMethodAdapter.java:87) ~[spring-webmvc-6.1.10.jar:6.1.10]
	at org.springframework.web.servlet.DispatcherServlet.doDispatch(DispatcherServlet.java:1089) ~[spring-webmvc-6.1.10.jar:6.1.10]
	at org.springframework.web.servlet.DispatcherServlet.doService(DispatcherServlet.java:979) ~[spring-webmvc-6.1.10.jar:6.1.10]
	at org.springframework.web.servlet.FrameworkServlet.processRequest(FrameworkServlet.java:1014) ~[spring-webmvc-6.1.10.jar:6.1.10]
	at org.springframework.web.servlet.FrameworkServlet.doPost(FrameworkServlet.java:914) ~[spring-webmvc-6.1.10.jar:6.1.10]
	at jakarta.servlet.http.HttpServlet.service(HttpServlet.java:590) ~[tomcat-embed-core-10.1.25.jar:6.0]
	at org.springframework.web.servlet.FrameworkServlet.service(FrameworkServlet.java:885) ~[spring-webmvc-6.1.10.jar:6.1.10]
	at jakarta.servlet.http.HttpServlet.service(HttpServlet.java:658) ~[tomcat-embed-core-10.1.25.jar:6.0]
	at org.apache.catalina.core.ApplicationFilterChain.internalDoFilter(ApplicationFilterChain.java:195) ~[tomcat-embed-core-10.1.25.jar:10.1.25]
	at org.apache.catalina.core.ApplicationFilterChain.doFilter(ApplicationFilterChain.java:140) ~[tomcat-embed-core-10.1.25.jar:10.1.25]
	at org.apache.tomcat.websocket.server.WsFilter.doFilter(WsFilter.java:51) ~[tomcat-embed-websocket-10.1.25.jar:10.1.25]
	at org.apache.catalina.core.ApplicationFilterChain.internalDoFilter(ApplicationFilterChain.java:164) ~[tomcat-embed-core-10.1.25.jar:10.1.25]
	at org.apache.catalina.core.ApplicationFilterChain.doFilter(ApplicationFilterChain.java:140) ~[tomcat-embed-core-10.1.25.jar:10.1.25]
	at org.springframework.web.filter.CompositeFilter$VirtualFilterChain.doFilter(CompositeFilter.java:108) ~[spring-web-6.1.10.jar:6.1.10]
	at org.springframework.security.web.FilterChainProxy.lambda$doFilterInternal$3(FilterChainProxy.java:231) ~[spring-security-web-6.3.1.jar:6.3.1]
	at org.springframework.security.web.FilterChainProxy$VirtualFilterChain.doFilter(FilterChainProxy.java:365) ~[spring-security-web-6.3.1.jar:6.3.1]
	at org.springframework.security.web.access.intercept.AuthorizationFilter.doFilter(AuthorizationFilter.java:100) ~[spring-security-web-6.3.1.jar:6.3.1]
	at org.springframework.security.web.FilterChainProxy$VirtualFilterChain.doFilter(FilterChainProxy.java:374) ~[spring-security-web-6.3.1.jar:6.3.1]
	at org.springframework.security.web.access.ExceptionTranslationFilter.doFilter(ExceptionTranslationFilter.java:126) ~[spring-security-web-6.3.1.jar:6.3.1]
	at org.springframework.security.web.access.ExceptionTranslationFilter.doFilter(ExceptionTranslationFilter.java:120) ~[spring-security-web-6.3.1.jar:6.3.1]
	at org.springframework.security.web.FilterChainProxy$VirtualFilterChain.doFilter(FilterChainProxy.java:374) ~[spring-security-web-6.3.1.jar:6.3.1]
	at org.springframework.security.web.session.SessionManagementFilter.doFilter(SessionManagementFilter.java:131) ~[spring-security-web-6.3.1.jar:6.3.1]
	at org.springframework.security.web.session.SessionManagementFilter.doFilter(SessionManagementFilter.java:85) ~[spring-security-web-6.3.1.jar:6.3.1]
	at org.springframework.security.web.FilterChainProxy$VirtualFilterChain.doFilter(FilterChainProxy.java:374) ~[spring-security-web-6.3.1.jar:6.3.1]
	at org.springframework.security.web.authentication.AnonymousAuthenticationFilter.doFilter(AnonymousAuthenticationFilter.java:100) ~[spring-security-web-6.3.1.jar:6.3.1]
	at org.springframework.security.web.FilterChainProxy$VirtualFilterChain.doFilter(FilterChainProxy.java:374) ~[spring-security-web-6.3.1.jar:6.3.1]
	at org.springframework.security.web.servletapi.SecurityContextHolderAwareRequestFilter.doFilter(SecurityContextHolderAwareRequestFilter.java:179) ~[spring-security-web-6.3.1.jar:6.3.1]
	at org.springframework.security.web.FilterChainProxy$VirtualFilterChain.doFilter(FilterChainProxy.java:374) ~[spring-security-web-6.3.1.jar:6.3.1]
	at org.springframework.security.web.savedrequest.RequestCacheAwareFilter.doFilter(RequestCacheAwareFilter.java:63) ~[spring-security-web-6.3.1.jar:6.3.1]
	at org.springframework.security.web.FilterChainProxy$VirtualFilterChain.doFilter(FilterChainProxy.java:374) ~[spring-security-web-6.3.1.jar:6.3.1]
	at org.springframework.security.oauth2.server.resource.web.authentication.BearerTokenAuthenticationFilter.doFilterInternal(BearerTokenAuthenticationFilter.java:145) ~[spring-security-oauth2-resource-server-6.3.1.jar:6.3.1]
	at org.springframework.web.filter.OncePerRequestFilter.doFilter(OncePerRequestFilter.java:116) ~[spring-web-6.1.10.jar:6.1.10]
	at org.springframework.security.web.FilterChainProxy$VirtualFilterChain.doFilter(FilterChainProxy.java:374) ~[spring-security-web-6.3.1.jar:6.3.1]
	at org.springframework.security.web.authentication.ui.DefaultLogoutPageGeneratingFilter.doFilterInternal(DefaultLogoutPageGeneratingFilter.java:58) ~[spring-security-web-6.3.1.jar:6.3.1]
	at org.springframework.web.filter.OncePerRequestFilter.doFilter(OncePerRequestFilter.java:116) ~[spring-web-6.1.10.jar:6.1.10]
	at org.springframework.security.web.FilterChainProxy$VirtualFilterChain.doFilter(FilterChainProxy.java:374) ~[spring-security-web-6.3.1.jar:6.3.1]
	at org.springframework.security.web.authentication.ui.DefaultLoginPageGeneratingFilter.doFilter(DefaultLoginPageGeneratingFilter.java:189) ~[spring-security-web-6.3.1.jar:6.3.1]
	at org.springframework.security.web.authentication.ui.DefaultLoginPageGeneratingFilter.doFilter(DefaultLoginPageGeneratingFilter.java:175) ~[spring-security-web-6.3.1.jar:6.3.1]
	at org.springframework.security.web.FilterChainProxy$VirtualFilterChain.doFilter(FilterChainProxy.java:374) ~[spring-security-web-6.3.1.jar:6.3.1]
	at org.springframework.security.web.authentication.AbstractAuthenticationProcessingFilter.doFilter(AbstractAuthenticationProcessingFilter.java:227) ~[spring-security-web-6.3.1.jar:6.3.1]
	at org.springframework.security.web.authentication.AbstractAuthenticationProcessingFilter.doFilter(AbstractAuthenticationProcessingFilter.java:221) ~[spring-security-web-6.3.1.jar:6.3.1]
	at org.springframework.security.web.FilterChainProxy$VirtualFilterChain.doFilter(FilterChainProxy.java:374) ~[spring-security-web-6.3.1.jar:6.3.1]
	at org.springframework.security.oauth2.client.web.OAuth2AuthorizationRequestRedirectFilter.doFilterInternal(OAuth2AuthorizationRequestRedirectFilter.java:198) ~[spring-security-oauth2-client-6.3.1.jar:6.3.1]
	at org.springframework.web.filter.OncePerRequestFilter.doFilter(OncePerRequestFilter.java:116) ~[spring-web-6.1.10.jar:6.1.10]
	at org.springframework.security.web.FilterChainProxy$VirtualFilterChain.doFilter(FilterChainProxy.java:374) ~[spring-security-web-6.3.1.jar:6.3.1]
	at org.springframework.security.web.authentication.logout.LogoutFilter.doFilter(LogoutFilter.java:107) ~[spring-security-web-6.3.1.jar:6.3.1]
	at org.springframework.security.web.authentication.logout.LogoutFilter.doFilter(LogoutFilter.java:93) ~[spring-security-web-6.3.1.jar:6.3.1]
	at org.springframework.security.web.FilterChainProxy$VirtualFilterChain.doFilter(FilterChainProxy.java:374) ~[spring-security-web-6.3.1.jar:6.3.1]
	at org.springframework.web.filter.CorsFilter.doFilterInternal(CorsFilter.java:91) ~[spring-web-6.1.10.jar:6.1.10]
	at org.springframework.web.filter.OncePerRequestFilter.doFilter(OncePerRequestFilter.java:116) ~[spring-web-6.1.10.jar:6.1.10]
	at org.springframework.security.web.FilterChainProxy$VirtualFilterChain.doFilter(FilterChainProxy.java:374) ~[spring-security-web-6.3.1.jar:6.3.1]
	at org.springframework.security.web.header.HeaderWriterFilter.doHeadersAfter(HeaderWriterFilter.java:90) ~[spring-security-web-6.3.1.jar:6.3.1]
	at org.springframework.security.web.header.HeaderWriterFilter.doFilterInternal(HeaderWriterFilter.java:75) ~[spring-security-web-6.3.1.jar:6.3.1]
	at org.springframework.web.filter.OncePerRequestFilter.doFilter(OncePerRequestFilter.java:116) ~[spring-web-6.1.10.jar:6.1.10]
	at org.springframework.security.web.FilterChainProxy$VirtualFilterChain.doFilter(FilterChainProxy.java:374) ~[spring-security-web-6.3.1.jar:6.3.1]
	at org.springframework.security.web.context.SecurityContextHolderFilter.doFilter(SecurityContextHolderFilter.java:82) ~[spring-security-web-6.3.1.jar:6.3.1]
	at org.springframework.security.web.context.SecurityContextHolderFilter.doFilter(SecurityContextHolderFilter.java:69) ~[spring-security-web-6.3.1.jar:6.3.1]
	at org.springframework.security.web.FilterChainProxy$VirtualFilterChain.doFilter(FilterChainProxy.java:374) ~[spring-security-web-6.3.1.jar:6.3.1]
	at org.springframework.security.web.context.request.async.WebAsyncManagerIntegrationFilter.doFilterInternal(WebAsyncManagerIntegrationFilter.java:62) ~[spring-security-web-6.3.1.jar:6.3.1]
	at org.springframework.web.filter.OncePerRequestFilter.doFilter(OncePerRequestFilter.java:116) ~[spring-web-6.1.10.jar:6.1.10]
	at org.springframework.security.web.FilterChainProxy$VirtualFilterChain.doFilter(FilterChainProxy.java:374) ~[spring-security-web-6.3.1.jar:6.3.1]
	at org.springframework.security.web.session.DisableEncodeUrlFilter.doFilterInternal(DisableEncodeUrlFilter.java:42) ~[spring-security-web-6.3.1.jar:6.3.1]
	at org.springframework.web.filter.OncePerRequestFilter.doFilter(OncePerRequestFilter.java:116) ~[spring-web-6.1.10.jar:6.1.10]
	at org.springframework.security.web.FilterChainProxy$VirtualFilterChain.doFilter(FilterChainProxy.java:374) ~[spring-security-web-6.3.1.jar:6.3.1]
	at org.springframework.security.web.FilterChainProxy.doFilterInternal(FilterChainProxy.java:233) ~[spring-security-web-6.3.1.jar:6.3.1]
	at org.springframework.security.web.FilterChainProxy.doFilter(FilterChainProxy.java:191) ~[spring-security-web-6.3.1.jar:6.3.1]
	at org.springframework.web.filter.CompositeFilter$VirtualFilterChain.doFilter(CompositeFilter.java:113) ~[spring-web-6.1.10.jar:6.1.10]
	at org.springframework.web.servlet.handler.HandlerMappingIntrospector.lambda$createCacheFilter$3(HandlerMappingIntrospector.java:195) ~[spring-webmvc-6.1.10.jar:6.1.10]
	at org.springframework.web.filter.CompositeFilter$VirtualFilterChain.doFilter(CompositeFilter.java:113) ~[spring-web-6.1.10.jar:6.1.10]
	at org.springframework.web.filter.CompositeFilter.doFilter(CompositeFilter.java:74) ~[spring-web-6.1.10.jar:6.1.10]
	at org.springframework.security.config.annotation.web.configuration.WebMvcSecurityConfiguration$CompositeFilterChainProxy.doFilter(WebMvcSecurityConfiguration.java:230) ~[spring-security-config-6.3.1.jar:6.3.1]
	at org.springframework.web.filter.DelegatingFilterProxy.invokeDelegate(DelegatingFilterProxy.java:352) ~[spring-web-6.1.10.jar:6.1.10]
	at org.springframework.web.filter.DelegatingFilterProxy.doFilter(DelegatingFilterProxy.java:268) ~[spring-web-6.1.10.jar:6.1.10]
	at org.apache.catalina.core.ApplicationFilterChain.internalDoFilter(ApplicationFilterChain.java:164) ~[tomcat-embed-core-10.1.25.jar:10.1.25]
	at org.apache.catalina.core.ApplicationFilterChain.doFilter(ApplicationFilterChain.java:140) ~[tomcat-embed-core-10.1.25.jar:10.1.25]
	at org.springframework.web.filter.RequestContextFilter.doFilterInternal(RequestContextFilter.java:100) ~[spring-web-6.1.10.jar:6.1.10]
	at org.springframework.web.filter.OncePerRequestFilter.doFilter(OncePerRequestFilter.java:116) ~[spring-web-6.1.10.jar:6.1.10]
	at org.apache.catalina.core.ApplicationFilterChain.internalDoFilter(ApplicationFilterChain.java:164) ~[tomcat-embed-core-10.1.25.jar:10.1.25]
	at org.apache.catalina.core.ApplicationFilterChain.doFilter(ApplicationFilterChain.java:140) ~[tomcat-embed-core-10.1.25.jar:10.1.25]
	at org.springframework.web.filter.FormContentFilter.doFilterInternal(FormContentFilter.java:93) ~[spring-web-6.1.10.jar:6.1.10]
	at org.springframework.web.filter.OncePerRequestFilter.doFilter(OncePerRequestFilter.java:116) ~[spring-web-6.1.10.jar:6.1.10]
	at org.apache.catalina.core.ApplicationFilterChain.internalDoFilter(ApplicationFilterChain.java:164) ~[tomcat-embed-core-10.1.25.jar:10.1.25]
	at org.apache.catalina.core.ApplicationFilterChain.doFilter(ApplicationFilterChain.java:140) ~[tomcat-embed-core-10.1.25.jar:10.1.25]
	at org.springframework.web.filter.CharacterEncodingFilter.doFilterInternal(CharacterEncodingFilter.java:201) ~[spring-web-6.1.10.jar:6.1.10]
	at org.springframework.web.filter.OncePerRequestFilter.doFilter(OncePerRequestFilter.java:116) ~[spring-web-6.1.10.jar:6.1.10]
	at org.apache.catalina.core.ApplicationFilterChain.internalDoFilter(ApplicationFilterChain.java:164) ~[tomcat-embed-core-10.1.25.jar:10.1.25]
	at org.apache.catalina.core.ApplicationFilterChain.doFilter(ApplicationFilterChain.java:140) ~[tomcat-embed-core-10.1.25.jar:10.1.25]
	at org.apache.catalina.core.StandardWrapperValve.invoke(StandardWrapperValve.java:167) ~[tomcat-embed-core-10.1.25.jar:10.1.25]
	at org.apache.catalina.core.StandardContextValve.invoke(StandardContextValve.java:90) ~[tomcat-embed-core-10.1.25.jar:10.1.25]
	at org.apache.catalina.authenticator.AuthenticatorBase.invoke(AuthenticatorBase.java:482) ~[tomcat-embed-core-10.1.25.jar:10.1.25]
	at org.apache.catalina.core.StandardHostValve.invoke(StandardHostValve.java:115) ~[tomcat-embed-core-10.1.25.jar:10.1.25]
	at org.apache.catalina.valves.ErrorReportValve.invoke(ErrorReportValve.java:93) ~[tomcat-embed-core-10.1.25.jar:10.1.25]
	at org.apache.catalina.core.StandardEngineValve.invoke(StandardEngineValve.java:74) ~[tomcat-embed-core-10.1.25.jar:10.1.25]
	at org.apache.catalina.connector.CoyoteAdapter.service(CoyoteAdapter.java:344) ~[tomcat-embed-core-10.1.25.jar:10.1.25]
	at org.apache.coyote.http11.Http11Processor.service(Http11Processor.java:389) ~[tomcat-embed-core-10.1.25.jar:10.1.25]
	at org.apache.coyote.AbstractProcessorLight.process(AbstractProcessorLight.java:63) ~[tomcat-embed-core-10.1.25.jar:10.1.25]
	at org.apache.coyote.AbstractProtocol$ConnectionHandler.process(AbstractProtocol.java:904) ~[tomcat-embed-core-10.1.25.jar:10.1.25]
	at org.apache.tomcat.util.net.NioEndpoint$SocketProcessor.doRun(NioEndpoint.java:1741) ~[tomcat-embed-core-10.1.25.jar:10.1.25]
	at org.apache.tomcat.util.net.SocketProcessorBase.run(SocketProcessorBase.java:52) ~[tomcat-embed-core-10.1.25.jar:10.1.25]
	at org.apache.tomcat.util.threads.ThreadPoolExecutor.runWorker(ThreadPoolExecutor.java:1190) ~[tomcat-embed-core-10.1.25.jar:10.1.25]
	at org.apache.tomcat.util.threads.ThreadPoolExecutor$Worker.run(ThreadPoolExecutor.java:659) ~[tomcat-embed-core-10.1.25.jar:10.1.25]
	at org.apache.tomcat.util.threads.TaskThread$WrappingRunnable.run(TaskThread.java:63) ~[tomcat-embed-core-10.1.25.jar:10.1.25]
	at java.base/java.lang.Thread.run(Thread.java:842) ~[na:na]

2024-08-22T15:54:13.383-07:00  INFO 9715 --- [person] [SpringApplicationShutdownHook] j.LocalContainerEntityManagerFactoryBean : Closing JPA EntityManagerFactory for persistence unit 'default'
2024-08-22T15:54:13.400-07:00  INFO 9715 --- [person] [SpringApplicationShutdownHook] com.zaxxer.hikari.HikariDataSource       : HikariPool-1 - Shutdown initiated...
2024-08-22T15:54:13.411-07:00  INFO 9715 --- [person] [SpringApplicationShutdownHook] com.zaxxer.hikari.HikariDataSource       : HikariPool-1 - Shutdown completed.
2024-08-22T15:54:21.294-07:00  INFO 9788 --- [person] [main] b.i.diplom.person.PersonApplication      : Starting PersonApplication using Java 17.0.11 with PID 9788 (/Users/mihail/Documents/free-party/party-web/project-manager/person/target/classes started by mihail in /Users/mihail/Documents/free-party/party-web/project-manager)
2024-08-22T15:54:21.299-07:00  INFO 9788 --- [person] [main] b.i.diplom.person.PersonApplication      : No active profile set, falling back to 1 default profile: "default"
2024-08-22T15:54:22.217-07:00  INFO 9788 --- [person] [main] .s.d.r.c.RepositoryConfigurationDelegate : Multiple Spring Data modules found, entering strict repository configuration mode
2024-08-22T15:54:22.217-07:00  INFO 9788 --- [person] [main] .s.d.r.c.RepositoryConfigurationDelegate : Bootstrapping Spring Data Redis repositories in DEFAULT mode.
2024-08-22T15:54:22.248-07:00  INFO 9788 --- [person] [main] .s.d.r.c.RepositoryConfigurationDelegate : Finished Spring Data repository scanning in 6 ms. Found 0 Redis repository interfaces.
2024-08-22T15:54:22.260-07:00  INFO 9788 --- [person] [main] .s.d.r.c.RepositoryConfigurationDelegate : Multiple Spring Data modules found, entering strict repository configuration mode
2024-08-22T15:54:22.261-07:00  INFO 9788 --- [person] [main] .s.d.r.c.RepositoryConfigurationDelegate : Bootstrapping Spring Data JPA repositories in DEFAULT mode.
2024-08-22T15:54:22.571-07:00  INFO 9788 --- [person] [main] .s.d.r.c.RepositoryConfigurationDelegate : Finished Spring Data repository scanning in 305 ms. Found 16 JPA repository interfaces.
2024-08-22T15:54:22.916-07:00  INFO 9788 --- [person] [main] .s.d.r.c.RepositoryConfigurationDelegate : Multiple Spring Data modules found, entering strict repository configuration mode
2024-08-22T15:54:22.916-07:00  INFO 9788 --- [person] [main] .s.d.r.c.RepositoryConfigurationDelegate : Bootstrapping Spring Data Redis repositories in DEFAULT mode.
2024-08-22T15:54:22.931-07:00  INFO 9788 --- [person] [main] .s.d.r.c.RepositoryConfigurationDelegate : Finished Spring Data repository scanning in 14 ms. Found 0 Redis repository interfaces.
2024-08-22T15:54:23.971-07:00  INFO 9788 --- [person] [main] o.s.b.w.embedded.tomcat.TomcatWebServer  : Tomcat initialized with port 8081 (http)
2024-08-22T15:54:23.988-07:00  INFO 9788 --- [person] [main] o.apache.catalina.core.StandardService   : Starting service [Tomcat]
2024-08-22T15:54:23.988-07:00  INFO 9788 --- [person] [main] o.apache.catalina.core.StandardEngine    : Starting Servlet engine: [Apache Tomcat/10.1.25]
2024-08-22T15:54:24.086-07:00  INFO 9788 --- [person] [main] o.a.c.c.C.[Tomcat].[localhost].[/]       : Initializing Spring embedded WebApplicationContext
2024-08-22T15:54:24.086-07:00  INFO 9788 --- [person] [main] w.s.c.ServletWebServerApplicationContext : Root WebApplicationContext: initialization completed in 2707 ms
2024-08-22T15:54:24.413-07:00  INFO 9788 --- [person] [main] o.hibernate.jpa.internal.util.LogHelper  : HHH000204: Processing PersistenceUnitInfo [name: default]
2024-08-22T15:54:24.494-07:00  INFO 9788 --- [person] [main] org.hibernate.Version                    : HHH000412: Hibernate ORM core version 6.5.2.Final
2024-08-22T15:54:24.537-07:00  INFO 9788 --- [person] [main] o.h.c.internal.RegionFactoryInitiator    : HHH000026: Second-level cache disabled
2024-08-22T15:54:24.955-07:00  INFO 9788 --- [person] [main] o.s.o.j.p.SpringPersistenceUnitInfo      : No LoadTimeWeaver setup: ignoring JPA class transformer
2024-08-22T15:54:25.017-07:00  INFO 9788 --- [person] [main] com.zaxxer.hikari.HikariDataSource       : HikariPool-1 - Starting...
2024-08-22T15:54:25.147-07:00  INFO 9788 --- [person] [main] com.zaxxer.hikari.pool.HikariPool        : HikariPool-1 - Added connection org.postgresql.jdbc.PgConnection@4fa8297b
2024-08-22T15:54:25.149-07:00  INFO 9788 --- [person] [main] com.zaxxer.hikari.HikariDataSource       : HikariPool-1 - Start completed.
2024-08-22T15:54:26.964-07:00  INFO 9788 --- [person] [main] o.h.e.t.j.p.i.JtaPlatformInitiator       : HHH000489: No JTA platform available (set 'hibernate.transaction.jta.platform' to enable JTA platform integration)
2024-08-22T15:54:27.309-07:00  INFO 9788 --- [person] [main] j.LocalContainerEntityManagerFactoryBean : Initialized JPA EntityManagerFactory for persistence unit 'default'
2024-08-22T15:54:27.923-07:00  INFO 9788 --- [person] [main] o.s.d.j.r.query.QueryEnhancerFactory     : Hibernate is in classpath; If applicable, HQL parser will be used.
2024-08-22T15:54:29.436-07:00  WARN 9788 --- [person] [main] JpaBaseConfiguration$JpaWebConfiguration : spring.jpa.open-in-view is enabled by default. Therefore, database queries may be performed during view rendering. Explicitly configure spring.jpa.open-in-view to disable this warning
2024-08-22T15:54:31.380-07:00  INFO 9788 --- [person] [main] o.a.k.clients.admin.AdminClientConfig    : AdminClientConfig values: 
	auto.include.jmx.reporter = true
	bootstrap.controllers = []
	bootstrap.servers = [localhost:9092]
	client.dns.lookup = use_all_dns_ips
	client.id = person-admin-0
	connections.max.idle.ms = 300000
	default.api.timeout.ms = 60000
	enable.metrics.push = true
	metadata.max.age.ms = 300000
	metric.reporters = []
	metrics.num.samples = 2
	metrics.recording.level = INFO
	metrics.sample.window.ms = 30000
	receive.buffer.bytes = 65536
	reconnect.backoff.max.ms = 1000
	reconnect.backoff.ms = 50
	request.timeout.ms = 30000
	retries = 2147483647
	retry.backoff.max.ms = 1000
	retry.backoff.ms = 100
	sasl.client.callback.handler.class = null
	sasl.jaas.config = null
	sasl.kerberos.kinit.cmd = /usr/bin/kinit
	sasl.kerberos.min.time.before.relogin = 60000
	sasl.kerberos.service.name = null
	sasl.kerberos.ticket.renew.jitter = 0.05
	sasl.kerberos.ticket.renew.window.factor = 0.8
	sasl.login.callback.handler.class = null
	sasl.login.class = null
	sasl.login.connect.timeout.ms = null
	sasl.login.read.timeout.ms = null
	sasl.login.refresh.buffer.seconds = 300
	sasl.login.refresh.min.period.seconds = 60
	sasl.login.refresh.window.factor = 0.8
	sasl.login.refresh.window.jitter = 0.05
	sasl.login.retry.backoff.max.ms = 10000
	sasl.login.retry.backoff.ms = 100
	sasl.mechanism = GSSAPI
	sasl.oauthbearer.clock.skew.seconds = 30
	sasl.oauthbearer.expected.audience = null
	sasl.oauthbearer.expected.issuer = null
	sasl.oauthbearer.jwks.endpoint.refresh.ms = 3600000
	sasl.oauthbearer.jwks.endpoint.retry.backoff.max.ms = 10000
	sasl.oauthbearer.jwks.endpoint.retry.backoff.ms = 100
	sasl.oauthbearer.jwks.endpoint.url = null
	sasl.oauthbearer.scope.claim.name = scope
	sasl.oauthbearer.sub.claim.name = sub
	sasl.oauthbearer.token.endpoint.url = null
	security.protocol = PLAINTEXT
	security.providers = null
	send.buffer.bytes = 131072
	socket.connection.setup.timeout.max.ms = 30000
	socket.connection.setup.timeout.ms = 10000
	ssl.cipher.suites = null
	ssl.enabled.protocols = [TLSv1.2, TLSv1.3]
	ssl.endpoint.identification.algorithm = https
	ssl.engine.factory.class = null
	ssl.key.password = null
	ssl.keymanager.algorithm = SunX509
	ssl.keystore.certificate.chain = null
	ssl.keystore.key = null
	ssl.keystore.location = null
	ssl.keystore.password = null
	ssl.keystore.type = JKS
	ssl.protocol = TLSv1.3
	ssl.provider = null
	ssl.secure.random.implementation = null
	ssl.trustmanager.algorithm = PKIX
	ssl.truststore.certificates = null
	ssl.truststore.location = null
	ssl.truststore.password = null
	ssl.truststore.type = JKS

2024-08-22T15:54:31.486-07:00  INFO 9788 --- [person] [main] o.a.kafka.common.utils.AppInfoParser     : Kafka version: 3.7.0
2024-08-22T15:54:31.487-07:00  INFO 9788 --- [person] [main] o.a.kafka.common.utils.AppInfoParser     : Kafka commitId: 2ae524ed625438c5
2024-08-22T15:54:31.487-07:00  INFO 9788 --- [person] [main] o.a.kafka.common.utils.AppInfoParser     : Kafka startTimeMs: 1724367271485
2024-08-22T15:54:32.033-07:00  INFO 9788 --- [person] [kafka-admin-client-thread | person-admin-0] o.a.kafka.common.utils.AppInfoParser     : App info kafka.admin.client for person-admin-0 unregistered
2024-08-22T15:54:32.041-07:00  INFO 9788 --- [person] [kafka-admin-client-thread | person-admin-0] o.apache.kafka.common.metrics.Metrics    : Metrics scheduler closed
2024-08-22T15:54:32.041-07:00  INFO 9788 --- [person] [kafka-admin-client-thread | person-admin-0] o.apache.kafka.common.metrics.Metrics    : Closing reporter org.apache.kafka.common.metrics.JmxReporter
2024-08-22T15:54:32.041-07:00  INFO 9788 --- [person] [kafka-admin-client-thread | person-admin-0] o.apache.kafka.common.metrics.Metrics    : Metrics reporters closed
2024-08-22T15:54:32.062-07:00  INFO 9788 --- [person] [main] o.s.b.w.embedded.tomcat.TomcatWebServer  : Tomcat started on port 8081 (http) with context path '/'
2024-08-22T15:54:32.076-07:00  INFO 9788 --- [person] [main] b.i.diplom.person.PersonApplication      : Started PersonApplication in 11.671 seconds (process running for 12.481)
2024-08-22T15:54:49.804-07:00  INFO 9788 --- [person] [http-nio-8081-exec-2] o.a.c.c.C.[Tomcat].[localhost].[/]       : Initializing Spring DispatcherServlet 'dispatcherServlet'
2024-08-22T15:54:49.805-07:00  INFO 9788 --- [person] [http-nio-8081-exec-2] o.s.web.servlet.DispatcherServlet        : Initializing Servlet 'dispatcherServlet'
2024-08-22T15:54:49.807-07:00  INFO 9788 --- [person] [http-nio-8081-exec-2] o.s.web.servlet.DispatcherServlet        : Completed initialization in 2 ms
2024-08-22T15:54:50.507-07:00  INFO 9788 --- [person] [http-nio-8081-exec-2] o.a.k.clients.producer.ProducerConfig    : ProducerConfig values: 
	acks = -1
	auto.include.jmx.reporter = true
	batch.size = 16384
	bootstrap.servers = [localhost:9092]
	buffer.memory = 33554432
	client.dns.lookup = use_all_dns_ips
	client.id = person-producer-1
	compression.type = none
	connections.max.idle.ms = 540000
	delivery.timeout.ms = 120000
	enable.idempotence = true
	enable.metrics.push = true
	interceptor.classes = []
	key.serializer = class org.apache.kafka.common.serialization.StringSerializer
	linger.ms = 0
	max.block.ms = 60000
	max.in.flight.requests.per.connection = 5
	max.request.size = 1048576
	metadata.max.age.ms = 300000
	metadata.max.idle.ms = 300000
	metric.reporters = []
	metrics.num.samples = 2
	metrics.recording.level = INFO
	metrics.sample.window.ms = 30000
	partitioner.adaptive.partitioning.enable = true
	partitioner.availability.timeout.ms = 0
	partitioner.class = null
	partitioner.ignore.keys = false
	receive.buffer.bytes = 32768
	reconnect.backoff.max.ms = 1000
	reconnect.backoff.ms = 50
	request.timeout.ms = 30000
	retries = 2147483647
	retry.backoff.max.ms = 1000
	retry.backoff.ms = 100
	sasl.client.callback.handler.class = null
	sasl.jaas.config = null
	sasl.kerberos.kinit.cmd = /usr/bin/kinit
	sasl.kerberos.min.time.before.relogin = 60000
	sasl.kerberos.service.name = null
	sasl.kerberos.ticket.renew.jitter = 0.05
	sasl.kerberos.ticket.renew.window.factor = 0.8
	sasl.login.callback.handler.class = null
	sasl.login.class = null
	sasl.login.connect.timeout.ms = null
	sasl.login.read.timeout.ms = null
	sasl.login.refresh.buffer.seconds = 300
	sasl.login.refresh.min.period.seconds = 60
	sasl.login.refresh.window.factor = 0.8
	sasl.login.refresh.window.jitter = 0.05
	sasl.login.retry.backoff.max.ms = 10000
	sasl.login.retry.backoff.ms = 100
	sasl.mechanism = GSSAPI
	sasl.oauthbearer.clock.skew.seconds = 30
	sasl.oauthbearer.expected.audience = null
	sasl.oauthbearer.expected.issuer = null
	sasl.oauthbearer.jwks.endpoint.refresh.ms = 3600000
	sasl.oauthbearer.jwks.endpoint.retry.backoff.max.ms = 10000
	sasl.oauthbearer.jwks.endpoint.retry.backoff.ms = 100
	sasl.oauthbearer.jwks.endpoint.url = null
	sasl.oauthbearer.scope.claim.name = scope
	sasl.oauthbearer.sub.claim.name = sub
	sasl.oauthbearer.token.endpoint.url = null
	security.protocol = PLAINTEXT
	security.providers = null
	send.buffer.bytes = 131072
	socket.connection.setup.timeout.max.ms = 30000
	socket.connection.setup.timeout.ms = 10000
	ssl.cipher.suites = null
	ssl.enabled.protocols = [TLSv1.2, TLSv1.3]
	ssl.endpoint.identification.algorithm = https
	ssl.engine.factory.class = null
	ssl.key.password = null
	ssl.keymanager.algorithm = SunX509
	ssl.keystore.certificate.chain = null
	ssl.keystore.key = null
	ssl.keystore.location = null
	ssl.keystore.password = null
	ssl.keystore.type = JKS
	ssl.protocol = TLSv1.3
	ssl.provider = null
	ssl.secure.random.implementation = null
	ssl.trustmanager.algorithm = PKIX
	ssl.truststore.certificates = null
	ssl.truststore.location = null
	ssl.truststore.password = null
	ssl.truststore.type = JKS
	transaction.timeout.ms = 60000
	transactional.id = null
	value.serializer = class org.springframework.kafka.support.serializer.JsonSerializer

2024-08-22T15:54:50.647-07:00  INFO 9788 --- [person] [http-nio-8081-exec-2] o.a.k.c.t.i.KafkaMetricsCollector        : initializing Kafka metrics collector
2024-08-22T15:54:50.692-07:00  INFO 9788 --- [person] [http-nio-8081-exec-2] o.a.k.clients.producer.KafkaProducer     : [Producer clientId=person-producer-1] Instantiated an idempotent producer.
2024-08-22T15:54:50.750-07:00  INFO 9788 --- [person] [http-nio-8081-exec-2] o.a.kafka.common.utils.AppInfoParser     : Kafka version: 3.7.0
2024-08-22T15:54:50.750-07:00  INFO 9788 --- [person] [http-nio-8081-exec-2] o.a.kafka.common.utils.AppInfoParser     : Kafka commitId: 2ae524ed625438c5
2024-08-22T15:54:50.751-07:00  INFO 9788 --- [person] [http-nio-8081-exec-2] o.a.kafka.common.utils.AppInfoParser     : Kafka startTimeMs: 1724367290750
2024-08-22T15:54:50.818-07:00  INFO 9788 --- [person] [kafka-producer-network-thread | person-producer-1] org.apache.kafka.clients.Metadata        : [Producer clientId=person-producer-1] Cluster ID: tr3XKmmJRl6V8PKhBsjWOQ
2024-08-22T15:54:50.845-07:00  INFO 9788 --- [person] [kafka-producer-network-thread | person-producer-1] o.a.k.c.p.internals.TransactionManager   : [Producer clientId=person-producer-1] ProducerId set to 43001 with epoch 0
2024-08-22T15:58:19.739-07:00  INFO 9788 --- [person] [SpringApplicationShutdownHook] o.a.k.clients.producer.KafkaProducer     : [Producer clientId=person-producer-1] Closing the Kafka producer with timeoutMillis = 30000 ms.
2024-08-22T15:58:19.816-07:00  INFO 9788 --- [person] [SpringApplicationShutdownHook] o.apache.kafka.common.metrics.Metrics    : Metrics scheduler closed
2024-08-22T15:58:19.817-07:00  INFO 9788 --- [person] [SpringApplicationShutdownHook] o.apache.kafka.common.metrics.Metrics    : Closing reporter org.apache.kafka.common.metrics.JmxReporter
2024-08-22T15:58:19.817-07:00  INFO 9788 --- [person] [SpringApplicationShutdownHook] o.apache.kafka.common.metrics.Metrics    : Closing reporter org.apache.kafka.common.telemetry.internals.ClientTelemetryReporter
2024-08-22T15:58:19.818-07:00  INFO 9788 --- [person] [SpringApplicationShutdownHook] o.apache.kafka.common.metrics.Metrics    : Metrics reporters closed
2024-08-22T15:58:19.821-07:00  INFO 9788 --- [person] [SpringApplicationShutdownHook] o.a.kafka.common.utils.AppInfoParser     : App info kafka.producer for person-producer-1 unregistered
2024-08-22T15:58:19.883-07:00  INFO 9788 --- [person] [SpringApplicationShutdownHook] j.LocalContainerEntityManagerFactoryBean : Closing JPA EntityManagerFactory for persistence unit 'default'
2024-08-22T15:58:19.897-07:00  INFO 9788 --- [person] [SpringApplicationShutdownHook] com.zaxxer.hikari.HikariDataSource       : HikariPool-1 - Shutdown initiated...
2024-08-22T15:58:19.909-07:00  INFO 9788 --- [person] [SpringApplicationShutdownHook] com.zaxxer.hikari.HikariDataSource       : HikariPool-1 - Shutdown completed.
2024-08-22T15:58:26.593-07:00  INFO 9915 --- [person] [main] b.i.diplom.person.PersonApplication      : Starting PersonApplication using Java 17.0.11 with PID 9915 (/Users/mihail/Documents/free-party/party-web/project-manager/person/target/classes started by mihail in /Users/mihail/Documents/free-party/party-web/project-manager)
2024-08-22T15:58:26.596-07:00  INFO 9915 --- [person] [main] b.i.diplom.person.PersonApplication      : No active profile set, falling back to 1 default profile: "default"
2024-08-22T15:58:27.498-07:00  INFO 9915 --- [person] [main] .s.d.r.c.RepositoryConfigurationDelegate : Multiple Spring Data modules found, entering strict repository configuration mode
2024-08-22T15:58:27.498-07:00  INFO 9915 --- [person] [main] .s.d.r.c.RepositoryConfigurationDelegate : Bootstrapping Spring Data Redis repositories in DEFAULT mode.
2024-08-22T15:58:27.530-07:00  INFO 9915 --- [person] [main] .s.d.r.c.RepositoryConfigurationDelegate : Finished Spring Data repository scanning in 6 ms. Found 0 Redis repository interfaces.
2024-08-22T15:58:27.543-07:00  INFO 9915 --- [person] [main] .s.d.r.c.RepositoryConfigurationDelegate : Multiple Spring Data modules found, entering strict repository configuration mode
2024-08-22T15:58:27.544-07:00  INFO 9915 --- [person] [main] .s.d.r.c.RepositoryConfigurationDelegate : Bootstrapping Spring Data JPA repositories in DEFAULT mode.
2024-08-22T15:58:27.894-07:00  INFO 9915 --- [person] [main] .s.d.r.c.RepositoryConfigurationDelegate : Finished Spring Data repository scanning in 343 ms. Found 16 JPA repository interfaces.
2024-08-22T15:58:28.314-07:00  INFO 9915 --- [person] [main] .s.d.r.c.RepositoryConfigurationDelegate : Multiple Spring Data modules found, entering strict repository configuration mode
2024-08-22T15:58:28.314-07:00  INFO 9915 --- [person] [main] .s.d.r.c.RepositoryConfigurationDelegate : Bootstrapping Spring Data Redis repositories in DEFAULT mode.
2024-08-22T15:58:28.328-07:00  INFO 9915 --- [person] [main] .s.d.r.c.RepositoryConfigurationDelegate : Finished Spring Data repository scanning in 13 ms. Found 0 Redis repository interfaces.
2024-08-22T15:58:29.352-07:00  INFO 9915 --- [person] [main] o.s.b.w.embedded.tomcat.TomcatWebServer  : Tomcat initialized with port 8081 (http)
2024-08-22T15:58:29.371-07:00  INFO 9915 --- [person] [main] o.apache.catalina.core.StandardService   : Starting service [Tomcat]
2024-08-22T15:58:29.371-07:00  INFO 9915 --- [person] [main] o.apache.catalina.core.StandardEngine    : Starting Servlet engine: [Apache Tomcat/10.1.25]
2024-08-22T15:58:29.460-07:00  INFO 9915 --- [person] [main] o.a.c.c.C.[Tomcat].[localhost].[/]       : Initializing Spring embedded WebApplicationContext
2024-08-22T15:58:29.460-07:00  INFO 9915 --- [person] [main] w.s.c.ServletWebServerApplicationContext : Root WebApplicationContext: initialization completed in 2803 ms
2024-08-22T15:58:29.773-07:00  INFO 9915 --- [person] [main] o.hibernate.jpa.internal.util.LogHelper  : HHH000204: Processing PersistenceUnitInfo [name: default]
2024-08-22T15:58:29.850-07:00  INFO 9915 --- [person] [main] org.hibernate.Version                    : HHH000412: Hibernate ORM core version 6.5.2.Final
2024-08-22T15:58:29.892-07:00  INFO 9915 --- [person] [main] o.h.c.internal.RegionFactoryInitiator    : HHH000026: Second-level cache disabled
2024-08-22T15:58:30.314-07:00  INFO 9915 --- [person] [main] o.s.o.j.p.SpringPersistenceUnitInfo      : No LoadTimeWeaver setup: ignoring JPA class transformer
2024-08-22T15:58:30.346-07:00  INFO 9915 --- [person] [main] com.zaxxer.hikari.HikariDataSource       : HikariPool-1 - Starting...
2024-08-22T15:58:30.474-07:00  INFO 9915 --- [person] [main] com.zaxxer.hikari.pool.HikariPool        : HikariPool-1 - Added connection org.postgresql.jdbc.PgConnection@25e95af1
2024-08-22T15:58:30.476-07:00  INFO 9915 --- [person] [main] com.zaxxer.hikari.HikariDataSource       : HikariPool-1 - Start completed.
2024-08-22T15:58:32.288-07:00  INFO 9915 --- [person] [main] o.h.e.t.j.p.i.JtaPlatformInitiator       : HHH000489: No JTA platform available (set 'hibernate.transaction.jta.platform' to enable JTA platform integration)
2024-08-22T15:58:32.627-07:00  INFO 9915 --- [person] [main] j.LocalContainerEntityManagerFactoryBean : Initialized JPA EntityManagerFactory for persistence unit 'default'
2024-08-22T15:58:33.158-07:00  INFO 9915 --- [person] [main] o.s.d.j.r.query.QueryEnhancerFactory     : Hibernate is in classpath; If applicable, HQL parser will be used.
2024-08-22T15:58:34.952-07:00  WARN 9915 --- [person] [main] JpaBaseConfiguration$JpaWebConfiguration : spring.jpa.open-in-view is enabled by default. Therefore, database queries may be performed during view rendering. Explicitly configure spring.jpa.open-in-view to disable this warning
2024-08-22T15:58:36.545-07:00  INFO 9915 --- [person] [main] o.a.k.clients.admin.AdminClientConfig    : AdminClientConfig values: 
	auto.include.jmx.reporter = true
	bootstrap.controllers = []
	bootstrap.servers = [localhost:9092]
	client.dns.lookup = use_all_dns_ips
	client.id = person-admin-0
	connections.max.idle.ms = 300000
	default.api.timeout.ms = 60000
	enable.metrics.push = true
	metadata.max.age.ms = 300000
	metric.reporters = []
	metrics.num.samples = 2
	metrics.recording.level = INFO
	metrics.sample.window.ms = 30000
	receive.buffer.bytes = 65536
	reconnect.backoff.max.ms = 1000
	reconnect.backoff.ms = 50
	request.timeout.ms = 30000
	retries = 2147483647
	retry.backoff.max.ms = 1000
	retry.backoff.ms = 100
	sasl.client.callback.handler.class = null
	sasl.jaas.config = null
	sasl.kerberos.kinit.cmd = /usr/bin/kinit
	sasl.kerberos.min.time.before.relogin = 60000
	sasl.kerberos.service.name = null
	sasl.kerberos.ticket.renew.jitter = 0.05
	sasl.kerberos.ticket.renew.window.factor = 0.8
	sasl.login.callback.handler.class = null
	sasl.login.class = null
	sasl.login.connect.timeout.ms = null
	sasl.login.read.timeout.ms = null
	sasl.login.refresh.buffer.seconds = 300
	sasl.login.refresh.min.period.seconds = 60
	sasl.login.refresh.window.factor = 0.8
	sasl.login.refresh.window.jitter = 0.05
	sasl.login.retry.backoff.max.ms = 10000
	sasl.login.retry.backoff.ms = 100
	sasl.mechanism = GSSAPI
	sasl.oauthbearer.clock.skew.seconds = 30
	sasl.oauthbearer.expected.audience = null
	sasl.oauthbearer.expected.issuer = null
	sasl.oauthbearer.jwks.endpoint.refresh.ms = 3600000
	sasl.oauthbearer.jwks.endpoint.retry.backoff.max.ms = 10000
	sasl.oauthbearer.jwks.endpoint.retry.backoff.ms = 100
	sasl.oauthbearer.jwks.endpoint.url = null
	sasl.oauthbearer.scope.claim.name = scope
	sasl.oauthbearer.sub.claim.name = sub
	sasl.oauthbearer.token.endpoint.url = null
	security.protocol = PLAINTEXT
	security.providers = null
	send.buffer.bytes = 131072
	socket.connection.setup.timeout.max.ms = 30000
	socket.connection.setup.timeout.ms = 10000
	ssl.cipher.suites = null
	ssl.enabled.protocols = [TLSv1.2, TLSv1.3]
	ssl.endpoint.identification.algorithm = https
	ssl.engine.factory.class = null
	ssl.key.password = null
	ssl.keymanager.algorithm = SunX509
	ssl.keystore.certificate.chain = null
	ssl.keystore.key = null
	ssl.keystore.location = null
	ssl.keystore.password = null
	ssl.keystore.type = JKS
	ssl.protocol = TLSv1.3
	ssl.provider = null
	ssl.secure.random.implementation = null
	ssl.trustmanager.algorithm = PKIX
	ssl.truststore.certificates = null
	ssl.truststore.location = null
	ssl.truststore.password = null
	ssl.truststore.type = JKS

2024-08-22T15:58:36.646-07:00  INFO 9915 --- [person] [main] o.a.kafka.common.utils.AppInfoParser     : Kafka version: 3.7.0
2024-08-22T15:58:36.647-07:00  INFO 9915 --- [person] [main] o.a.kafka.common.utils.AppInfoParser     : Kafka commitId: 2ae524ed625438c5
2024-08-22T15:58:36.647-07:00  INFO 9915 --- [person] [main] o.a.kafka.common.utils.AppInfoParser     : Kafka startTimeMs: 1724367516644
2024-08-22T15:58:37.230-07:00  INFO 9915 --- [person] [kafka-admin-client-thread | person-admin-0] o.a.kafka.common.utils.AppInfoParser     : App info kafka.admin.client for person-admin-0 unregistered
2024-08-22T15:58:37.237-07:00  INFO 9915 --- [person] [kafka-admin-client-thread | person-admin-0] o.apache.kafka.common.metrics.Metrics    : Metrics scheduler closed
2024-08-22T15:58:37.238-07:00  INFO 9915 --- [person] [kafka-admin-client-thread | person-admin-0] o.apache.kafka.common.metrics.Metrics    : Closing reporter org.apache.kafka.common.metrics.JmxReporter
2024-08-22T15:58:37.238-07:00  INFO 9915 --- [person] [kafka-admin-client-thread | person-admin-0] o.apache.kafka.common.metrics.Metrics    : Metrics reporters closed
2024-08-22T15:58:37.258-07:00  INFO 9915 --- [person] [main] o.s.b.w.embedded.tomcat.TomcatWebServer  : Tomcat started on port 8081 (http) with context path '/'
2024-08-22T15:58:37.272-07:00  INFO 9915 --- [person] [main] b.i.diplom.person.PersonApplication      : Started PersonApplication in 11.492 seconds (process running for 12.368)
2024-08-22T15:58:55.877-07:00  INFO 9915 --- [person] [http-nio-8081-exec-2] o.a.c.c.C.[Tomcat].[localhost].[/]       : Initializing Spring DispatcherServlet 'dispatcherServlet'
2024-08-22T15:58:55.879-07:00  INFO 9915 --- [person] [http-nio-8081-exec-2] o.s.web.servlet.DispatcherServlet        : Initializing Servlet 'dispatcherServlet'
2024-08-22T15:58:55.881-07:00  INFO 9915 --- [person] [http-nio-8081-exec-2] o.s.web.servlet.DispatcherServlet        : Completed initialization in 2 ms
2024-08-22T15:59:04.081-07:00  INFO 9915 --- [person] [http-nio-8081-exec-4] o.a.k.clients.producer.ProducerConfig    : ProducerConfig values: 
	acks = -1
	auto.include.jmx.reporter = true
	batch.size = 16384
	bootstrap.servers = [localhost:9092]
	buffer.memory = 33554432
	client.dns.lookup = use_all_dns_ips
	client.id = person-producer-1
	compression.type = none
	connections.max.idle.ms = 540000
	delivery.timeout.ms = 120000
	enable.idempotence = true
	enable.metrics.push = true
	interceptor.classes = []
	key.serializer = class org.apache.kafka.common.serialization.StringSerializer
	linger.ms = 0
	max.block.ms = 60000
	max.in.flight.requests.per.connection = 5
	max.request.size = 1048576
	metadata.max.age.ms = 300000
	metadata.max.idle.ms = 300000
	metric.reporters = []
	metrics.num.samples = 2
	metrics.recording.level = INFO
	metrics.sample.window.ms = 30000
	partitioner.adaptive.partitioning.enable = true
	partitioner.availability.timeout.ms = 0
	partitioner.class = null
	partitioner.ignore.keys = false
	receive.buffer.bytes = 32768
	reconnect.backoff.max.ms = 1000
	reconnect.backoff.ms = 50
	request.timeout.ms = 30000
	retries = 2147483647
	retry.backoff.max.ms = 1000
	retry.backoff.ms = 100
	sasl.client.callback.handler.class = null
	sasl.jaas.config = null
	sasl.kerberos.kinit.cmd = /usr/bin/kinit
	sasl.kerberos.min.time.before.relogin = 60000
	sasl.kerberos.service.name = null
	sasl.kerberos.ticket.renew.jitter = 0.05
	sasl.kerberos.ticket.renew.window.factor = 0.8
	sasl.login.callback.handler.class = null
	sasl.login.class = null
	sasl.login.connect.timeout.ms = null
	sasl.login.read.timeout.ms = null
	sasl.login.refresh.buffer.seconds = 300
	sasl.login.refresh.min.period.seconds = 60
	sasl.login.refresh.window.factor = 0.8
	sasl.login.refresh.window.jitter = 0.05
	sasl.login.retry.backoff.max.ms = 10000
	sasl.login.retry.backoff.ms = 100
	sasl.mechanism = GSSAPI
	sasl.oauthbearer.clock.skew.seconds = 30
	sasl.oauthbearer.expected.audience = null
	sasl.oauthbearer.expected.issuer = null
	sasl.oauthbearer.jwks.endpoint.refresh.ms = 3600000
	sasl.oauthbearer.jwks.endpoint.retry.backoff.max.ms = 10000
	sasl.oauthbearer.jwks.endpoint.retry.backoff.ms = 100
	sasl.oauthbearer.jwks.endpoint.url = null
	sasl.oauthbearer.scope.claim.name = scope
	sasl.oauthbearer.sub.claim.name = sub
	sasl.oauthbearer.token.endpoint.url = null
	security.protocol = PLAINTEXT
	security.providers = null
	send.buffer.bytes = 131072
	socket.connection.setup.timeout.max.ms = 30000
	socket.connection.setup.timeout.ms = 10000
	ssl.cipher.suites = null
	ssl.enabled.protocols = [TLSv1.2, TLSv1.3]
	ssl.endpoint.identification.algorithm = https
	ssl.engine.factory.class = null
	ssl.key.password = null
	ssl.keymanager.algorithm = SunX509
	ssl.keystore.certificate.chain = null
	ssl.keystore.key = null
	ssl.keystore.location = null
	ssl.keystore.password = null
	ssl.keystore.type = JKS
	ssl.protocol = TLSv1.3
	ssl.provider = null
	ssl.secure.random.implementation = null
	ssl.trustmanager.algorithm = PKIX
	ssl.truststore.certificates = null
	ssl.truststore.location = null
	ssl.truststore.password = null
	ssl.truststore.type = JKS
	transaction.timeout.ms = 60000
	transactional.id = null
	value.serializer = class org.springframework.kafka.support.serializer.JsonSerializer

2024-08-22T15:59:04.155-07:00  INFO 9915 --- [person] [http-nio-8081-exec-4] o.a.k.c.t.i.KafkaMetricsCollector        : initializing Kafka metrics collector
2024-08-22T15:59:04.176-07:00  INFO 9915 --- [person] [http-nio-8081-exec-4] o.a.k.clients.producer.KafkaProducer     : [Producer clientId=person-producer-1] Instantiated an idempotent producer.
2024-08-22T15:59:04.211-07:00  INFO 9915 --- [person] [http-nio-8081-exec-4] o.a.kafka.common.utils.AppInfoParser     : Kafka version: 3.7.0
2024-08-22T15:59:04.211-07:00  INFO 9915 --- [person] [http-nio-8081-exec-4] o.a.kafka.common.utils.AppInfoParser     : Kafka commitId: 2ae524ed625438c5
2024-08-22T15:59:04.211-07:00  INFO 9915 --- [person] [http-nio-8081-exec-4] o.a.kafka.common.utils.AppInfoParser     : Kafka startTimeMs: 1724367544211
2024-08-22T15:59:04.231-07:00  INFO 9915 --- [person] [kafka-producer-network-thread | person-producer-1] org.apache.kafka.clients.Metadata        : [Producer clientId=person-producer-1] Cluster ID: tr3XKmmJRl6V8PKhBsjWOQ
2024-08-22T15:59:04.235-07:00  INFO 9915 --- [person] [kafka-producer-network-thread | person-producer-1] o.a.k.c.p.internals.TransactionManager   : [Producer clientId=person-producer-1] ProducerId set to 43002 with epoch 0
2024-08-22T15:59:04.398-07:00  WARN 9915 --- [person] [http-nio-8081-exec-4] o.h.engine.jdbc.spi.SqlExceptionHelper   : SQL Error: 0, SQLState: 23503
2024-08-22T15:59:04.398-07:00 ERROR 9915 --- [person] [http-nio-8081-exec-4] o.h.engine.jdbc.spi.SqlExceptionHelper   : ERROR: insert or update on table "party" violates foreign key constraint "fkit1ktrtoxs0uyasomks2j5tey"
  Подробности: Key (image_id)=(3) is not present in table "images".
2024-08-22T15:59:04.415-07:00 ERROR 9915 --- [person] [http-nio-8081-exec-4] o.a.c.c.C.[.[.[/].[dispatcherServlet]    : Servlet.service() for servlet [dispatcherServlet] in context with path [] threw exception [Request processing failed: org.springframework.dao.DataIntegrityViolationException: could not execute statement [ERROR: insert or update on table "party" violates foreign key constraint "fkit1ktrtoxs0uyasomks2j5tey"
  Подробности: Key (image_id)=(3) is not present in table "images".] [update party set age_restriction=?,average_rate=?,city=?,coordinates=?,count_of_places=?,created_at=?,date_of_event=?,description=?,image_id=?,minimal_rating=?,name=?,person_id=?,status_id=?,ticket_cost=?,type_id=?,updated_at=? where id=?]; SQL [update party set age_restriction=?,average_rate=?,city=?,coordinates=?,count_of_places=?,created_at=?,date_of_event=?,description=?,image_id=?,minimal_rating=?,name=?,person_id=?,status_id=?,ticket_cost=?,type_id=?,updated_at=? where id=?]; constraint [fkit1ktrtoxs0uyasomks2j5tey]] with root cause

org.postgresql.util.PSQLException: ERROR: insert or update on table "party" violates foreign key constraint "fkit1ktrtoxs0uyasomks2j5tey"
  Подробности: Key (image_id)=(3) is not present in table "images".
	at org.postgresql.core.v3.QueryExecutorImpl.receiveErrorResponse(QueryExecutorImpl.java:2725) ~[postgresql-42.7.3.jar:42.7.3]
	at org.postgresql.core.v3.QueryExecutorImpl.processResults(QueryExecutorImpl.java:2412) ~[postgresql-42.7.3.jar:42.7.3]
	at org.postgresql.core.v3.QueryExecutorImpl.execute(QueryExecutorImpl.java:371) ~[postgresql-42.7.3.jar:42.7.3]
	at org.postgresql.jdbc.PgStatement.executeInternal(PgStatement.java:502) ~[postgresql-42.7.3.jar:42.7.3]
	at org.postgresql.jdbc.PgStatement.execute(PgStatement.java:419) ~[postgresql-42.7.3.jar:42.7.3]
	at org.postgresql.jdbc.PgPreparedStatement.executeWithFlags(PgPreparedStatement.java:194) ~[postgresql-42.7.3.jar:42.7.3]
	at org.postgresql.jdbc.PgPreparedStatement.executeUpdate(PgPreparedStatement.java:155) ~[postgresql-42.7.3.jar:42.7.3]
	at com.zaxxer.hikari.pool.ProxyPreparedStatement.executeUpdate(ProxyPreparedStatement.java:61) ~[HikariCP-5.1.0.jar:na]
	at com.zaxxer.hikari.pool.HikariProxyPreparedStatement.executeUpdate(HikariProxyPreparedStatement.java) ~[HikariCP-5.1.0.jar:na]
	at org.hibernate.engine.jdbc.internal.ResultSetReturnImpl.executeUpdate(ResultSetReturnImpl.java:194) ~[hibernate-core-6.5.2.Final.jar:6.5.2.Final]
	at org.hibernate.engine.jdbc.mutation.internal.AbstractMutationExecutor.performNonBatchedMutation(AbstractMutationExecutor.java:134) ~[hibernate-core-6.5.2.Final.jar:6.5.2.Final]
	at org.hibernate.engine.jdbc.mutation.internal.MutationExecutorSingleNonBatched.performNonBatchedOperations(MutationExecutorSingleNonBatched.java:55) ~[hibernate-core-6.5.2.Final.jar:6.5.2.Final]
	at org.hibernate.engine.jdbc.mutation.internal.AbstractMutationExecutor.execute(AbstractMutationExecutor.java:55) ~[hibernate-core-6.5.2.Final.jar:6.5.2.Final]
	at org.hibernate.persister.entity.mutation.UpdateCoordinatorStandard.doStaticUpdate(UpdateCoordinatorStandard.java:781) ~[hibernate-core-6.5.2.Final.jar:6.5.2.Final]
	at org.hibernate.persister.entity.mutation.UpdateCoordinatorStandard.performUpdate(UpdateCoordinatorStandard.java:328) ~[hibernate-core-6.5.2.Final.jar:6.5.2.Final]
	at org.hibernate.persister.entity.mutation.UpdateCoordinatorStandard.update(UpdateCoordinatorStandard.java:245) ~[hibernate-core-6.5.2.Final.jar:6.5.2.Final]
	at org.hibernate.action.internal.EntityUpdateAction.execute(EntityUpdateAction.java:169) ~[hibernate-core-6.5.2.Final.jar:6.5.2.Final]
	at org.hibernate.engine.spi.ActionQueue.executeActions(ActionQueue.java:632) ~[hibernate-core-6.5.2.Final.jar:6.5.2.Final]
	at org.hibernate.engine.spi.ActionQueue.executeActions(ActionQueue.java:499) ~[hibernate-core-6.5.2.Final.jar:6.5.2.Final]
	at org.hibernate.event.internal.AbstractFlushingEventListener.performExecutions(AbstractFlushingEventListener.java:371) ~[hibernate-core-6.5.2.Final.jar:6.5.2.Final]
	at org.hibernate.event.internal.DefaultFlushEventListener.onFlush(DefaultFlushEventListener.java:41) ~[hibernate-core-6.5.2.Final.jar:6.5.2.Final]
	at org.hibernate.event.service.internal.EventListenerGroupImpl.fireEventOnEachListener(EventListenerGroupImpl.java:127) ~[hibernate-core-6.5.2.Final.jar:6.5.2.Final]
	at org.hibernate.internal.SessionImpl.doFlush(SessionImpl.java:1425) ~[hibernate-core-6.5.2.Final.jar:6.5.2.Final]
	at org.hibernate.internal.SessionImpl.managedFlush(SessionImpl.java:487) ~[hibernate-core-6.5.2.Final.jar:6.5.2.Final]
	at org.hibernate.internal.SessionImpl.flushBeforeTransactionCompletion(SessionImpl.java:2324) ~[hibernate-core-6.5.2.Final.jar:6.5.2.Final]
	at org.hibernate.internal.SessionImpl.beforeTransactionCompletion(SessionImpl.java:1981) ~[hibernate-core-6.5.2.Final.jar:6.5.2.Final]
	at org.hibernate.engine.jdbc.internal.JdbcCoordinatorImpl.beforeTransactionCompletion(JdbcCoordinatorImpl.java:439) ~[hibernate-core-6.5.2.Final.jar:6.5.2.Final]
	at org.hibernate.resource.transaction.backend.jdbc.internal.JdbcResourceLocalTransactionCoordinatorImpl.beforeCompletionCallback(JdbcResourceLocalTransactionCoordinatorImpl.java:169) ~[hibernate-core-6.5.2.Final.jar:6.5.2.Final]
	at org.hibernate.resource.transaction.backend.jdbc.internal.JdbcResourceLocalTransactionCoordinatorImpl$TransactionDriverControlImpl.commit(JdbcResourceLocalTransactionCoordinatorImpl.java:267) ~[hibernate-core-6.5.2.Final.jar:6.5.2.Final]
	at org.hibernate.engine.transaction.internal.TransactionImpl.commit(TransactionImpl.java:101) ~[hibernate-core-6.5.2.Final.jar:6.5.2.Final]
	at org.springframework.orm.jpa.JpaTransactionManager.doCommit(JpaTransactionManager.java:562) ~[spring-orm-6.1.10.jar:6.1.10]
	at org.springframework.transaction.support.AbstractPlatformTransactionManager.processCommit(AbstractPlatformTransactionManager.java:795) ~[spring-tx-6.1.10.jar:6.1.10]
	at org.springframework.transaction.support.AbstractPlatformTransactionManager.commit(AbstractPlatformTransactionManager.java:758) ~[spring-tx-6.1.10.jar:6.1.10]
	at org.springframework.transaction.interceptor.TransactionAspectSupport.commitTransactionAfterReturning(TransactionAspectSupport.java:676) ~[spring-tx-6.1.10.jar:6.1.10]
	at org.springframework.transaction.interceptor.TransactionAspectSupport.invokeWithinTransaction(TransactionAspectSupport.java:426) ~[spring-tx-6.1.10.jar:6.1.10]
	at org.springframework.transaction.interceptor.TransactionInterceptor.invoke(TransactionInterceptor.java:119) ~[spring-tx-6.1.10.jar:6.1.10]
	at org.springframework.aop.framework.ReflectiveMethodInvocation.proceed(ReflectiveMethodInvocation.java:184) ~[spring-aop-6.1.10.jar:6.1.10]
	at org.springframework.aop.framework.CglibAopProxy$CglibMethodInvocation.proceed(CglibAopProxy.java:768) ~[spring-aop-6.1.10.jar:6.1.10]
	at org.springframework.aop.framework.CglibAopProxy$DynamicAdvisedInterceptor.intercept(CglibAopProxy.java:720) ~[spring-aop-6.1.10.jar:6.1.10]
	at by.intexsoft.diplom.person.service.request.CrudPartyRequestService$$SpringCGLIB$$0.createPartyRequest(<generated>) ~[classes/:na]
	at by.intexsoft.diplom.person.controller.OrganizerController.createParty(OrganizerController.java:29) ~[classes/:na]
	at java.base/jdk.internal.reflect.NativeMethodAccessorImpl.invoke0(Native Method) ~[na:na]
	at java.base/jdk.internal.reflect.NativeMethodAccessorImpl.invoke(NativeMethodAccessorImpl.java:77) ~[na:na]
	at java.base/jdk.internal.reflect.DelegatingMethodAccessorImpl.invoke(DelegatingMethodAccessorImpl.java:43) ~[na:na]
	at java.base/java.lang.reflect.Method.invoke(Method.java:568) ~[na:na]
	at org.springframework.web.method.support.InvocableHandlerMethod.doInvoke(InvocableHandlerMethod.java:255) ~[spring-web-6.1.10.jar:6.1.10]
	at org.springframework.web.method.support.InvocableHandlerMethod.invokeForRequest(InvocableHandlerMethod.java:188) ~[spring-web-6.1.10.jar:6.1.10]
	at org.springframework.web.servlet.mvc.method.annotation.ServletInvocableHandlerMethod.invokeAndHandle(ServletInvocableHandlerMethod.java:118) ~[spring-webmvc-6.1.10.jar:6.1.10]
	at org.springframework.web.servlet.mvc.method.annotation.RequestMappingHandlerAdapter.invokeHandlerMethod(RequestMappingHandlerAdapter.java:926) ~[spring-webmvc-6.1.10.jar:6.1.10]
	at org.springframework.web.servlet.mvc.method.annotation.RequestMappingHandlerAdapter.handleInternal(RequestMappingHandlerAdapter.java:831) ~[spring-webmvc-6.1.10.jar:6.1.10]
	at org.springframework.web.servlet.mvc.method.AbstractHandlerMethodAdapter.handle(AbstractHandlerMethodAdapter.java:87) ~[spring-webmvc-6.1.10.jar:6.1.10]
	at org.springframework.web.servlet.DispatcherServlet.doDispatch(DispatcherServlet.java:1089) ~[spring-webmvc-6.1.10.jar:6.1.10]
	at org.springframework.web.servlet.DispatcherServlet.doService(DispatcherServlet.java:979) ~[spring-webmvc-6.1.10.jar:6.1.10]
	at org.springframework.web.servlet.FrameworkServlet.processRequest(FrameworkServlet.java:1014) ~[spring-webmvc-6.1.10.jar:6.1.10]
	at org.springframework.web.servlet.FrameworkServlet.doPost(FrameworkServlet.java:914) ~[spring-webmvc-6.1.10.jar:6.1.10]
	at jakarta.servlet.http.HttpServlet.service(HttpServlet.java:590) ~[tomcat-embed-core-10.1.25.jar:6.0]
	at org.springframework.web.servlet.FrameworkServlet.service(FrameworkServlet.java:885) ~[spring-webmvc-6.1.10.jar:6.1.10]
	at jakarta.servlet.http.HttpServlet.service(HttpServlet.java:658) ~[tomcat-embed-core-10.1.25.jar:6.0]
	at org.apache.catalina.core.ApplicationFilterChain.internalDoFilter(ApplicationFilterChain.java:195) ~[tomcat-embed-core-10.1.25.jar:10.1.25]
	at org.apache.catalina.core.ApplicationFilterChain.doFilter(ApplicationFilterChain.java:140) ~[tomcat-embed-core-10.1.25.jar:10.1.25]
	at org.apache.tomcat.websocket.server.WsFilter.doFilter(WsFilter.java:51) ~[tomcat-embed-websocket-10.1.25.jar:10.1.25]
	at org.apache.catalina.core.ApplicationFilterChain.internalDoFilter(ApplicationFilterChain.java:164) ~[tomcat-embed-core-10.1.25.jar:10.1.25]
	at org.apache.catalina.core.ApplicationFilterChain.doFilter(ApplicationFilterChain.java:140) ~[tomcat-embed-core-10.1.25.jar:10.1.25]
	at org.springframework.web.filter.CompositeFilter$VirtualFilterChain.doFilter(CompositeFilter.java:108) ~[spring-web-6.1.10.jar:6.1.10]
	at org.springframework.security.web.FilterChainProxy.lambda$doFilterInternal$3(FilterChainProxy.java:231) ~[spring-security-web-6.3.1.jar:6.3.1]
	at org.springframework.security.web.FilterChainProxy$VirtualFilterChain.doFilter(FilterChainProxy.java:365) ~[spring-security-web-6.3.1.jar:6.3.1]
	at org.springframework.security.web.access.intercept.AuthorizationFilter.doFilter(AuthorizationFilter.java:100) ~[spring-security-web-6.3.1.jar:6.3.1]
	at org.springframework.security.web.FilterChainProxy$VirtualFilterChain.doFilter(FilterChainProxy.java:374) ~[spring-security-web-6.3.1.jar:6.3.1]
	at org.springframework.security.web.access.ExceptionTranslationFilter.doFilter(ExceptionTranslationFilter.java:126) ~[spring-security-web-6.3.1.jar:6.3.1]
	at org.springframework.security.web.access.ExceptionTranslationFilter.doFilter(ExceptionTranslationFilter.java:120) ~[spring-security-web-6.3.1.jar:6.3.1]
	at org.springframework.security.web.FilterChainProxy$VirtualFilterChain.doFilter(FilterChainProxy.java:374) ~[spring-security-web-6.3.1.jar:6.3.1]
	at org.springframework.security.web.session.SessionManagementFilter.doFilter(SessionManagementFilter.java:131) ~[spring-security-web-6.3.1.jar:6.3.1]
	at org.springframework.security.web.session.SessionManagementFilter.doFilter(SessionManagementFilter.java:85) ~[spring-security-web-6.3.1.jar:6.3.1]
	at org.springframework.security.web.FilterChainProxy$VirtualFilterChain.doFilter(FilterChainProxy.java:374) ~[spring-security-web-6.3.1.jar:6.3.1]
	at org.springframework.security.web.authentication.AnonymousAuthenticationFilter.doFilter(AnonymousAuthenticationFilter.java:100) ~[spring-security-web-6.3.1.jar:6.3.1]
	at org.springframework.security.web.FilterChainProxy$VirtualFilterChain.doFilter(FilterChainProxy.java:374) ~[spring-security-web-6.3.1.jar:6.3.1]
	at org.springframework.security.web.servletapi.SecurityContextHolderAwareRequestFilter.doFilter(SecurityContextHolderAwareRequestFilter.java:179) ~[spring-security-web-6.3.1.jar:6.3.1]
	at org.springframework.security.web.FilterChainProxy$VirtualFilterChain.doFilter(FilterChainProxy.java:374) ~[spring-security-web-6.3.1.jar:6.3.1]
	at org.springframework.security.web.savedrequest.RequestCacheAwareFilter.doFilter(RequestCacheAwareFilter.java:63) ~[spring-security-web-6.3.1.jar:6.3.1]
	at org.springframework.security.web.FilterChainProxy$VirtualFilterChain.doFilter(FilterChainProxy.java:374) ~[spring-security-web-6.3.1.jar:6.3.1]
	at org.springframework.security.oauth2.server.resource.web.authentication.BearerTokenAuthenticationFilter.doFilterInternal(BearerTokenAuthenticationFilter.java:145) ~[spring-security-oauth2-resource-server-6.3.1.jar:6.3.1]
	at org.springframework.web.filter.OncePerRequestFilter.doFilter(OncePerRequestFilter.java:116) ~[spring-web-6.1.10.jar:6.1.10]
	at org.springframework.security.web.FilterChainProxy$VirtualFilterChain.doFilter(FilterChainProxy.java:374) ~[spring-security-web-6.3.1.jar:6.3.1]
	at org.springframework.security.web.authentication.ui.DefaultLogoutPageGeneratingFilter.doFilterInternal(DefaultLogoutPageGeneratingFilter.java:58) ~[spring-security-web-6.3.1.jar:6.3.1]
	at org.springframework.web.filter.OncePerRequestFilter.doFilter(OncePerRequestFilter.java:116) ~[spring-web-6.1.10.jar:6.1.10]
	at org.springframework.security.web.FilterChainProxy$VirtualFilterChain.doFilter(FilterChainProxy.java:374) ~[spring-security-web-6.3.1.jar:6.3.1]
	at org.springframework.security.web.authentication.ui.DefaultLoginPageGeneratingFilter.doFilter(DefaultLoginPageGeneratingFilter.java:189) ~[spring-security-web-6.3.1.jar:6.3.1]
	at org.springframework.security.web.authentication.ui.DefaultLoginPageGeneratingFilter.doFilter(DefaultLoginPageGeneratingFilter.java:175) ~[spring-security-web-6.3.1.jar:6.3.1]
	at org.springframework.security.web.FilterChainProxy$VirtualFilterChain.doFilter(FilterChainProxy.java:374) ~[spring-security-web-6.3.1.jar:6.3.1]
	at org.springframework.security.web.authentication.AbstractAuthenticationProcessingFilter.doFilter(AbstractAuthenticationProcessingFilter.java:227) ~[spring-security-web-6.3.1.jar:6.3.1]
	at org.springframework.security.web.authentication.AbstractAuthenticationProcessingFilter.doFilter(AbstractAuthenticationProcessingFilter.java:221) ~[spring-security-web-6.3.1.jar:6.3.1]
	at org.springframework.security.web.FilterChainProxy$VirtualFilterChain.doFilter(FilterChainProxy.java:374) ~[spring-security-web-6.3.1.jar:6.3.1]
	at org.springframework.security.oauth2.client.web.OAuth2AuthorizationRequestRedirectFilter.doFilterInternal(OAuth2AuthorizationRequestRedirectFilter.java:198) ~[spring-security-oauth2-client-6.3.1.jar:6.3.1]
	at org.springframework.web.filter.OncePerRequestFilter.doFilter(OncePerRequestFilter.java:116) ~[spring-web-6.1.10.jar:6.1.10]
	at org.springframework.security.web.FilterChainProxy$VirtualFilterChain.doFilter(FilterChainProxy.java:374) ~[spring-security-web-6.3.1.jar:6.3.1]
	at org.springframework.security.web.authentication.logout.LogoutFilter.doFilter(LogoutFilter.java:107) ~[spring-security-web-6.3.1.jar:6.3.1]
	at org.springframework.security.web.authentication.logout.LogoutFilter.doFilter(LogoutFilter.java:93) ~[spring-security-web-6.3.1.jar:6.3.1]
	at org.springframework.security.web.FilterChainProxy$VirtualFilterChain.doFilter(FilterChainProxy.java:374) ~[spring-security-web-6.3.1.jar:6.3.1]
	at org.springframework.web.filter.CorsFilter.doFilterInternal(CorsFilter.java:91) ~[spring-web-6.1.10.jar:6.1.10]
	at org.springframework.web.filter.OncePerRequestFilter.doFilter(OncePerRequestFilter.java:116) ~[spring-web-6.1.10.jar:6.1.10]
	at org.springframework.security.web.FilterChainProxy$VirtualFilterChain.doFilter(FilterChainProxy.java:374) ~[spring-security-web-6.3.1.jar:6.3.1]
	at org.springframework.security.web.header.HeaderWriterFilter.doHeadersAfter(HeaderWriterFilter.java:90) ~[spring-security-web-6.3.1.jar:6.3.1]
	at org.springframework.security.web.header.HeaderWriterFilter.doFilterInternal(HeaderWriterFilter.java:75) ~[spring-security-web-6.3.1.jar:6.3.1]
	at org.springframework.web.filter.OncePerRequestFilter.doFilter(OncePerRequestFilter.java:116) ~[spring-web-6.1.10.jar:6.1.10]
	at org.springframework.security.web.FilterChainProxy$VirtualFilterChain.doFilter(FilterChainProxy.java:374) ~[spring-security-web-6.3.1.jar:6.3.1]
	at org.springframework.security.web.context.SecurityContextHolderFilter.doFilter(SecurityContextHolderFilter.java:82) ~[spring-security-web-6.3.1.jar:6.3.1]
	at org.springframework.security.web.context.SecurityContextHolderFilter.doFilter(SecurityContextHolderFilter.java:69) ~[spring-security-web-6.3.1.jar:6.3.1]
	at org.springframework.security.web.FilterChainProxy$VirtualFilterChain.doFilter(FilterChainProxy.java:374) ~[spring-security-web-6.3.1.jar:6.3.1]
	at org.springframework.security.web.context.request.async.WebAsyncManagerIntegrationFilter.doFilterInternal(WebAsyncManagerIntegrationFilter.java:62) ~[spring-security-web-6.3.1.jar:6.3.1]
	at org.springframework.web.filter.OncePerRequestFilter.doFilter(OncePerRequestFilter.java:116) ~[spring-web-6.1.10.jar:6.1.10]
	at org.springframework.security.web.FilterChainProxy$VirtualFilterChain.doFilter(FilterChainProxy.java:374) ~[spring-security-web-6.3.1.jar:6.3.1]
	at org.springframework.security.web.session.DisableEncodeUrlFilter.doFilterInternal(DisableEncodeUrlFilter.java:42) ~[spring-security-web-6.3.1.jar:6.3.1]
	at org.springframework.web.filter.OncePerRequestFilter.doFilter(OncePerRequestFilter.java:116) ~[spring-web-6.1.10.jar:6.1.10]
	at org.springframework.security.web.FilterChainProxy$VirtualFilterChain.doFilter(FilterChainProxy.java:374) ~[spring-security-web-6.3.1.jar:6.3.1]
	at org.springframework.security.web.FilterChainProxy.doFilterInternal(FilterChainProxy.java:233) ~[spring-security-web-6.3.1.jar:6.3.1]
	at org.springframework.security.web.FilterChainProxy.doFilter(FilterChainProxy.java:191) ~[spring-security-web-6.3.1.jar:6.3.1]
	at org.springframework.web.filter.CompositeFilter$VirtualFilterChain.doFilter(CompositeFilter.java:113) ~[spring-web-6.1.10.jar:6.1.10]
	at org.springframework.web.servlet.handler.HandlerMappingIntrospector.lambda$createCacheFilter$3(HandlerMappingIntrospector.java:195) ~[spring-webmvc-6.1.10.jar:6.1.10]
	at org.springframework.web.filter.CompositeFilter$VirtualFilterChain.doFilter(CompositeFilter.java:113) ~[spring-web-6.1.10.jar:6.1.10]
	at org.springframework.web.filter.CompositeFilter.doFilter(CompositeFilter.java:74) ~[spring-web-6.1.10.jar:6.1.10]
	at org.springframework.security.config.annotation.web.configuration.WebMvcSecurityConfiguration$CompositeFilterChainProxy.doFilter(WebMvcSecurityConfiguration.java:230) ~[spring-security-config-6.3.1.jar:6.3.1]
	at org.springframework.web.filter.DelegatingFilterProxy.invokeDelegate(DelegatingFilterProxy.java:352) ~[spring-web-6.1.10.jar:6.1.10]
	at org.springframework.web.filter.DelegatingFilterProxy.doFilter(DelegatingFilterProxy.java:268) ~[spring-web-6.1.10.jar:6.1.10]
	at org.apache.catalina.core.ApplicationFilterChain.internalDoFilter(ApplicationFilterChain.java:164) ~[tomcat-embed-core-10.1.25.jar:10.1.25]
	at org.apache.catalina.core.ApplicationFilterChain.doFilter(ApplicationFilterChain.java:140) ~[tomcat-embed-core-10.1.25.jar:10.1.25]
	at org.springframework.web.filter.RequestContextFilter.doFilterInternal(RequestContextFilter.java:100) ~[spring-web-6.1.10.jar:6.1.10]
	at org.springframework.web.filter.OncePerRequestFilter.doFilter(OncePerRequestFilter.java:116) ~[spring-web-6.1.10.jar:6.1.10]
	at org.apache.catalina.core.ApplicationFilterChain.internalDoFilter(ApplicationFilterChain.java:164) ~[tomcat-embed-core-10.1.25.jar:10.1.25]
	at org.apache.catalina.core.ApplicationFilterChain.doFilter(ApplicationFilterChain.java:140) ~[tomcat-embed-core-10.1.25.jar:10.1.25]
	at org.springframework.web.filter.FormContentFilter.doFilterInternal(FormContentFilter.java:93) ~[spring-web-6.1.10.jar:6.1.10]
	at org.springframework.web.filter.OncePerRequestFilter.doFilter(OncePerRequestFilter.java:116) ~[spring-web-6.1.10.jar:6.1.10]
	at org.apache.catalina.core.ApplicationFilterChain.internalDoFilter(ApplicationFilterChain.java:164) ~[tomcat-embed-core-10.1.25.jar:10.1.25]
	at org.apache.catalina.core.ApplicationFilterChain.doFilter(ApplicationFilterChain.java:140) ~[tomcat-embed-core-10.1.25.jar:10.1.25]
	at org.springframework.web.filter.CharacterEncodingFilter.doFilterInternal(CharacterEncodingFilter.java:201) ~[spring-web-6.1.10.jar:6.1.10]
	at org.springframework.web.filter.OncePerRequestFilter.doFilter(OncePerRequestFilter.java:116) ~[spring-web-6.1.10.jar:6.1.10]
	at org.apache.catalina.core.ApplicationFilterChain.internalDoFilter(ApplicationFilterChain.java:164) ~[tomcat-embed-core-10.1.25.jar:10.1.25]
	at org.apache.catalina.core.ApplicationFilterChain.doFilter(ApplicationFilterChain.java:140) ~[tomcat-embed-core-10.1.25.jar:10.1.25]
	at org.apache.catalina.core.StandardWrapperValve.invoke(StandardWrapperValve.java:167) ~[tomcat-embed-core-10.1.25.jar:10.1.25]
	at org.apache.catalina.core.StandardContextValve.invoke(StandardContextValve.java:90) ~[tomcat-embed-core-10.1.25.jar:10.1.25]
	at org.apache.catalina.authenticator.AuthenticatorBase.invoke(AuthenticatorBase.java:482) ~[tomcat-embed-core-10.1.25.jar:10.1.25]
	at org.apache.catalina.core.StandardHostValve.invoke(StandardHostValve.java:115) ~[tomcat-embed-core-10.1.25.jar:10.1.25]
	at org.apache.catalina.valves.ErrorReportValve.invoke(ErrorReportValve.java:93) ~[tomcat-embed-core-10.1.25.jar:10.1.25]
	at org.apache.catalina.core.StandardEngineValve.invoke(StandardEngineValve.java:74) ~[tomcat-embed-core-10.1.25.jar:10.1.25]
	at org.apache.catalina.connector.CoyoteAdapter.service(CoyoteAdapter.java:344) ~[tomcat-embed-core-10.1.25.jar:10.1.25]
	at org.apache.coyote.http11.Http11Processor.service(Http11Processor.java:389) ~[tomcat-embed-core-10.1.25.jar:10.1.25]
	at org.apache.coyote.AbstractProcessorLight.process(AbstractProcessorLight.java:63) ~[tomcat-embed-core-10.1.25.jar:10.1.25]
	at org.apache.coyote.AbstractProtocol$ConnectionHandler.process(AbstractProtocol.java:904) ~[tomcat-embed-core-10.1.25.jar:10.1.25]
	at org.apache.tomcat.util.net.NioEndpoint$SocketProcessor.doRun(NioEndpoint.java:1741) ~[tomcat-embed-core-10.1.25.jar:10.1.25]
	at org.apache.tomcat.util.net.SocketProcessorBase.run(SocketProcessorBase.java:52) ~[tomcat-embed-core-10.1.25.jar:10.1.25]
	at org.apache.tomcat.util.threads.ThreadPoolExecutor.runWorker(ThreadPoolExecutor.java:1190) ~[tomcat-embed-core-10.1.25.jar:10.1.25]
	at org.apache.tomcat.util.threads.ThreadPoolExecutor$Worker.run(ThreadPoolExecutor.java:659) ~[tomcat-embed-core-10.1.25.jar:10.1.25]
	at org.apache.tomcat.util.threads.TaskThread$WrappingRunnable.run(TaskThread.java:63) ~[tomcat-embed-core-10.1.25.jar:10.1.25]
	at java.base/java.lang.Thread.run(Thread.java:842) ~[na:na]

2024-08-22T16:00:17.631-07:00  WARN 9915 --- [person] [http-nio-8081-exec-6] o.h.engine.jdbc.spi.SqlExceptionHelper   : SQL Error: 0, SQLState: 23503
2024-08-22T16:00:17.635-07:00 ERROR 9915 --- [person] [http-nio-8081-exec-6] o.h.engine.jdbc.spi.SqlExceptionHelper   : ERROR: insert or update on table "party" violates foreign key constraint "fkit1ktrtoxs0uyasomks2j5tey"
  Подробности: Key (image_id)=(4) is not present in table "images".
2024-08-22T16:00:17.656-07:00 ERROR 9915 --- [person] [http-nio-8081-exec-6] o.a.c.c.C.[.[.[/].[dispatcherServlet]    : Servlet.service() for servlet [dispatcherServlet] in context with path [] threw exception [Request processing failed: org.springframework.dao.DataIntegrityViolationException: could not execute statement [ERROR: insert or update on table "party" violates foreign key constraint "fkit1ktrtoxs0uyasomks2j5tey"
  Подробности: Key (image_id)=(4) is not present in table "images".] [update party set age_restriction=?,average_rate=?,city=?,coordinates=?,count_of_places=?,created_at=?,date_of_event=?,description=?,image_id=?,minimal_rating=?,name=?,person_id=?,status_id=?,ticket_cost=?,type_id=?,updated_at=? where id=?]; SQL [update party set age_restriction=?,average_rate=?,city=?,coordinates=?,count_of_places=?,created_at=?,date_of_event=?,description=?,image_id=?,minimal_rating=?,name=?,person_id=?,status_id=?,ticket_cost=?,type_id=?,updated_at=? where id=?]; constraint [fkit1ktrtoxs0uyasomks2j5tey]] with root cause

org.postgresql.util.PSQLException: ERROR: insert or update on table "party" violates foreign key constraint "fkit1ktrtoxs0uyasomks2j5tey"
  Подробности: Key (image_id)=(4) is not present in table "images".
	at org.postgresql.core.v3.QueryExecutorImpl.receiveErrorResponse(QueryExecutorImpl.java:2725) ~[postgresql-42.7.3.jar:42.7.3]
	at org.postgresql.core.v3.QueryExecutorImpl.processResults(QueryExecutorImpl.java:2412) ~[postgresql-42.7.3.jar:42.7.3]
	at org.postgresql.core.v3.QueryExecutorImpl.execute(QueryExecutorImpl.java:371) ~[postgresql-42.7.3.jar:42.7.3]
	at org.postgresql.jdbc.PgStatement.executeInternal(PgStatement.java:502) ~[postgresql-42.7.3.jar:42.7.3]
	at org.postgresql.jdbc.PgStatement.execute(PgStatement.java:419) ~[postgresql-42.7.3.jar:42.7.3]
	at org.postgresql.jdbc.PgPreparedStatement.executeWithFlags(PgPreparedStatement.java:194) ~[postgresql-42.7.3.jar:42.7.3]
	at org.postgresql.jdbc.PgPreparedStatement.executeUpdate(PgPreparedStatement.java:155) ~[postgresql-42.7.3.jar:42.7.3]
	at com.zaxxer.hikari.pool.ProxyPreparedStatement.executeUpdate(ProxyPreparedStatement.java:61) ~[HikariCP-5.1.0.jar:na]
	at com.zaxxer.hikari.pool.HikariProxyPreparedStatement.executeUpdate(HikariProxyPreparedStatement.java) ~[HikariCP-5.1.0.jar:na]
	at org.hibernate.engine.jdbc.internal.ResultSetReturnImpl.executeUpdate(ResultSetReturnImpl.java:194) ~[hibernate-core-6.5.2.Final.jar:6.5.2.Final]
	at org.hibernate.engine.jdbc.mutation.internal.AbstractMutationExecutor.performNonBatchedMutation(AbstractMutationExecutor.java:134) ~[hibernate-core-6.5.2.Final.jar:6.5.2.Final]
	at org.hibernate.engine.jdbc.mutation.internal.MutationExecutorSingleNonBatched.performNonBatchedOperations(MutationExecutorSingleNonBatched.java:55) ~[hibernate-core-6.5.2.Final.jar:6.5.2.Final]
	at org.hibernate.engine.jdbc.mutation.internal.AbstractMutationExecutor.execute(AbstractMutationExecutor.java:55) ~[hibernate-core-6.5.2.Final.jar:6.5.2.Final]
	at org.hibernate.persister.entity.mutation.UpdateCoordinatorStandard.doStaticUpdate(UpdateCoordinatorStandard.java:781) ~[hibernate-core-6.5.2.Final.jar:6.5.2.Final]
	at org.hibernate.persister.entity.mutation.UpdateCoordinatorStandard.performUpdate(UpdateCoordinatorStandard.java:328) ~[hibernate-core-6.5.2.Final.jar:6.5.2.Final]
	at org.hibernate.persister.entity.mutation.UpdateCoordinatorStandard.update(UpdateCoordinatorStandard.java:245) ~[hibernate-core-6.5.2.Final.jar:6.5.2.Final]
	at org.hibernate.action.internal.EntityUpdateAction.execute(EntityUpdateAction.java:169) ~[hibernate-core-6.5.2.Final.jar:6.5.2.Final]
	at org.hibernate.engine.spi.ActionQueue.executeActions(ActionQueue.java:632) ~[hibernate-core-6.5.2.Final.jar:6.5.2.Final]
	at org.hibernate.engine.spi.ActionQueue.executeActions(ActionQueue.java:499) ~[hibernate-core-6.5.2.Final.jar:6.5.2.Final]
	at org.hibernate.event.internal.AbstractFlushingEventListener.performExecutions(AbstractFlushingEventListener.java:371) ~[hibernate-core-6.5.2.Final.jar:6.5.2.Final]
	at org.hibernate.event.internal.DefaultFlushEventListener.onFlush(DefaultFlushEventListener.java:41) ~[hibernate-core-6.5.2.Final.jar:6.5.2.Final]
	at org.hibernate.event.service.internal.EventListenerGroupImpl.fireEventOnEachListener(EventListenerGroupImpl.java:127) ~[hibernate-core-6.5.2.Final.jar:6.5.2.Final]
	at org.hibernate.internal.SessionImpl.doFlush(SessionImpl.java:1425) ~[hibernate-core-6.5.2.Final.jar:6.5.2.Final]
	at org.hibernate.internal.SessionImpl.managedFlush(SessionImpl.java:487) ~[hibernate-core-6.5.2.Final.jar:6.5.2.Final]
	at org.hibernate.internal.SessionImpl.flushBeforeTransactionCompletion(SessionImpl.java:2324) ~[hibernate-core-6.5.2.Final.jar:6.5.2.Final]
	at org.hibernate.internal.SessionImpl.beforeTransactionCompletion(SessionImpl.java:1981) ~[hibernate-core-6.5.2.Final.jar:6.5.2.Final]
	at org.hibernate.engine.jdbc.internal.JdbcCoordinatorImpl.beforeTransactionCompletion(JdbcCoordinatorImpl.java:439) ~[hibernate-core-6.5.2.Final.jar:6.5.2.Final]
	at org.hibernate.resource.transaction.backend.jdbc.internal.JdbcResourceLocalTransactionCoordinatorImpl.beforeCompletionCallback(JdbcResourceLocalTransactionCoordinatorImpl.java:169) ~[hibernate-core-6.5.2.Final.jar:6.5.2.Final]
	at org.hibernate.resource.transaction.backend.jdbc.internal.JdbcResourceLocalTransactionCoordinatorImpl$TransactionDriverControlImpl.commit(JdbcResourceLocalTransactionCoordinatorImpl.java:267) ~[hibernate-core-6.5.2.Final.jar:6.5.2.Final]
	at org.hibernate.engine.transaction.internal.TransactionImpl.commit(TransactionImpl.java:101) ~[hibernate-core-6.5.2.Final.jar:6.5.2.Final]
	at org.springframework.orm.jpa.JpaTransactionManager.doCommit(JpaTransactionManager.java:562) ~[spring-orm-6.1.10.jar:6.1.10]
	at org.springframework.transaction.support.AbstractPlatformTransactionManager.processCommit(AbstractPlatformTransactionManager.java:795) ~[spring-tx-6.1.10.jar:6.1.10]
	at org.springframework.transaction.support.AbstractPlatformTransactionManager.commit(AbstractPlatformTransactionManager.java:758) ~[spring-tx-6.1.10.jar:6.1.10]
	at org.springframework.transaction.interceptor.TransactionAspectSupport.commitTransactionAfterReturning(TransactionAspectSupport.java:676) ~[spring-tx-6.1.10.jar:6.1.10]
	at org.springframework.transaction.interceptor.TransactionAspectSupport.invokeWithinTransaction(TransactionAspectSupport.java:426) ~[spring-tx-6.1.10.jar:6.1.10]
	at org.springframework.transaction.interceptor.TransactionInterceptor.invoke(TransactionInterceptor.java:119) ~[spring-tx-6.1.10.jar:6.1.10]
	at org.springframework.aop.framework.ReflectiveMethodInvocation.proceed(ReflectiveMethodInvocation.java:184) ~[spring-aop-6.1.10.jar:6.1.10]
	at org.springframework.aop.framework.CglibAopProxy$CglibMethodInvocation.proceed(CglibAopProxy.java:768) ~[spring-aop-6.1.10.jar:6.1.10]
	at org.springframework.aop.framework.CglibAopProxy$DynamicAdvisedInterceptor.intercept(CglibAopProxy.java:720) ~[spring-aop-6.1.10.jar:6.1.10]
	at by.intexsoft.diplom.person.service.request.CrudPartyRequestService$$SpringCGLIB$$0.createPartyRequest(<generated>) ~[classes/:na]
	at by.intexsoft.diplom.person.controller.OrganizerController.createParty(OrganizerController.java:29) ~[classes/:na]
	at java.base/jdk.internal.reflect.NativeMethodAccessorImpl.invoke0(Native Method) ~[na:na]
	at java.base/jdk.internal.reflect.NativeMethodAccessorImpl.invoke(NativeMethodAccessorImpl.java:77) ~[na:na]
	at java.base/jdk.internal.reflect.DelegatingMethodAccessorImpl.invoke(DelegatingMethodAccessorImpl.java:43) ~[na:na]
	at java.base/java.lang.reflect.Method.invoke(Method.java:568) ~[na:na]
	at org.springframework.web.method.support.InvocableHandlerMethod.doInvoke(InvocableHandlerMethod.java:255) ~[spring-web-6.1.10.jar:6.1.10]
	at org.springframework.web.method.support.InvocableHandlerMethod.invokeForRequest(InvocableHandlerMethod.java:188) ~[spring-web-6.1.10.jar:6.1.10]
	at org.springframework.web.servlet.mvc.method.annotation.ServletInvocableHandlerMethod.invokeAndHandle(ServletInvocableHandlerMethod.java:118) ~[spring-webmvc-6.1.10.jar:6.1.10]
	at org.springframework.web.servlet.mvc.method.annotation.RequestMappingHandlerAdapter.invokeHandlerMethod(RequestMappingHandlerAdapter.java:926) ~[spring-webmvc-6.1.10.jar:6.1.10]
	at org.springframework.web.servlet.mvc.method.annotation.RequestMappingHandlerAdapter.handleInternal(RequestMappingHandlerAdapter.java:831) ~[spring-webmvc-6.1.10.jar:6.1.10]
	at org.springframework.web.servlet.mvc.method.AbstractHandlerMethodAdapter.handle(AbstractHandlerMethodAdapter.java:87) ~[spring-webmvc-6.1.10.jar:6.1.10]
	at org.springframework.web.servlet.DispatcherServlet.doDispatch(DispatcherServlet.java:1089) ~[spring-webmvc-6.1.10.jar:6.1.10]
	at org.springframework.web.servlet.DispatcherServlet.doService(DispatcherServlet.java:979) ~[spring-webmvc-6.1.10.jar:6.1.10]
	at org.springframework.web.servlet.FrameworkServlet.processRequest(FrameworkServlet.java:1014) ~[spring-webmvc-6.1.10.jar:6.1.10]
	at org.springframework.web.servlet.FrameworkServlet.doPost(FrameworkServlet.java:914) ~[spring-webmvc-6.1.10.jar:6.1.10]
	at jakarta.servlet.http.HttpServlet.service(HttpServlet.java:590) ~[tomcat-embed-core-10.1.25.jar:6.0]
	at org.springframework.web.servlet.FrameworkServlet.service(FrameworkServlet.java:885) ~[spring-webmvc-6.1.10.jar:6.1.10]
	at jakarta.servlet.http.HttpServlet.service(HttpServlet.java:658) ~[tomcat-embed-core-10.1.25.jar:6.0]
	at org.apache.catalina.core.ApplicationFilterChain.internalDoFilter(ApplicationFilterChain.java:195) ~[tomcat-embed-core-10.1.25.jar:10.1.25]
	at org.apache.catalina.core.ApplicationFilterChain.doFilter(ApplicationFilterChain.java:140) ~[tomcat-embed-core-10.1.25.jar:10.1.25]
	at org.apache.tomcat.websocket.server.WsFilter.doFilter(WsFilter.java:51) ~[tomcat-embed-websocket-10.1.25.jar:10.1.25]
	at org.apache.catalina.core.ApplicationFilterChain.internalDoFilter(ApplicationFilterChain.java:164) ~[tomcat-embed-core-10.1.25.jar:10.1.25]
	at org.apache.catalina.core.ApplicationFilterChain.doFilter(ApplicationFilterChain.java:140) ~[tomcat-embed-core-10.1.25.jar:10.1.25]
	at org.springframework.web.filter.CompositeFilter$VirtualFilterChain.doFilter(CompositeFilter.java:108) ~[spring-web-6.1.10.jar:6.1.10]
	at org.springframework.security.web.FilterChainProxy.lambda$doFilterInternal$3(FilterChainProxy.java:231) ~[spring-security-web-6.3.1.jar:6.3.1]
	at org.springframework.security.web.FilterChainProxy$VirtualFilterChain.doFilter(FilterChainProxy.java:365) ~[spring-security-web-6.3.1.jar:6.3.1]
	at org.springframework.security.web.access.intercept.AuthorizationFilter.doFilter(AuthorizationFilter.java:100) ~[spring-security-web-6.3.1.jar:6.3.1]
	at org.springframework.security.web.FilterChainProxy$VirtualFilterChain.doFilter(FilterChainProxy.java:374) ~[spring-security-web-6.3.1.jar:6.3.1]
	at org.springframework.security.web.access.ExceptionTranslationFilter.doFilter(ExceptionTranslationFilter.java:126) ~[spring-security-web-6.3.1.jar:6.3.1]
	at org.springframework.security.web.access.ExceptionTranslationFilter.doFilter(ExceptionTranslationFilter.java:120) ~[spring-security-web-6.3.1.jar:6.3.1]
	at org.springframework.security.web.FilterChainProxy$VirtualFilterChain.doFilter(FilterChainProxy.java:374) ~[spring-security-web-6.3.1.jar:6.3.1]
	at org.springframework.security.web.session.SessionManagementFilter.doFilter(SessionManagementFilter.java:131) ~[spring-security-web-6.3.1.jar:6.3.1]
	at org.springframework.security.web.session.SessionManagementFilter.doFilter(SessionManagementFilter.java:85) ~[spring-security-web-6.3.1.jar:6.3.1]
	at org.springframework.security.web.FilterChainProxy$VirtualFilterChain.doFilter(FilterChainProxy.java:374) ~[spring-security-web-6.3.1.jar:6.3.1]
	at org.springframework.security.web.authentication.AnonymousAuthenticationFilter.doFilter(AnonymousAuthenticationFilter.java:100) ~[spring-security-web-6.3.1.jar:6.3.1]
	at org.springframework.security.web.FilterChainProxy$VirtualFilterChain.doFilter(FilterChainProxy.java:374) ~[spring-security-web-6.3.1.jar:6.3.1]
	at org.springframework.security.web.servletapi.SecurityContextHolderAwareRequestFilter.doFilter(SecurityContextHolderAwareRequestFilter.java:179) ~[spring-security-web-6.3.1.jar:6.3.1]
	at org.springframework.security.web.FilterChainProxy$VirtualFilterChain.doFilter(FilterChainProxy.java:374) ~[spring-security-web-6.3.1.jar:6.3.1]
	at org.springframework.security.web.savedrequest.RequestCacheAwareFilter.doFilter(RequestCacheAwareFilter.java:63) ~[spring-security-web-6.3.1.jar:6.3.1]
	at org.springframework.security.web.FilterChainProxy$VirtualFilterChain.doFilter(FilterChainProxy.java:374) ~[spring-security-web-6.3.1.jar:6.3.1]
	at org.springframework.security.oauth2.server.resource.web.authentication.BearerTokenAuthenticationFilter.doFilterInternal(BearerTokenAuthenticationFilter.java:145) ~[spring-security-oauth2-resource-server-6.3.1.jar:6.3.1]
	at org.springframework.web.filter.OncePerRequestFilter.doFilter(OncePerRequestFilter.java:116) ~[spring-web-6.1.10.jar:6.1.10]
	at org.springframework.security.web.FilterChainProxy$VirtualFilterChain.doFilter(FilterChainProxy.java:374) ~[spring-security-web-6.3.1.jar:6.3.1]
	at org.springframework.security.web.authentication.ui.DefaultLogoutPageGeneratingFilter.doFilterInternal(DefaultLogoutPageGeneratingFilter.java:58) ~[spring-security-web-6.3.1.jar:6.3.1]
	at org.springframework.web.filter.OncePerRequestFilter.doFilter(OncePerRequestFilter.java:116) ~[spring-web-6.1.10.jar:6.1.10]
	at org.springframework.security.web.FilterChainProxy$VirtualFilterChain.doFilter(FilterChainProxy.java:374) ~[spring-security-web-6.3.1.jar:6.3.1]
	at org.springframework.security.web.authentication.ui.DefaultLoginPageGeneratingFilter.doFilter(DefaultLoginPageGeneratingFilter.java:189) ~[spring-security-web-6.3.1.jar:6.3.1]
	at org.springframework.security.web.authentication.ui.DefaultLoginPageGeneratingFilter.doFilter(DefaultLoginPageGeneratingFilter.java:175) ~[spring-security-web-6.3.1.jar:6.3.1]
	at org.springframework.security.web.FilterChainProxy$VirtualFilterChain.doFilter(FilterChainProxy.java:374) ~[spring-security-web-6.3.1.jar:6.3.1]
	at org.springframework.security.web.authentication.AbstractAuthenticationProcessingFilter.doFilter(AbstractAuthenticationProcessingFilter.java:227) ~[spring-security-web-6.3.1.jar:6.3.1]
	at org.springframework.security.web.authentication.AbstractAuthenticationProcessingFilter.doFilter(AbstractAuthenticationProcessingFilter.java:221) ~[spring-security-web-6.3.1.jar:6.3.1]
	at org.springframework.security.web.FilterChainProxy$VirtualFilterChain.doFilter(FilterChainProxy.java:374) ~[spring-security-web-6.3.1.jar:6.3.1]
	at org.springframework.security.oauth2.client.web.OAuth2AuthorizationRequestRedirectFilter.doFilterInternal(OAuth2AuthorizationRequestRedirectFilter.java:198) ~[spring-security-oauth2-client-6.3.1.jar:6.3.1]
	at org.springframework.web.filter.OncePerRequestFilter.doFilter(OncePerRequestFilter.java:116) ~[spring-web-6.1.10.jar:6.1.10]
	at org.springframework.security.web.FilterChainProxy$VirtualFilterChain.doFilter(FilterChainProxy.java:374) ~[spring-security-web-6.3.1.jar:6.3.1]
	at org.springframework.security.web.authentication.logout.LogoutFilter.doFilter(LogoutFilter.java:107) ~[spring-security-web-6.3.1.jar:6.3.1]
	at org.springframework.security.web.authentication.logout.LogoutFilter.doFilter(LogoutFilter.java:93) ~[spring-security-web-6.3.1.jar:6.3.1]
	at org.springframework.security.web.FilterChainProxy$VirtualFilterChain.doFilter(FilterChainProxy.java:374) ~[spring-security-web-6.3.1.jar:6.3.1]
	at org.springframework.web.filter.CorsFilter.doFilterInternal(CorsFilter.java:91) ~[spring-web-6.1.10.jar:6.1.10]
	at org.springframework.web.filter.OncePerRequestFilter.doFilter(OncePerRequestFilter.java:116) ~[spring-web-6.1.10.jar:6.1.10]
	at org.springframework.security.web.FilterChainProxy$VirtualFilterChain.doFilter(FilterChainProxy.java:374) ~[spring-security-web-6.3.1.jar:6.3.1]
	at org.springframework.security.web.header.HeaderWriterFilter.doHeadersAfter(HeaderWriterFilter.java:90) ~[spring-security-web-6.3.1.jar:6.3.1]
	at org.springframework.security.web.header.HeaderWriterFilter.doFilterInternal(HeaderWriterFilter.java:75) ~[spring-security-web-6.3.1.jar:6.3.1]
	at org.springframework.web.filter.OncePerRequestFilter.doFilter(OncePerRequestFilter.java:116) ~[spring-web-6.1.10.jar:6.1.10]
	at org.springframework.security.web.FilterChainProxy$VirtualFilterChain.doFilter(FilterChainProxy.java:374) ~[spring-security-web-6.3.1.jar:6.3.1]
	at org.springframework.security.web.context.SecurityContextHolderFilter.doFilter(SecurityContextHolderFilter.java:82) ~[spring-security-web-6.3.1.jar:6.3.1]
	at org.springframework.security.web.context.SecurityContextHolderFilter.doFilter(SecurityContextHolderFilter.java:69) ~[spring-security-web-6.3.1.jar:6.3.1]
	at org.springframework.security.web.FilterChainProxy$VirtualFilterChain.doFilter(FilterChainProxy.java:374) ~[spring-security-web-6.3.1.jar:6.3.1]
	at org.springframework.security.web.context.request.async.WebAsyncManagerIntegrationFilter.doFilterInternal(WebAsyncManagerIntegrationFilter.java:62) ~[spring-security-web-6.3.1.jar:6.3.1]
	at org.springframework.web.filter.OncePerRequestFilter.doFilter(OncePerRequestFilter.java:116) ~[spring-web-6.1.10.jar:6.1.10]
	at org.springframework.security.web.FilterChainProxy$VirtualFilterChain.doFilter(FilterChainProxy.java:374) ~[spring-security-web-6.3.1.jar:6.3.1]
	at org.springframework.security.web.session.DisableEncodeUrlFilter.doFilterInternal(DisableEncodeUrlFilter.java:42) ~[spring-security-web-6.3.1.jar:6.3.1]
	at org.springframework.web.filter.OncePerRequestFilter.doFilter(OncePerRequestFilter.java:116) ~[spring-web-6.1.10.jar:6.1.10]
	at org.springframework.security.web.FilterChainProxy$VirtualFilterChain.doFilter(FilterChainProxy.java:374) ~[spring-security-web-6.3.1.jar:6.3.1]
	at org.springframework.security.web.FilterChainProxy.doFilterInternal(FilterChainProxy.java:233) ~[spring-security-web-6.3.1.jar:6.3.1]
	at org.springframework.security.web.FilterChainProxy.doFilter(FilterChainProxy.java:191) ~[spring-security-web-6.3.1.jar:6.3.1]
	at org.springframework.web.filter.CompositeFilter$VirtualFilterChain.doFilter(CompositeFilter.java:113) ~[spring-web-6.1.10.jar:6.1.10]
	at org.springframework.web.servlet.handler.HandlerMappingIntrospector.lambda$createCacheFilter$3(HandlerMappingIntrospector.java:195) ~[spring-webmvc-6.1.10.jar:6.1.10]
	at org.springframework.web.filter.CompositeFilter$VirtualFilterChain.doFilter(CompositeFilter.java:113) ~[spring-web-6.1.10.jar:6.1.10]
	at org.springframework.web.filter.CompositeFilter.doFilter(CompositeFilter.java:74) ~[spring-web-6.1.10.jar:6.1.10]
	at org.springframework.security.config.annotation.web.configuration.WebMvcSecurityConfiguration$CompositeFilterChainProxy.doFilter(WebMvcSecurityConfiguration.java:230) ~[spring-security-config-6.3.1.jar:6.3.1]
	at org.springframework.web.filter.DelegatingFilterProxy.invokeDelegate(DelegatingFilterProxy.java:352) ~[spring-web-6.1.10.jar:6.1.10]
	at org.springframework.web.filter.DelegatingFilterProxy.doFilter(DelegatingFilterProxy.java:268) ~[spring-web-6.1.10.jar:6.1.10]
	at org.apache.catalina.core.ApplicationFilterChain.internalDoFilter(ApplicationFilterChain.java:164) ~[tomcat-embed-core-10.1.25.jar:10.1.25]
	at org.apache.catalina.core.ApplicationFilterChain.doFilter(ApplicationFilterChain.java:140) ~[tomcat-embed-core-10.1.25.jar:10.1.25]
	at org.springframework.web.filter.RequestContextFilter.doFilterInternal(RequestContextFilter.java:100) ~[spring-web-6.1.10.jar:6.1.10]
	at org.springframework.web.filter.OncePerRequestFilter.doFilter(OncePerRequestFilter.java:116) ~[spring-web-6.1.10.jar:6.1.10]
	at org.apache.catalina.core.ApplicationFilterChain.internalDoFilter(ApplicationFilterChain.java:164) ~[tomcat-embed-core-10.1.25.jar:10.1.25]
	at org.apache.catalina.core.ApplicationFilterChain.doFilter(ApplicationFilterChain.java:140) ~[tomcat-embed-core-10.1.25.jar:10.1.25]
	at org.springframework.web.filter.FormContentFilter.doFilterInternal(FormContentFilter.java:93) ~[spring-web-6.1.10.jar:6.1.10]
	at org.springframework.web.filter.OncePerRequestFilter.doFilter(OncePerRequestFilter.java:116) ~[spring-web-6.1.10.jar:6.1.10]
	at org.apache.catalina.core.ApplicationFilterChain.internalDoFilter(ApplicationFilterChain.java:164) ~[tomcat-embed-core-10.1.25.jar:10.1.25]
	at org.apache.catalina.core.ApplicationFilterChain.doFilter(ApplicationFilterChain.java:140) ~[tomcat-embed-core-10.1.25.jar:10.1.25]
	at org.springframework.web.filter.CharacterEncodingFilter.doFilterInternal(CharacterEncodingFilter.java:201) ~[spring-web-6.1.10.jar:6.1.10]
	at org.springframework.web.filter.OncePerRequestFilter.doFilter(OncePerRequestFilter.java:116) ~[spring-web-6.1.10.jar:6.1.10]
	at org.apache.catalina.core.ApplicationFilterChain.internalDoFilter(ApplicationFilterChain.java:164) ~[tomcat-embed-core-10.1.25.jar:10.1.25]
	at org.apache.catalina.core.ApplicationFilterChain.doFilter(ApplicationFilterChain.java:140) ~[tomcat-embed-core-10.1.25.jar:10.1.25]
	at org.apache.catalina.core.StandardWrapperValve.invoke(StandardWrapperValve.java:167) ~[tomcat-embed-core-10.1.25.jar:10.1.25]
	at org.apache.catalina.core.StandardContextValve.invoke(StandardContextValve.java:90) ~[tomcat-embed-core-10.1.25.jar:10.1.25]
	at org.apache.catalina.authenticator.AuthenticatorBase.invoke(AuthenticatorBase.java:482) ~[tomcat-embed-core-10.1.25.jar:10.1.25]
	at org.apache.catalina.core.StandardHostValve.invoke(StandardHostValve.java:115) ~[tomcat-embed-core-10.1.25.jar:10.1.25]
	at org.apache.catalina.valves.ErrorReportValve.invoke(ErrorReportValve.java:93) ~[tomcat-embed-core-10.1.25.jar:10.1.25]
	at org.apache.catalina.core.StandardEngineValve.invoke(StandardEngineValve.java:74) ~[tomcat-embed-core-10.1.25.jar:10.1.25]
	at org.apache.catalina.connector.CoyoteAdapter.service(CoyoteAdapter.java:344) ~[tomcat-embed-core-10.1.25.jar:10.1.25]
	at org.apache.coyote.http11.Http11Processor.service(Http11Processor.java:389) ~[tomcat-embed-core-10.1.25.jar:10.1.25]
	at org.apache.coyote.AbstractProcessorLight.process(AbstractProcessorLight.java:63) ~[tomcat-embed-core-10.1.25.jar:10.1.25]
	at org.apache.coyote.AbstractProtocol$ConnectionHandler.process(AbstractProtocol.java:904) ~[tomcat-embed-core-10.1.25.jar:10.1.25]
	at org.apache.tomcat.util.net.NioEndpoint$SocketProcessor.doRun(NioEndpoint.java:1741) ~[tomcat-embed-core-10.1.25.jar:10.1.25]
	at org.apache.tomcat.util.net.SocketProcessorBase.run(SocketProcessorBase.java:52) ~[tomcat-embed-core-10.1.25.jar:10.1.25]
	at org.apache.tomcat.util.threads.ThreadPoolExecutor.runWorker(ThreadPoolExecutor.java:1190) ~[tomcat-embed-core-10.1.25.jar:10.1.25]
	at org.apache.tomcat.util.threads.ThreadPoolExecutor$Worker.run(ThreadPoolExecutor.java:659) ~[tomcat-embed-core-10.1.25.jar:10.1.25]
	at org.apache.tomcat.util.threads.TaskThread$WrappingRunnable.run(TaskThread.java:63) ~[tomcat-embed-core-10.1.25.jar:10.1.25]
	at java.base/java.lang.Thread.run(Thread.java:842) ~[na:na]

2024-08-22T16:04:59.774-07:00  INFO 9915 --- [person] [SpringApplicationShutdownHook] o.a.k.clients.producer.KafkaProducer     : [Producer clientId=person-producer-1] Closing the Kafka producer with timeoutMillis = 30000 ms.
2024-08-22T16:04:59.823-07:00  INFO 9915 --- [person] [SpringApplicationShutdownHook] o.apache.kafka.common.metrics.Metrics    : Metrics scheduler closed
2024-08-22T16:04:59.824-07:00  INFO 9915 --- [person] [SpringApplicationShutdownHook] o.apache.kafka.common.metrics.Metrics    : Closing reporter org.apache.kafka.common.metrics.JmxReporter
2024-08-22T16:04:59.824-07:00  INFO 9915 --- [person] [SpringApplicationShutdownHook] o.apache.kafka.common.metrics.Metrics    : Closing reporter org.apache.kafka.common.telemetry.internals.ClientTelemetryReporter
2024-08-22T16:04:59.824-07:00  INFO 9915 --- [person] [SpringApplicationShutdownHook] o.apache.kafka.common.metrics.Metrics    : Metrics reporters closed
2024-08-22T16:04:59.827-07:00  INFO 9915 --- [person] [SpringApplicationShutdownHook] o.a.kafka.common.utils.AppInfoParser     : App info kafka.producer for person-producer-1 unregistered
2024-08-22T16:04:59.912-07:00  INFO 9915 --- [person] [SpringApplicationShutdownHook] j.LocalContainerEntityManagerFactoryBean : Closing JPA EntityManagerFactory for persistence unit 'default'
2024-08-22T16:04:59.931-07:00  INFO 9915 --- [person] [SpringApplicationShutdownHook] com.zaxxer.hikari.HikariDataSource       : HikariPool-1 - Shutdown initiated...
2024-08-22T16:04:59.943-07:00  INFO 9915 --- [person] [SpringApplicationShutdownHook] com.zaxxer.hikari.HikariDataSource       : HikariPool-1 - Shutdown completed.
2024-08-22T16:05:14.581-07:00  INFO 10087 --- [person] [main] b.i.diplom.person.PersonApplication      : Starting PersonApplication using Java 17.0.11 with PID 10087 (/Users/mihail/Documents/free-party/party-web/project-manager/person/target/classes started by mihail in /Users/mihail/Documents/free-party/party-web/project-manager)
2024-08-22T16:05:14.584-07:00  INFO 10087 --- [person] [main] b.i.diplom.person.PersonApplication      : No active profile set, falling back to 1 default profile: "default"
2024-08-22T16:05:16.066-07:00  INFO 10087 --- [person] [main] .s.d.r.c.RepositoryConfigurationDelegate : Multiple Spring Data modules found, entering strict repository configuration mode
2024-08-22T16:05:16.067-07:00  INFO 10087 --- [person] [main] .s.d.r.c.RepositoryConfigurationDelegate : Bootstrapping Spring Data Redis repositories in DEFAULT mode.
2024-08-22T16:05:16.123-07:00  INFO 10087 --- [person] [main] .s.d.r.c.RepositoryConfigurationDelegate : Finished Spring Data repository scanning in 15 ms. Found 0 Redis repository interfaces.
2024-08-22T16:05:16.145-07:00  INFO 10087 --- [person] [main] .s.d.r.c.RepositoryConfigurationDelegate : Multiple Spring Data modules found, entering strict repository configuration mode
2024-08-22T16:05:16.146-07:00  INFO 10087 --- [person] [main] .s.d.r.c.RepositoryConfigurationDelegate : Bootstrapping Spring Data JPA repositories in DEFAULT mode.
2024-08-22T16:05:16.539-07:00  INFO 10087 --- [person] [main] .s.d.r.c.RepositoryConfigurationDelegate : Finished Spring Data repository scanning in 376 ms. Found 16 JPA repository interfaces.
2024-08-22T16:05:17.033-07:00  INFO 10087 --- [person] [main] .s.d.r.c.RepositoryConfigurationDelegate : Multiple Spring Data modules found, entering strict repository configuration mode
2024-08-22T16:05:17.034-07:00  INFO 10087 --- [person] [main] .s.d.r.c.RepositoryConfigurationDelegate : Bootstrapping Spring Data Redis repositories in DEFAULT mode.
2024-08-22T16:05:17.060-07:00  INFO 10087 --- [person] [main] .s.d.r.c.RepositoryConfigurationDelegate : Finished Spring Data repository scanning in 25 ms. Found 0 Redis repository interfaces.
2024-08-22T16:05:18.874-07:00  INFO 10087 --- [person] [main] o.s.b.w.embedded.tomcat.TomcatWebServer  : Tomcat initialized with port 8081 (http)
2024-08-22T16:05:18.895-07:00  INFO 10087 --- [person] [main] o.apache.catalina.core.StandardService   : Starting service [Tomcat]
2024-08-22T16:05:18.896-07:00  INFO 10087 --- [person] [main] o.apache.catalina.core.StandardEngine    : Starting Servlet engine: [Apache Tomcat/10.1.25]
2024-08-22T16:05:19.074-07:00  INFO 10087 --- [person] [main] o.a.c.c.C.[Tomcat].[localhost].[/]       : Initializing Spring embedded WebApplicationContext
2024-08-22T16:05:19.075-07:00  INFO 10087 --- [person] [main] w.s.c.ServletWebServerApplicationContext : Root WebApplicationContext: initialization completed in 4428 ms
2024-08-22T16:05:19.585-07:00  INFO 10087 --- [person] [main] o.hibernate.jpa.internal.util.LogHelper  : HHH000204: Processing PersistenceUnitInfo [name: default]
2024-08-22T16:05:19.694-07:00  INFO 10087 --- [person] [main] org.hibernate.Version                    : HHH000412: Hibernate ORM core version 6.5.2.Final
2024-08-22T16:05:19.755-07:00  INFO 10087 --- [person] [main] o.h.c.internal.RegionFactoryInitiator    : HHH000026: Second-level cache disabled
2024-08-22T16:05:20.253-07:00  INFO 10087 --- [person] [main] o.s.o.j.p.SpringPersistenceUnitInfo      : No LoadTimeWeaver setup: ignoring JPA class transformer
2024-08-22T16:05:20.298-07:00  INFO 10087 --- [person] [main] com.zaxxer.hikari.HikariDataSource       : HikariPool-1 - Starting...
2024-08-22T16:05:20.806-07:00  INFO 10087 --- [person] [main] com.zaxxer.hikari.pool.HikariPool        : HikariPool-1 - Added connection org.postgresql.jdbc.PgConnection@3ea2f72e
2024-08-22T16:05:20.811-07:00  INFO 10087 --- [person] [main] com.zaxxer.hikari.HikariDataSource       : HikariPool-1 - Start completed.
2024-08-22T16:05:23.596-07:00  INFO 10087 --- [person] [main] o.h.e.t.j.p.i.JtaPlatformInitiator       : HHH000489: No JTA platform available (set 'hibernate.transaction.jta.platform' to enable JTA platform integration)
2024-08-22T16:05:24.012-07:00  INFO 10087 --- [person] [main] j.LocalContainerEntityManagerFactoryBean : Initialized JPA EntityManagerFactory for persistence unit 'default'
2024-08-22T16:05:24.846-07:00  INFO 10087 --- [person] [main] o.s.d.j.r.query.QueryEnhancerFactory     : Hibernate is in classpath; If applicable, HQL parser will be used.
2024-08-22T16:05:27.208-07:00  WARN 10087 --- [person] [main] JpaBaseConfiguration$JpaWebConfiguration : spring.jpa.open-in-view is enabled by default. Therefore, database queries may be performed during view rendering. Explicitly configure spring.jpa.open-in-view to disable this warning
2024-08-22T16:05:28.898-07:00  INFO 10087 --- [person] [main] o.a.k.clients.admin.AdminClientConfig    : AdminClientConfig values: 
	auto.include.jmx.reporter = true
	bootstrap.controllers = []
	bootstrap.servers = [localhost:9092]
	client.dns.lookup = use_all_dns_ips
	client.id = person-admin-0
	connections.max.idle.ms = 300000
	default.api.timeout.ms = 60000
	enable.metrics.push = true
	metadata.max.age.ms = 300000
	metric.reporters = []
	metrics.num.samples = 2
	metrics.recording.level = INFO
	metrics.sample.window.ms = 30000
	receive.buffer.bytes = 65536
	reconnect.backoff.max.ms = 1000
	reconnect.backoff.ms = 50
	request.timeout.ms = 30000
	retries = 2147483647
	retry.backoff.max.ms = 1000
	retry.backoff.ms = 100
	sasl.client.callback.handler.class = null
	sasl.jaas.config = null
	sasl.kerberos.kinit.cmd = /usr/bin/kinit
	sasl.kerberos.min.time.before.relogin = 60000
	sasl.kerberos.service.name = null
	sasl.kerberos.ticket.renew.jitter = 0.05
	sasl.kerberos.ticket.renew.window.factor = 0.8
	sasl.login.callback.handler.class = null
	sasl.login.class = null
	sasl.login.connect.timeout.ms = null
	sasl.login.read.timeout.ms = null
	sasl.login.refresh.buffer.seconds = 300
	sasl.login.refresh.min.period.seconds = 60
	sasl.login.refresh.window.factor = 0.8
	sasl.login.refresh.window.jitter = 0.05
	sasl.login.retry.backoff.max.ms = 10000
	sasl.login.retry.backoff.ms = 100
	sasl.mechanism = GSSAPI
	sasl.oauthbearer.clock.skew.seconds = 30
	sasl.oauthbearer.expected.audience = null
	sasl.oauthbearer.expected.issuer = null
	sasl.oauthbearer.jwks.endpoint.refresh.ms = 3600000
	sasl.oauthbearer.jwks.endpoint.retry.backoff.max.ms = 10000
	sasl.oauthbearer.jwks.endpoint.retry.backoff.ms = 100
	sasl.oauthbearer.jwks.endpoint.url = null
	sasl.oauthbearer.scope.claim.name = scope
	sasl.oauthbearer.sub.claim.name = sub
	sasl.oauthbearer.token.endpoint.url = null
	security.protocol = PLAINTEXT
	security.providers = null
	send.buffer.bytes = 131072
	socket.connection.setup.timeout.max.ms = 30000
	socket.connection.setup.timeout.ms = 10000
	ssl.cipher.suites = null
	ssl.enabled.protocols = [TLSv1.2, TLSv1.3]
	ssl.endpoint.identification.algorithm = https
	ssl.engine.factory.class = null
	ssl.key.password = null
	ssl.keymanager.algorithm = SunX509
	ssl.keystore.certificate.chain = null
	ssl.keystore.key = null
	ssl.keystore.location = null
	ssl.keystore.password = null
	ssl.keystore.type = JKS
	ssl.protocol = TLSv1.3
	ssl.provider = null
	ssl.secure.random.implementation = null
	ssl.trustmanager.algorithm = PKIX
	ssl.truststore.certificates = null
	ssl.truststore.location = null
	ssl.truststore.password = null
	ssl.truststore.type = JKS

2024-08-22T16:05:29.023-07:00  INFO 10087 --- [person] [main] o.a.kafka.common.utils.AppInfoParser     : Kafka version: 3.7.0
2024-08-22T16:05:29.024-07:00  INFO 10087 --- [person] [main] o.a.kafka.common.utils.AppInfoParser     : Kafka commitId: 2ae524ed625438c5
2024-08-22T16:05:29.025-07:00  INFO 10087 --- [person] [main] o.a.kafka.common.utils.AppInfoParser     : Kafka startTimeMs: 1724367929021
2024-08-22T16:05:29.592-07:00  INFO 10087 --- [person] [kafka-admin-client-thread | person-admin-0] o.a.kafka.common.utils.AppInfoParser     : App info kafka.admin.client for person-admin-0 unregistered
2024-08-22T16:05:29.599-07:00  INFO 10087 --- [person] [kafka-admin-client-thread | person-admin-0] o.apache.kafka.common.metrics.Metrics    : Metrics scheduler closed
2024-08-22T16:05:29.600-07:00  INFO 10087 --- [person] [kafka-admin-client-thread | person-admin-0] o.apache.kafka.common.metrics.Metrics    : Closing reporter org.apache.kafka.common.metrics.JmxReporter
2024-08-22T16:05:29.600-07:00  INFO 10087 --- [person] [kafka-admin-client-thread | person-admin-0] o.apache.kafka.common.metrics.Metrics    : Metrics reporters closed
2024-08-22T16:05:29.621-07:00  INFO 10087 --- [person] [main] o.s.b.w.embedded.tomcat.TomcatWebServer  : Tomcat started on port 8081 (http) with context path '/'
2024-08-22T16:05:29.640-07:00  INFO 10087 --- [person] [main] b.i.diplom.person.PersonApplication      : Started PersonApplication in 16.156 seconds (process running for 17.127)
2024-08-22T16:05:58.622-07:00  INFO 10087 --- [person] [http-nio-8081-exec-2] o.a.c.c.C.[Tomcat].[localhost].[/]       : Initializing Spring DispatcherServlet 'dispatcherServlet'
2024-08-22T16:05:58.627-07:00  INFO 10087 --- [person] [http-nio-8081-exec-2] o.s.web.servlet.DispatcherServlet        : Initializing Servlet 'dispatcherServlet'
2024-08-22T16:05:58.644-07:00  INFO 10087 --- [person] [http-nio-8081-exec-2] o.s.web.servlet.DispatcherServlet        : Completed initialization in 17 ms
2024-08-22T16:05:59.479-07:00  INFO 10087 --- [person] [http-nio-8081-exec-2] o.a.k.clients.producer.ProducerConfig    : ProducerConfig values: 
	acks = -1
	auto.include.jmx.reporter = true
	batch.size = 16384
	bootstrap.servers = [localhost:9092]
	buffer.memory = 33554432
	client.dns.lookup = use_all_dns_ips
	client.id = person-producer-1
	compression.type = none
	connections.max.idle.ms = 540000
	delivery.timeout.ms = 120000
	enable.idempotence = true
	enable.metrics.push = true
	interceptor.classes = []
	key.serializer = class org.apache.kafka.common.serialization.StringSerializer
	linger.ms = 0
	max.block.ms = 60000
	max.in.flight.requests.per.connection = 5
	max.request.size = 1048576
	metadata.max.age.ms = 300000
	metadata.max.idle.ms = 300000
	metric.reporters = []
	metrics.num.samples = 2
	metrics.recording.level = INFO
	metrics.sample.window.ms = 30000
	partitioner.adaptive.partitioning.enable = true
	partitioner.availability.timeout.ms = 0
	partitioner.class = null
	partitioner.ignore.keys = false
	receive.buffer.bytes = 32768
	reconnect.backoff.max.ms = 1000
	reconnect.backoff.ms = 50
	request.timeout.ms = 30000
	retries = 2147483647
	retry.backoff.max.ms = 1000
	retry.backoff.ms = 100
	sasl.client.callback.handler.class = null
	sasl.jaas.config = null
	sasl.kerberos.kinit.cmd = /usr/bin/kinit
	sasl.kerberos.min.time.before.relogin = 60000
	sasl.kerberos.service.name = null
	sasl.kerberos.ticket.renew.jitter = 0.05
	sasl.kerberos.ticket.renew.window.factor = 0.8
	sasl.login.callback.handler.class = null
	sasl.login.class = null
	sasl.login.connect.timeout.ms = null
	sasl.login.read.timeout.ms = null
	sasl.login.refresh.buffer.seconds = 300
	sasl.login.refresh.min.period.seconds = 60
	sasl.login.refresh.window.factor = 0.8
	sasl.login.refresh.window.jitter = 0.05
	sasl.login.retry.backoff.max.ms = 10000
	sasl.login.retry.backoff.ms = 100
	sasl.mechanism = GSSAPI
	sasl.oauthbearer.clock.skew.seconds = 30
	sasl.oauthbearer.expected.audience = null
	sasl.oauthbearer.expected.issuer = null
	sasl.oauthbearer.jwks.endpoint.refresh.ms = 3600000
	sasl.oauthbearer.jwks.endpoint.retry.backoff.max.ms = 10000
	sasl.oauthbearer.jwks.endpoint.retry.backoff.ms = 100
	sasl.oauthbearer.jwks.endpoint.url = null
	sasl.oauthbearer.scope.claim.name = scope
	sasl.oauthbearer.sub.claim.name = sub
	sasl.oauthbearer.token.endpoint.url = null
	security.protocol = PLAINTEXT
	security.providers = null
	send.buffer.bytes = 131072
	socket.connection.setup.timeout.max.ms = 30000
	socket.connection.setup.timeout.ms = 10000
	ssl.cipher.suites = null
	ssl.enabled.protocols = [TLSv1.2, TLSv1.3]
	ssl.endpoint.identification.algorithm = https
	ssl.engine.factory.class = null
	ssl.key.password = null
	ssl.keymanager.algorithm = SunX509
	ssl.keystore.certificate.chain = null
	ssl.keystore.key = null
	ssl.keystore.location = null
	ssl.keystore.password = null
	ssl.keystore.type = JKS
	ssl.protocol = TLSv1.3
	ssl.provider = null
	ssl.secure.random.implementation = null
	ssl.trustmanager.algorithm = PKIX
	ssl.truststore.certificates = null
	ssl.truststore.location = null
	ssl.truststore.password = null
	ssl.truststore.type = JKS
	transaction.timeout.ms = 60000
	transactional.id = null
	value.serializer = class org.springframework.kafka.support.serializer.JsonSerializer

2024-08-22T16:05:59.521-07:00  INFO 10087 --- [person] [http-nio-8081-exec-2] o.a.k.c.t.i.KafkaMetricsCollector        : initializing Kafka metrics collector
2024-08-22T16:05:59.542-07:00  INFO 10087 --- [person] [http-nio-8081-exec-2] o.a.k.clients.producer.KafkaProducer     : [Producer clientId=person-producer-1] Instantiated an idempotent producer.
2024-08-22T16:05:59.568-07:00  INFO 10087 --- [person] [http-nio-8081-exec-2] o.a.kafka.common.utils.AppInfoParser     : Kafka version: 3.7.0
2024-08-22T16:05:59.568-07:00  INFO 10087 --- [person] [http-nio-8081-exec-2] o.a.kafka.common.utils.AppInfoParser     : Kafka commitId: 2ae524ed625438c5
2024-08-22T16:05:59.568-07:00  INFO 10087 --- [person] [http-nio-8081-exec-2] o.a.kafka.common.utils.AppInfoParser     : Kafka startTimeMs: 1724367959568
2024-08-22T16:05:59.585-07:00  INFO 10087 --- [person] [kafka-producer-network-thread | person-producer-1] org.apache.kafka.clients.Metadata        : [Producer clientId=person-producer-1] Cluster ID: tr3XKmmJRl6V8PKhBsjWOQ
2024-08-22T16:05:59.589-07:00  INFO 10087 --- [person] [kafka-producer-network-thread | person-producer-1] o.a.k.c.p.internals.TransactionManager   : [Producer clientId=person-producer-1] ProducerId set to 43003 with epoch 0
2024-08-22T16:14:59.755-07:00  INFO 10087 --- [person] [kafka-producer-network-thread | person-producer-1] org.apache.kafka.clients.NetworkClient   : [Producer clientId=person-producer-1] Node -1 disconnected.
2024-08-22T16:18:13.008-07:00  INFO 10087 --- [person] [SpringApplicationShutdownHook] o.a.k.clients.producer.KafkaProducer     : [Producer clientId=person-producer-1] Closing the Kafka producer with timeoutMillis = 30000 ms.
2024-08-22T16:18:13.056-07:00  INFO 10087 --- [person] [SpringApplicationShutdownHook] o.apache.kafka.common.metrics.Metrics    : Metrics scheduler closed
2024-08-22T16:18:13.056-07:00  INFO 10087 --- [person] [SpringApplicationShutdownHook] o.apache.kafka.common.metrics.Metrics    : Closing reporter org.apache.kafka.common.metrics.JmxReporter
2024-08-22T16:18:13.056-07:00  INFO 10087 --- [person] [SpringApplicationShutdownHook] o.apache.kafka.common.metrics.Metrics    : Closing reporter org.apache.kafka.common.telemetry.internals.ClientTelemetryReporter
2024-08-22T16:18:13.057-07:00  INFO 10087 --- [person] [SpringApplicationShutdownHook] o.apache.kafka.common.metrics.Metrics    : Metrics reporters closed
2024-08-22T16:18:13.059-07:00  INFO 10087 --- [person] [SpringApplicationShutdownHook] o.a.kafka.common.utils.AppInfoParser     : App info kafka.producer for person-producer-1 unregistered
2024-08-22T16:18:13.137-07:00  INFO 10087 --- [person] [SpringApplicationShutdownHook] j.LocalContainerEntityManagerFactoryBean : Closing JPA EntityManagerFactory for persistence unit 'default'
2024-08-22T16:18:13.172-07:00  INFO 10087 --- [person] [SpringApplicationShutdownHook] com.zaxxer.hikari.HikariDataSource       : HikariPool-1 - Shutdown initiated...
2024-08-22T16:18:13.182-07:00  INFO 10087 --- [person] [SpringApplicationShutdownHook] com.zaxxer.hikari.HikariDataSource       : HikariPool-1 - Shutdown completed.
2024-08-22T16:18:45.398-07:00  INFO 10450 --- [admin] [main] b.i.diplom.admin.AdminApplication        : Starting AdminApplication using Java 17.0.11 with PID 10450 (/Users/mihail/Documents/free-party/party-web/project-manager/admin/target/classes started by mihail in /Users/mihail/Documents/free-party/party-web/project-manager)
2024-08-22T16:18:45.403-07:00  INFO 10450 --- [admin] [main] b.i.diplom.admin.AdminApplication        : No active profile set, falling back to 1 default profile: "default"
2024-08-22T16:18:46.407-07:00  INFO 10450 --- [admin] [main] .s.d.r.c.RepositoryConfigurationDelegate : Multiple Spring Data modules found, entering strict repository configuration mode
2024-08-22T16:18:46.408-07:00  INFO 10450 --- [admin] [main] .s.d.r.c.RepositoryConfigurationDelegate : Bootstrapping Spring Data Redis repositories in DEFAULT mode.
2024-08-22T16:18:46.443-07:00  INFO 10450 --- [admin] [main] .s.d.r.c.RepositoryConfigurationDelegate : Finished Spring Data repository scanning in 6 ms. Found 0 Redis repository interfaces.
2024-08-22T16:18:46.455-07:00  INFO 10450 --- [admin] [main] .s.d.r.c.RepositoryConfigurationDelegate : Multiple Spring Data modules found, entering strict repository configuration mode
2024-08-22T16:18:46.456-07:00  INFO 10450 --- [admin] [main] .s.d.r.c.RepositoryConfigurationDelegate : Bootstrapping Spring Data JPA repositories in DEFAULT mode.
2024-08-22T16:18:46.783-07:00  INFO 10450 --- [admin] [main] .s.d.r.c.RepositoryConfigurationDelegate : Finished Spring Data repository scanning in 322 ms. Found 16 JPA repository interfaces.
2024-08-22T16:18:47.132-07:00  INFO 10450 --- [admin] [main] .s.d.r.c.RepositoryConfigurationDelegate : Multiple Spring Data modules found, entering strict repository configuration mode
2024-08-22T16:18:47.132-07:00  INFO 10450 --- [admin] [main] .s.d.r.c.RepositoryConfigurationDelegate : Bootstrapping Spring Data Redis repositories in DEFAULT mode.
2024-08-22T16:18:47.145-07:00  INFO 10450 --- [admin] [main] .s.d.r.c.RepositoryConfigurationDelegate : Finished Spring Data repository scanning in 12 ms. Found 0 Redis repository interfaces.
2024-08-22T16:18:48.296-07:00  INFO 10450 --- [admin] [main] o.s.b.w.embedded.tomcat.TomcatWebServer  : Tomcat initialized with port 8087 (http)
2024-08-22T16:18:48.313-07:00  INFO 10450 --- [admin] [main] o.apache.catalina.core.StandardService   : Starting service [Tomcat]
2024-08-22T16:18:48.313-07:00  INFO 10450 --- [admin] [main] o.apache.catalina.core.StandardEngine    : Starting Servlet engine: [Apache Tomcat/10.1.26]
2024-08-22T16:18:48.414-07:00  INFO 10450 --- [admin] [main] o.a.c.c.C.[Tomcat].[localhost].[/]       : Initializing Spring embedded WebApplicationContext
2024-08-22T16:18:48.415-07:00  INFO 10450 --- [admin] [main] w.s.c.ServletWebServerApplicationContext : Root WebApplicationContext: initialization completed in 2949 ms
2024-08-22T16:18:48.710-07:00  INFO 10450 --- [admin] [main] o.hibernate.jpa.internal.util.LogHelper  : HHH000204: Processing PersistenceUnitInfo [name: default]
2024-08-22T16:18:48.835-07:00  INFO 10450 --- [admin] [main] org.hibernate.Version                    : HHH000412: Hibernate ORM core version 6.5.2.Final
2024-08-22T16:18:48.876-07:00  INFO 10450 --- [admin] [main] o.h.c.internal.RegionFactoryInitiator    : HHH000026: Second-level cache disabled
2024-08-22T16:18:49.280-07:00  INFO 10450 --- [admin] [main] o.s.o.j.p.SpringPersistenceUnitInfo      : No LoadTimeWeaver setup: ignoring JPA class transformer
2024-08-22T16:18:49.313-07:00  INFO 10450 --- [admin] [main] com.zaxxer.hikari.HikariDataSource       : HikariPool-1 - Starting...
2024-08-22T16:18:49.453-07:00  INFO 10450 --- [admin] [main] com.zaxxer.hikari.pool.HikariPool        : HikariPool-1 - Added connection org.postgresql.jdbc.PgConnection@212e39ee
2024-08-22T16:18:49.454-07:00  INFO 10450 --- [admin] [main] com.zaxxer.hikari.HikariDataSource       : HikariPool-1 - Start completed.
2024-08-22T16:18:51.234-07:00  INFO 10450 --- [admin] [main] o.h.e.t.j.p.i.JtaPlatformInitiator       : HHH000489: No JTA platform available (set 'hibernate.transaction.jta.platform' to enable JTA platform integration)
2024-08-22T16:18:51.609-07:00  INFO 10450 --- [admin] [main] j.LocalContainerEntityManagerFactoryBean : Initialized JPA EntityManagerFactory for persistence unit 'default'
2024-08-22T16:18:51.996-07:00  INFO 10450 --- [admin] [main] o.s.d.j.r.query.QueryEnhancerFactory     : Hibernate is in classpath; If applicable, HQL parser will be used.
2024-08-22T16:18:53.655-07:00  WARN 10450 --- [admin] [main] JpaBaseConfiguration$JpaWebConfiguration : spring.jpa.open-in-view is enabled by default. Therefore, database queries may be performed during view rendering. Explicitly configure spring.jpa.open-in-view to disable this warning
2024-08-22T16:18:55.703-07:00  INFO 10450 --- [admin] [main] o.a.k.clients.admin.AdminClientConfig    : AdminClientConfig values: 
	auto.include.jmx.reporter = true
	bootstrap.controllers = []
	bootstrap.servers = [localhost:9092]
	client.dns.lookup = use_all_dns_ips
	client.id = admin-admin-0
	connections.max.idle.ms = 300000
	default.api.timeout.ms = 60000
	enable.metrics.push = true
	metadata.max.age.ms = 300000
	metric.reporters = []
	metrics.num.samples = 2
	metrics.recording.level = INFO
	metrics.sample.window.ms = 30000
	receive.buffer.bytes = 65536
	reconnect.backoff.max.ms = 1000
	reconnect.backoff.ms = 50
	request.timeout.ms = 30000
	retries = 2147483647
	retry.backoff.max.ms = 1000
	retry.backoff.ms = 100
	sasl.client.callback.handler.class = null
	sasl.jaas.config = null
	sasl.kerberos.kinit.cmd = /usr/bin/kinit
	sasl.kerberos.min.time.before.relogin = 60000
	sasl.kerberos.service.name = null
	sasl.kerberos.ticket.renew.jitter = 0.05
	sasl.kerberos.ticket.renew.window.factor = 0.8
	sasl.login.callback.handler.class = null
	sasl.login.class = null
	sasl.login.connect.timeout.ms = null
	sasl.login.read.timeout.ms = null
	sasl.login.refresh.buffer.seconds = 300
	sasl.login.refresh.min.period.seconds = 60
	sasl.login.refresh.window.factor = 0.8
	sasl.login.refresh.window.jitter = 0.05
	sasl.login.retry.backoff.max.ms = 10000
	sasl.login.retry.backoff.ms = 100
	sasl.mechanism = GSSAPI
	sasl.oauthbearer.clock.skew.seconds = 30
	sasl.oauthbearer.expected.audience = null
	sasl.oauthbearer.expected.issuer = null
	sasl.oauthbearer.jwks.endpoint.refresh.ms = 3600000
	sasl.oauthbearer.jwks.endpoint.retry.backoff.max.ms = 10000
	sasl.oauthbearer.jwks.endpoint.retry.backoff.ms = 100
	sasl.oauthbearer.jwks.endpoint.url = null
	sasl.oauthbearer.scope.claim.name = scope
	sasl.oauthbearer.sub.claim.name = sub
	sasl.oauthbearer.token.endpoint.url = null
	security.protocol = PLAINTEXT
	security.providers = null
	send.buffer.bytes = 131072
	socket.connection.setup.timeout.max.ms = 30000
	socket.connection.setup.timeout.ms = 10000
	ssl.cipher.suites = null
	ssl.enabled.protocols = [TLSv1.2, TLSv1.3]
	ssl.endpoint.identification.algorithm = https
	ssl.engine.factory.class = null
	ssl.key.password = null
	ssl.keymanager.algorithm = SunX509
	ssl.keystore.certificate.chain = null
	ssl.keystore.key = null
	ssl.keystore.location = null
	ssl.keystore.password = null
	ssl.keystore.type = JKS
	ssl.protocol = TLSv1.3
	ssl.provider = null
	ssl.secure.random.implementation = null
	ssl.trustmanager.algorithm = PKIX
	ssl.truststore.certificates = null
	ssl.truststore.location = null
	ssl.truststore.password = null
	ssl.truststore.type = JKS

2024-08-22T16:18:55.805-07:00  INFO 10450 --- [admin] [main] o.a.kafka.common.utils.AppInfoParser     : Kafka version: 3.7.1
2024-08-22T16:18:55.805-07:00  INFO 10450 --- [admin] [main] o.a.kafka.common.utils.AppInfoParser     : Kafka commitId: e2494e6ffb89f828
2024-08-22T16:18:55.805-07:00  INFO 10450 --- [admin] [main] o.a.kafka.common.utils.AppInfoParser     : Kafka startTimeMs: 1724368735803
2024-08-22T16:18:56.565-07:00  INFO 10450 --- [admin] [kafka-admin-client-thread | admin-admin-0] o.a.kafka.common.utils.AppInfoParser     : App info kafka.admin.client for admin-admin-0 unregistered
2024-08-22T16:18:56.575-07:00  INFO 10450 --- [admin] [kafka-admin-client-thread | admin-admin-0] o.apache.kafka.common.metrics.Metrics    : Metrics scheduler closed
2024-08-22T16:18:56.575-07:00  INFO 10450 --- [admin] [kafka-admin-client-thread | admin-admin-0] o.apache.kafka.common.metrics.Metrics    : Closing reporter org.apache.kafka.common.metrics.JmxReporter
2024-08-22T16:18:56.575-07:00  INFO 10450 --- [admin] [kafka-admin-client-thread | admin-admin-0] o.apache.kafka.common.metrics.Metrics    : Metrics reporters closed
2024-08-22T16:18:56.605-07:00  INFO 10450 --- [admin] [main] o.s.b.w.embedded.tomcat.TomcatWebServer  : Tomcat started on port 8087 (http) with context path '/'
2024-08-22T16:18:56.622-07:00  INFO 10450 --- [admin] [main] b.i.diplom.admin.AdminApplication        : Started AdminApplication in 12.089 seconds (process running for 12.856)
2024-08-22T16:19:17.419-07:00  INFO 10450 --- [admin] [http-nio-8087-exec-2] o.a.c.c.C.[Tomcat].[localhost].[/]       : Initializing Spring DispatcherServlet 'dispatcherServlet'
2024-08-22T16:19:17.420-07:00  INFO 10450 --- [admin] [http-nio-8087-exec-2] o.s.web.servlet.DispatcherServlet        : Initializing Servlet 'dispatcherServlet'
2024-08-22T16:19:17.423-07:00  INFO 10450 --- [admin] [http-nio-8087-exec-2] o.s.web.servlet.DispatcherServlet        : Completed initialization in 3 ms
2024-08-22T16:21:11.674-07:00  INFO 10450 --- [admin] [SpringApplicationShutdownHook] j.LocalContainerEntityManagerFactoryBean : Closing JPA EntityManagerFactory for persistence unit 'default'
2024-08-22T16:21:11.693-07:00  INFO 10450 --- [admin] [SpringApplicationShutdownHook] com.zaxxer.hikari.HikariDataSource       : HikariPool-1 - Shutdown initiated...
2024-08-22T16:21:11.701-07:00  INFO 10450 --- [admin] [SpringApplicationShutdownHook] com.zaxxer.hikari.HikariDataSource       : HikariPool-1 - Shutdown completed.
2024-08-22T16:21:17.691-07:00  INFO 10536 --- [admin] [main] b.i.diplom.admin.AdminApplication        : Starting AdminApplication using Java 17.0.11 with PID 10536 (/Users/mihail/Documents/free-party/party-web/project-manager/admin/target/classes started by mihail in /Users/mihail/Documents/free-party/party-web/project-manager)
2024-08-22T16:21:17.697-07:00  INFO 10536 --- [admin] [main] b.i.diplom.admin.AdminApplication        : No active profile set, falling back to 1 default profile: "default"
2024-08-22T16:21:18.800-07:00  INFO 10536 --- [admin] [main] .s.d.r.c.RepositoryConfigurationDelegate : Multiple Spring Data modules found, entering strict repository configuration mode
2024-08-22T16:21:18.801-07:00  INFO 10536 --- [admin] [main] .s.d.r.c.RepositoryConfigurationDelegate : Bootstrapping Spring Data Redis repositories in DEFAULT mode.
2024-08-22T16:21:18.852-07:00  INFO 10536 --- [admin] [main] .s.d.r.c.RepositoryConfigurationDelegate : Finished Spring Data repository scanning in 13 ms. Found 0 Redis repository interfaces.
2024-08-22T16:21:18.886-07:00  INFO 10536 --- [admin] [main] .s.d.r.c.RepositoryConfigurationDelegate : Multiple Spring Data modules found, entering strict repository configuration mode
2024-08-22T16:21:18.888-07:00  INFO 10536 --- [admin] [main] .s.d.r.c.RepositoryConfigurationDelegate : Bootstrapping Spring Data JPA repositories in DEFAULT mode.
2024-08-22T16:21:19.397-07:00  INFO 10536 --- [admin] [main] .s.d.r.c.RepositoryConfigurationDelegate : Finished Spring Data repository scanning in 438 ms. Found 16 JPA repository interfaces.
2024-08-22T16:21:19.748-07:00  INFO 10536 --- [admin] [main] .s.d.r.c.RepositoryConfigurationDelegate : Multiple Spring Data modules found, entering strict repository configuration mode
2024-08-22T16:21:19.749-07:00  INFO 10536 --- [admin] [main] .s.d.r.c.RepositoryConfigurationDelegate : Bootstrapping Spring Data Redis repositories in DEFAULT mode.
2024-08-22T16:21:19.761-07:00  INFO 10536 --- [admin] [main] .s.d.r.c.RepositoryConfigurationDelegate : Finished Spring Data repository scanning in 11 ms. Found 0 Redis repository interfaces.
2024-08-22T16:21:20.969-07:00  INFO 10536 --- [admin] [main] o.s.b.w.embedded.tomcat.TomcatWebServer  : Tomcat initialized with port 8087 (http)
2024-08-22T16:21:20.988-07:00  INFO 10536 --- [admin] [main] o.apache.catalina.core.StandardService   : Starting service [Tomcat]
2024-08-22T16:21:20.988-07:00  INFO 10536 --- [admin] [main] o.apache.catalina.core.StandardEngine    : Starting Servlet engine: [Apache Tomcat/10.1.26]
2024-08-22T16:21:21.122-07:00  INFO 10536 --- [admin] [main] o.a.c.c.C.[Tomcat].[localhost].[/]       : Initializing Spring embedded WebApplicationContext
2024-08-22T16:21:21.123-07:00  INFO 10536 --- [admin] [main] w.s.c.ServletWebServerApplicationContext : Root WebApplicationContext: initialization completed in 3354 ms
2024-08-22T16:21:21.409-07:00  INFO 10536 --- [admin] [main] o.hibernate.jpa.internal.util.LogHelper  : HHH000204: Processing PersistenceUnitInfo [name: default]
2024-08-22T16:21:21.497-07:00  INFO 10536 --- [admin] [main] org.hibernate.Version                    : HHH000412: Hibernate ORM core version 6.5.2.Final
2024-08-22T16:21:21.546-07:00  INFO 10536 --- [admin] [main] o.h.c.internal.RegionFactoryInitiator    : HHH000026: Second-level cache disabled
2024-08-22T16:21:21.944-07:00  INFO 10536 --- [admin] [main] o.s.o.j.p.SpringPersistenceUnitInfo      : No LoadTimeWeaver setup: ignoring JPA class transformer
2024-08-22T16:21:21.985-07:00  INFO 10536 --- [admin] [main] com.zaxxer.hikari.HikariDataSource       : HikariPool-1 - Starting...
2024-08-22T16:21:22.140-07:00  INFO 10536 --- [admin] [main] com.zaxxer.hikari.pool.HikariPool        : HikariPool-1 - Added connection org.postgresql.jdbc.PgConnection@6e67a8c0
2024-08-22T16:21:22.142-07:00  INFO 10536 --- [admin] [main] com.zaxxer.hikari.HikariDataSource       : HikariPool-1 - Start completed.
2024-08-22T16:21:24.049-07:00  INFO 10536 --- [admin] [main] o.h.e.t.j.p.i.JtaPlatformInitiator       : HHH000489: No JTA platform available (set 'hibernate.transaction.jta.platform' to enable JTA platform integration)
2024-08-22T16:21:24.392-07:00  INFO 10536 --- [admin] [main] j.LocalContainerEntityManagerFactoryBean : Initialized JPA EntityManagerFactory for persistence unit 'default'
2024-08-22T16:21:24.849-07:00  INFO 10536 --- [admin] [main] o.s.d.j.r.query.QueryEnhancerFactory     : Hibernate is in classpath; If applicable, HQL parser will be used.
2024-08-22T16:21:26.392-07:00  WARN 10536 --- [admin] [main] JpaBaseConfiguration$JpaWebConfiguration : spring.jpa.open-in-view is enabled by default. Therefore, database queries may be performed during view rendering. Explicitly configure spring.jpa.open-in-view to disable this warning
2024-08-22T16:21:29.035-07:00  INFO 10536 --- [admin] [main] o.a.k.clients.admin.AdminClientConfig    : AdminClientConfig values: 
	auto.include.jmx.reporter = true
	bootstrap.controllers = []
	bootstrap.servers = [localhost:9092]
	client.dns.lookup = use_all_dns_ips
	client.id = admin-admin-0
	connections.max.idle.ms = 300000
	default.api.timeout.ms = 60000
	enable.metrics.push = true
	metadata.max.age.ms = 300000
	metric.reporters = []
	metrics.num.samples = 2
	metrics.recording.level = INFO
	metrics.sample.window.ms = 30000
	receive.buffer.bytes = 65536
	reconnect.backoff.max.ms = 1000
	reconnect.backoff.ms = 50
	request.timeout.ms = 30000
	retries = 2147483647
	retry.backoff.max.ms = 1000
	retry.backoff.ms = 100
	sasl.client.callback.handler.class = null
	sasl.jaas.config = null
	sasl.kerberos.kinit.cmd = /usr/bin/kinit
	sasl.kerberos.min.time.before.relogin = 60000
	sasl.kerberos.service.name = null
	sasl.kerberos.ticket.renew.jitter = 0.05
	sasl.kerberos.ticket.renew.window.factor = 0.8
	sasl.login.callback.handler.class = null
	sasl.login.class = null
	sasl.login.connect.timeout.ms = null
	sasl.login.read.timeout.ms = null
	sasl.login.refresh.buffer.seconds = 300
	sasl.login.refresh.min.period.seconds = 60
	sasl.login.refresh.window.factor = 0.8
	sasl.login.refresh.window.jitter = 0.05
	sasl.login.retry.backoff.max.ms = 10000
	sasl.login.retry.backoff.ms = 100
	sasl.mechanism = GSSAPI
	sasl.oauthbearer.clock.skew.seconds = 30
	sasl.oauthbearer.expected.audience = null
	sasl.oauthbearer.expected.issuer = null
	sasl.oauthbearer.jwks.endpoint.refresh.ms = 3600000
	sasl.oauthbearer.jwks.endpoint.retry.backoff.max.ms = 10000
	sasl.oauthbearer.jwks.endpoint.retry.backoff.ms = 100
	sasl.oauthbearer.jwks.endpoint.url = null
	sasl.oauthbearer.scope.claim.name = scope
	sasl.oauthbearer.sub.claim.name = sub
	sasl.oauthbearer.token.endpoint.url = null
	security.protocol = PLAINTEXT
	security.providers = null
	send.buffer.bytes = 131072
	socket.connection.setup.timeout.max.ms = 30000
	socket.connection.setup.timeout.ms = 10000
	ssl.cipher.suites = null
	ssl.enabled.protocols = [TLSv1.2, TLSv1.3]
	ssl.endpoint.identification.algorithm = https
	ssl.engine.factory.class = null
	ssl.key.password = null
	ssl.keymanager.algorithm = SunX509
	ssl.keystore.certificate.chain = null
	ssl.keystore.key = null
	ssl.keystore.location = null
	ssl.keystore.password = null
	ssl.keystore.type = JKS
	ssl.protocol = TLSv1.3
	ssl.provider = null
	ssl.secure.random.implementation = null
	ssl.trustmanager.algorithm = PKIX
	ssl.truststore.certificates = null
	ssl.truststore.location = null
	ssl.truststore.password = null
	ssl.truststore.type = JKS

2024-08-22T16:21:29.588-07:00  INFO 10536 --- [admin] [main] o.a.kafka.common.utils.AppInfoParser     : Kafka version: 3.7.1
2024-08-22T16:21:29.589-07:00  INFO 10536 --- [admin] [main] o.a.kafka.common.utils.AppInfoParser     : Kafka commitId: e2494e6ffb89f828
2024-08-22T16:21:29.590-07:00  INFO 10536 --- [admin] [main] o.a.kafka.common.utils.AppInfoParser     : Kafka startTimeMs: 1724368889582
2024-08-22T16:21:30.839-07:00  INFO 10536 --- [admin] [kafka-admin-client-thread | admin-admin-0] o.a.kafka.common.utils.AppInfoParser     : App info kafka.admin.client for admin-admin-0 unregistered
2024-08-22T16:21:30.850-07:00  INFO 10536 --- [admin] [kafka-admin-client-thread | admin-admin-0] o.apache.kafka.common.metrics.Metrics    : Metrics scheduler closed
2024-08-22T16:21:30.850-07:00  INFO 10536 --- [admin] [kafka-admin-client-thread | admin-admin-0] o.apache.kafka.common.metrics.Metrics    : Closing reporter org.apache.kafka.common.metrics.JmxReporter
2024-08-22T16:21:30.850-07:00  INFO 10536 --- [admin] [kafka-admin-client-thread | admin-admin-0] o.apache.kafka.common.metrics.Metrics    : Metrics reporters closed
2024-08-22T16:21:30.881-07:00  INFO 10536 --- [admin] [main] o.s.b.w.embedded.tomcat.TomcatWebServer  : Tomcat started on port 8087 (http) with context path '/'
2024-08-22T16:21:30.899-07:00  INFO 10536 --- [admin] [main] b.i.diplom.admin.AdminApplication        : Started AdminApplication in 14.029 seconds (process running for 16.048)
2024-08-22T16:21:49.793-07:00  INFO 10536 --- [admin] [http-nio-8087-exec-2] o.a.c.c.C.[Tomcat].[localhost].[/]       : Initializing Spring DispatcherServlet 'dispatcherServlet'
2024-08-22T16:21:49.794-07:00  INFO 10536 --- [admin] [http-nio-8087-exec-2] o.s.web.servlet.DispatcherServlet        : Initializing Servlet 'dispatcherServlet'
2024-08-22T16:21:49.797-07:00  INFO 10536 --- [admin] [http-nio-8087-exec-2] o.s.web.servlet.DispatcherServlet        : Completed initialization in 3 ms
2024-08-22T16:24:59.315-07:00  INFO 10536 --- [admin] [SpringApplicationShutdownHook] j.LocalContainerEntityManagerFactoryBean : Closing JPA EntityManagerFactory for persistence unit 'default'
2024-08-22T16:24:59.360-07:00  INFO 10536 --- [admin] [SpringApplicationShutdownHook] com.zaxxer.hikari.HikariDataSource       : HikariPool-1 - Shutdown initiated...
2024-08-22T16:24:59.377-07:00  INFO 10536 --- [admin] [SpringApplicationShutdownHook] com.zaxxer.hikari.HikariDataSource       : HikariPool-1 - Shutdown completed.
2024-08-22T16:25:04.478-07:00  INFO 10666 --- [admin] [main] b.i.diplom.admin.AdminApplication        : Starting AdminApplication using Java 17.0.11 with PID 10666 (/Users/mihail/Documents/free-party/party-web/project-manager/admin/target/classes started by mihail in /Users/mihail/Documents/free-party/party-web/project-manager)
2024-08-22T16:25:04.481-07:00  INFO 10666 --- [admin] [main] b.i.diplom.admin.AdminApplication        : No active profile set, falling back to 1 default profile: "default"
2024-08-22T16:25:06.262-07:00  INFO 10666 --- [admin] [main] .s.d.r.c.RepositoryConfigurationDelegate : Multiple Spring Data modules found, entering strict repository configuration mode
2024-08-22T16:25:06.267-07:00  INFO 10666 --- [admin] [main] .s.d.r.c.RepositoryConfigurationDelegate : Bootstrapping Spring Data Redis repositories in DEFAULT mode.
2024-08-22T16:25:06.326-07:00  INFO 10666 --- [admin] [main] .s.d.r.c.RepositoryConfigurationDelegate : Finished Spring Data repository scanning in 13 ms. Found 0 Redis repository interfaces.
2024-08-22T16:25:06.344-07:00  INFO 10666 --- [admin] [main] .s.d.r.c.RepositoryConfigurationDelegate : Multiple Spring Data modules found, entering strict repository configuration mode
2024-08-22T16:25:06.345-07:00  INFO 10666 --- [admin] [main] .s.d.r.c.RepositoryConfigurationDelegate : Bootstrapping Spring Data JPA repositories in DEFAULT mode.
2024-08-22T16:25:06.682-07:00  INFO 10666 --- [admin] [main] .s.d.r.c.RepositoryConfigurationDelegate : Finished Spring Data repository scanning in 330 ms. Found 16 JPA repository interfaces.
2024-08-22T16:25:07.045-07:00  INFO 10666 --- [admin] [main] .s.d.r.c.RepositoryConfigurationDelegate : Multiple Spring Data modules found, entering strict repository configuration mode
2024-08-22T16:25:07.046-07:00  INFO 10666 --- [admin] [main] .s.d.r.c.RepositoryConfigurationDelegate : Bootstrapping Spring Data Redis repositories in DEFAULT mode.
2024-08-22T16:25:07.075-07:00  INFO 10666 --- [admin] [main] .s.d.r.c.RepositoryConfigurationDelegate : Finished Spring Data repository scanning in 28 ms. Found 0 Redis repository interfaces.
2024-08-22T16:25:09.429-07:00  INFO 10666 --- [admin] [main] o.s.b.w.embedded.tomcat.TomcatWebServer  : Tomcat initialized with port 8087 (http)
2024-08-22T16:25:09.450-07:00  INFO 10666 --- [admin] [main] o.apache.catalina.core.StandardService   : Starting service [Tomcat]
2024-08-22T16:25:09.451-07:00  INFO 10666 --- [admin] [main] o.apache.catalina.core.StandardEngine    : Starting Servlet engine: [Apache Tomcat/10.1.26]
2024-08-22T16:25:09.563-07:00  INFO 10666 --- [admin] [main] o.a.c.c.C.[Tomcat].[localhost].[/]       : Initializing Spring embedded WebApplicationContext
2024-08-22T16:25:09.563-07:00  INFO 10666 --- [admin] [main] w.s.c.ServletWebServerApplicationContext : Root WebApplicationContext: initialization completed in 5013 ms
2024-08-22T16:25:10.093-07:00  INFO 10666 --- [admin] [main] o.hibernate.jpa.internal.util.LogHelper  : HHH000204: Processing PersistenceUnitInfo [name: default]
2024-08-22T16:25:10.212-07:00  INFO 10666 --- [admin] [main] org.hibernate.Version                    : HHH000412: Hibernate ORM core version 6.5.2.Final
2024-08-22T16:25:10.267-07:00  INFO 10666 --- [admin] [main] o.h.c.internal.RegionFactoryInitiator    : HHH000026: Second-level cache disabled
2024-08-22T16:25:10.684-07:00  INFO 10666 --- [admin] [main] o.s.o.j.p.SpringPersistenceUnitInfo      : No LoadTimeWeaver setup: ignoring JPA class transformer
2024-08-22T16:25:10.720-07:00  INFO 10666 --- [admin] [main] com.zaxxer.hikari.HikariDataSource       : HikariPool-1 - Starting...
2024-08-22T16:25:10.879-07:00  INFO 10666 --- [admin] [main] com.zaxxer.hikari.pool.HikariPool        : HikariPool-1 - Added connection org.postgresql.jdbc.PgConnection@32513dea
2024-08-22T16:25:10.881-07:00  INFO 10666 --- [admin] [main] com.zaxxer.hikari.HikariDataSource       : HikariPool-1 - Start completed.
2024-08-22T16:25:13.247-07:00  INFO 10666 --- [admin] [main] o.h.e.t.j.p.i.JtaPlatformInitiator       : HHH000489: No JTA platform available (set 'hibernate.transaction.jta.platform' to enable JTA platform integration)
2024-08-22T16:25:13.641-07:00  INFO 10666 --- [admin] [main] j.LocalContainerEntityManagerFactoryBean : Initialized JPA EntityManagerFactory for persistence unit 'default'
2024-08-22T16:25:14.318-07:00  INFO 10666 --- [admin] [main] o.s.d.j.r.query.QueryEnhancerFactory     : Hibernate is in classpath; If applicable, HQL parser will be used.
2024-08-22T16:25:15.955-07:00  WARN 10666 --- [admin] [main] JpaBaseConfiguration$JpaWebConfiguration : spring.jpa.open-in-view is enabled by default. Therefore, database queries may be performed during view rendering. Explicitly configure spring.jpa.open-in-view to disable this warning
2024-08-22T16:25:18.093-07:00  INFO 10666 --- [admin] [main] o.a.k.clients.admin.AdminClientConfig    : AdminClientConfig values: 
	auto.include.jmx.reporter = true
	bootstrap.controllers = []
	bootstrap.servers = [localhost:9092]
	client.dns.lookup = use_all_dns_ips
	client.id = admin-admin-0
	connections.max.idle.ms = 300000
	default.api.timeout.ms = 60000
	enable.metrics.push = true
	metadata.max.age.ms = 300000
	metric.reporters = []
	metrics.num.samples = 2
	metrics.recording.level = INFO
	metrics.sample.window.ms = 30000
	receive.buffer.bytes = 65536
	reconnect.backoff.max.ms = 1000
	reconnect.backoff.ms = 50
	request.timeout.ms = 30000
	retries = 2147483647
	retry.backoff.max.ms = 1000
	retry.backoff.ms = 100
	sasl.client.callback.handler.class = null
	sasl.jaas.config = null
	sasl.kerberos.kinit.cmd = /usr/bin/kinit
	sasl.kerberos.min.time.before.relogin = 60000
	sasl.kerberos.service.name = null
	sasl.kerberos.ticket.renew.jitter = 0.05
	sasl.kerberos.ticket.renew.window.factor = 0.8
	sasl.login.callback.handler.class = null
	sasl.login.class = null
	sasl.login.connect.timeout.ms = null
	sasl.login.read.timeout.ms = null
	sasl.login.refresh.buffer.seconds = 300
	sasl.login.refresh.min.period.seconds = 60
	sasl.login.refresh.window.factor = 0.8
	sasl.login.refresh.window.jitter = 0.05
	sasl.login.retry.backoff.max.ms = 10000
	sasl.login.retry.backoff.ms = 100
	sasl.mechanism = GSSAPI
	sasl.oauthbearer.clock.skew.seconds = 30
	sasl.oauthbearer.expected.audience = null
	sasl.oauthbearer.expected.issuer = null
	sasl.oauthbearer.jwks.endpoint.refresh.ms = 3600000
	sasl.oauthbearer.jwks.endpoint.retry.backoff.max.ms = 10000
	sasl.oauthbearer.jwks.endpoint.retry.backoff.ms = 100
	sasl.oauthbearer.jwks.endpoint.url = null
	sasl.oauthbearer.scope.claim.name = scope
	sasl.oauthbearer.sub.claim.name = sub
	sasl.oauthbearer.token.endpoint.url = null
	security.protocol = PLAINTEXT
	security.providers = null
	send.buffer.bytes = 131072
	socket.connection.setup.timeout.max.ms = 30000
	socket.connection.setup.timeout.ms = 10000
	ssl.cipher.suites = null
	ssl.enabled.protocols = [TLSv1.2, TLSv1.3]
	ssl.endpoint.identification.algorithm = https
	ssl.engine.factory.class = null
	ssl.key.password = null
	ssl.keymanager.algorithm = SunX509
	ssl.keystore.certificate.chain = null
	ssl.keystore.key = null
	ssl.keystore.location = null
	ssl.keystore.password = null
	ssl.keystore.type = JKS
	ssl.protocol = TLSv1.3
	ssl.provider = null
	ssl.secure.random.implementation = null
	ssl.trustmanager.algorithm = PKIX
	ssl.truststore.certificates = null
	ssl.truststore.location = null
	ssl.truststore.password = null
	ssl.truststore.type = JKS

2024-08-22T16:25:18.216-07:00  INFO 10666 --- [admin] [main] o.a.kafka.common.utils.AppInfoParser     : Kafka version: 3.7.1
2024-08-22T16:25:18.217-07:00  INFO 10666 --- [admin] [main] o.a.kafka.common.utils.AppInfoParser     : Kafka commitId: e2494e6ffb89f828
2024-08-22T16:25:18.217-07:00  INFO 10666 --- [admin] [main] o.a.kafka.common.utils.AppInfoParser     : Kafka startTimeMs: 1724369118215
2024-08-22T16:25:18.904-07:00  INFO 10666 --- [admin] [kafka-admin-client-thread | admin-admin-0] o.a.kafka.common.utils.AppInfoParser     : App info kafka.admin.client for admin-admin-0 unregistered
2024-08-22T16:25:18.914-07:00  INFO 10666 --- [admin] [kafka-admin-client-thread | admin-admin-0] o.apache.kafka.common.metrics.Metrics    : Metrics scheduler closed
2024-08-22T16:25:18.915-07:00  INFO 10666 --- [admin] [kafka-admin-client-thread | admin-admin-0] o.apache.kafka.common.metrics.Metrics    : Closing reporter org.apache.kafka.common.metrics.JmxReporter
2024-08-22T16:25:18.915-07:00  INFO 10666 --- [admin] [kafka-admin-client-thread | admin-admin-0] o.apache.kafka.common.metrics.Metrics    : Metrics reporters closed
2024-08-22T16:25:18.945-07:00  INFO 10666 --- [admin] [main] o.s.b.w.embedded.tomcat.TomcatWebServer  : Tomcat started on port 8087 (http) with context path '/'
2024-08-22T16:25:18.961-07:00  INFO 10666 --- [admin] [main] b.i.diplom.admin.AdminApplication        : Started AdminApplication in 15.383 seconds (process running for 16.515)
2024-08-22T16:26:19.145-07:00  INFO 10666 --- [admin] [http-nio-8087-exec-1] o.a.c.c.C.[Tomcat].[localhost].[/]       : Initializing Spring DispatcherServlet 'dispatcherServlet'
2024-08-22T16:26:19.147-07:00  INFO 10666 --- [admin] [http-nio-8087-exec-1] o.s.web.servlet.DispatcherServlet        : Initializing Servlet 'dispatcherServlet'
2024-08-22T16:26:19.154-07:00  INFO 10666 --- [admin] [http-nio-8087-exec-1] o.s.web.servlet.DispatcherServlet        : Completed initialization in 6 ms
2024-08-22T16:28:35.865-07:00  INFO 10666 --- [admin] [SpringApplicationShutdownHook] j.LocalContainerEntityManagerFactoryBean : Closing JPA EntityManagerFactory for persistence unit 'default'
2024-08-22T16:28:35.888-07:00  INFO 10666 --- [admin] [SpringApplicationShutdownHook] com.zaxxer.hikari.HikariDataSource       : HikariPool-1 - Shutdown initiated...
2024-08-22T16:28:35.897-07:00  INFO 10666 --- [admin] [SpringApplicationShutdownHook] com.zaxxer.hikari.HikariDataSource       : HikariPool-1 - Shutdown completed.
2024-08-22T16:28:42.404-07:00  INFO 10772 --- [admin] [main] b.i.diplom.admin.AdminApplication        : Starting AdminApplication using Java 17.0.11 with PID 10772 (/Users/mihail/Documents/free-party/party-web/project-manager/admin/target/classes started by mihail in /Users/mihail/Documents/free-party/party-web/project-manager)
2024-08-22T16:28:42.408-07:00  INFO 10772 --- [admin] [main] b.i.diplom.admin.AdminApplication        : No active profile set, falling back to 1 default profile: "default"
2024-08-22T16:28:43.518-07:00  INFO 10772 --- [admin] [main] .s.d.r.c.RepositoryConfigurationDelegate : Multiple Spring Data modules found, entering strict repository configuration mode
2024-08-22T16:28:43.519-07:00  INFO 10772 --- [admin] [main] .s.d.r.c.RepositoryConfigurationDelegate : Bootstrapping Spring Data Redis repositories in DEFAULT mode.
2024-08-22T16:28:43.552-07:00  INFO 10772 --- [admin] [main] .s.d.r.c.RepositoryConfigurationDelegate : Finished Spring Data repository scanning in 6 ms. Found 0 Redis repository interfaces.
2024-08-22T16:28:43.566-07:00  INFO 10772 --- [admin] [main] .s.d.r.c.RepositoryConfigurationDelegate : Multiple Spring Data modules found, entering strict repository configuration mode
2024-08-22T16:28:43.567-07:00  INFO 10772 --- [admin] [main] .s.d.r.c.RepositoryConfigurationDelegate : Bootstrapping Spring Data JPA repositories in DEFAULT mode.
2024-08-22T16:28:43.829-07:00  INFO 10772 --- [admin] [main] .s.d.r.c.RepositoryConfigurationDelegate : Finished Spring Data repository scanning in 256 ms. Found 16 JPA repository interfaces.
2024-08-22T16:28:44.128-07:00  INFO 10772 --- [admin] [main] .s.d.r.c.RepositoryConfigurationDelegate : Multiple Spring Data modules found, entering strict repository configuration mode
2024-08-22T16:28:44.129-07:00  INFO 10772 --- [admin] [main] .s.d.r.c.RepositoryConfigurationDelegate : Bootstrapping Spring Data Redis repositories in DEFAULT mode.
2024-08-22T16:28:44.140-07:00  INFO 10772 --- [admin] [main] .s.d.r.c.RepositoryConfigurationDelegate : Finished Spring Data repository scanning in 11 ms. Found 0 Redis repository interfaces.
2024-08-22T16:28:45.179-07:00  INFO 10772 --- [admin] [main] o.s.b.w.embedded.tomcat.TomcatWebServer  : Tomcat initialized with port 8087 (http)
2024-08-22T16:28:45.195-07:00  INFO 10772 --- [admin] [main] o.apache.catalina.core.StandardService   : Starting service [Tomcat]
2024-08-22T16:28:45.196-07:00  INFO 10772 --- [admin] [main] o.apache.catalina.core.StandardEngine    : Starting Servlet engine: [Apache Tomcat/10.1.26]
2024-08-22T16:28:45.295-07:00  INFO 10772 --- [admin] [main] o.a.c.c.C.[Tomcat].[localhost].[/]       : Initializing Spring embedded WebApplicationContext
2024-08-22T16:28:45.295-07:00  INFO 10772 --- [admin] [main] w.s.c.ServletWebServerApplicationContext : Root WebApplicationContext: initialization completed in 2780 ms
2024-08-22T16:28:45.595-07:00  INFO 10772 --- [admin] [main] o.hibernate.jpa.internal.util.LogHelper  : HHH000204: Processing PersistenceUnitInfo [name: default]
2024-08-22T16:28:45.670-07:00  INFO 10772 --- [admin] [main] org.hibernate.Version                    : HHH000412: Hibernate ORM core version 6.5.2.Final
2024-08-22T16:28:45.713-07:00  INFO 10772 --- [admin] [main] o.h.c.internal.RegionFactoryInitiator    : HHH000026: Second-level cache disabled
2024-08-22T16:28:46.097-07:00  INFO 10772 --- [admin] [main] o.s.o.j.p.SpringPersistenceUnitInfo      : No LoadTimeWeaver setup: ignoring JPA class transformer
2024-08-22T16:28:46.129-07:00  INFO 10772 --- [admin] [main] com.zaxxer.hikari.HikariDataSource       : HikariPool-1 - Starting...
2024-08-22T16:28:46.270-07:00  INFO 10772 --- [admin] [main] com.zaxxer.hikari.pool.HikariPool        : HikariPool-1 - Added connection org.postgresql.jdbc.PgConnection@9d3a7a1
2024-08-22T16:28:46.271-07:00  INFO 10772 --- [admin] [main] com.zaxxer.hikari.HikariDataSource       : HikariPool-1 - Start completed.
2024-08-22T16:28:47.969-07:00  INFO 10772 --- [admin] [main] o.h.e.t.j.p.i.JtaPlatformInitiator       : HHH000489: No JTA platform available (set 'hibernate.transaction.jta.platform' to enable JTA platform integration)
2024-08-22T16:28:48.359-07:00  INFO 10772 --- [admin] [main] j.LocalContainerEntityManagerFactoryBean : Initialized JPA EntityManagerFactory for persistence unit 'default'
2024-08-22T16:28:48.745-07:00  INFO 10772 --- [admin] [main] o.s.d.j.r.query.QueryEnhancerFactory     : Hibernate is in classpath; If applicable, HQL parser will be used.
2024-08-22T16:28:50.380-07:00  WARN 10772 --- [admin] [main] JpaBaseConfiguration$JpaWebConfiguration : spring.jpa.open-in-view is enabled by default. Therefore, database queries may be performed during view rendering. Explicitly configure spring.jpa.open-in-view to disable this warning
2024-08-22T16:28:52.129-07:00  INFO 10772 --- [admin] [main] o.a.k.clients.admin.AdminClientConfig    : AdminClientConfig values: 
	auto.include.jmx.reporter = true
	bootstrap.controllers = []
	bootstrap.servers = [localhost:9092]
	client.dns.lookup = use_all_dns_ips
	client.id = admin-admin-0
	connections.max.idle.ms = 300000
	default.api.timeout.ms = 60000
	enable.metrics.push = true
	metadata.max.age.ms = 300000
	metric.reporters = []
	metrics.num.samples = 2
	metrics.recording.level = INFO
	metrics.sample.window.ms = 30000
	receive.buffer.bytes = 65536
	reconnect.backoff.max.ms = 1000
	reconnect.backoff.ms = 50
	request.timeout.ms = 30000
	retries = 2147483647
	retry.backoff.max.ms = 1000
	retry.backoff.ms = 100
	sasl.client.callback.handler.class = null
	sasl.jaas.config = null
	sasl.kerberos.kinit.cmd = /usr/bin/kinit
	sasl.kerberos.min.time.before.relogin = 60000
	sasl.kerberos.service.name = null
	sasl.kerberos.ticket.renew.jitter = 0.05
	sasl.kerberos.ticket.renew.window.factor = 0.8
	sasl.login.callback.handler.class = null
	sasl.login.class = null
	sasl.login.connect.timeout.ms = null
	sasl.login.read.timeout.ms = null
	sasl.login.refresh.buffer.seconds = 300
	sasl.login.refresh.min.period.seconds = 60
	sasl.login.refresh.window.factor = 0.8
	sasl.login.refresh.window.jitter = 0.05
	sasl.login.retry.backoff.max.ms = 10000
	sasl.login.retry.backoff.ms = 100
	sasl.mechanism = GSSAPI
	sasl.oauthbearer.clock.skew.seconds = 30
	sasl.oauthbearer.expected.audience = null
	sasl.oauthbearer.expected.issuer = null
	sasl.oauthbearer.jwks.endpoint.refresh.ms = 3600000
	sasl.oauthbearer.jwks.endpoint.retry.backoff.max.ms = 10000
	sasl.oauthbearer.jwks.endpoint.retry.backoff.ms = 100
	sasl.oauthbearer.jwks.endpoint.url = null
	sasl.oauthbearer.scope.claim.name = scope
	sasl.oauthbearer.sub.claim.name = sub
	sasl.oauthbearer.token.endpoint.url = null
	security.protocol = PLAINTEXT
	security.providers = null
	send.buffer.bytes = 131072
	socket.connection.setup.timeout.max.ms = 30000
	socket.connection.setup.timeout.ms = 10000
	ssl.cipher.suites = null
	ssl.enabled.protocols = [TLSv1.2, TLSv1.3]
	ssl.endpoint.identification.algorithm = https
	ssl.engine.factory.class = null
	ssl.key.password = null
	ssl.keymanager.algorithm = SunX509
	ssl.keystore.certificate.chain = null
	ssl.keystore.key = null
	ssl.keystore.location = null
	ssl.keystore.password = null
	ssl.keystore.type = JKS
	ssl.protocol = TLSv1.3
	ssl.provider = null
	ssl.secure.random.implementation = null
	ssl.trustmanager.algorithm = PKIX
	ssl.truststore.certificates = null
	ssl.truststore.location = null
	ssl.truststore.password = null
	ssl.truststore.type = JKS

2024-08-22T16:28:52.231-07:00  INFO 10772 --- [admin] [main] o.a.kafka.common.utils.AppInfoParser     : Kafka version: 3.7.1
2024-08-22T16:28:52.231-07:00  INFO 10772 --- [admin] [main] o.a.kafka.common.utils.AppInfoParser     : Kafka commitId: e2494e6ffb89f828
2024-08-22T16:28:52.231-07:00  INFO 10772 --- [admin] [main] o.a.kafka.common.utils.AppInfoParser     : Kafka startTimeMs: 1724369332229
2024-08-22T16:28:52.751-07:00  INFO 10772 --- [admin] [kafka-admin-client-thread | admin-admin-0] o.a.kafka.common.utils.AppInfoParser     : App info kafka.admin.client for admin-admin-0 unregistered
2024-08-22T16:28:52.761-07:00  INFO 10772 --- [admin] [kafka-admin-client-thread | admin-admin-0] o.apache.kafka.common.metrics.Metrics    : Metrics scheduler closed
2024-08-22T16:28:52.761-07:00  INFO 10772 --- [admin] [kafka-admin-client-thread | admin-admin-0] o.apache.kafka.common.metrics.Metrics    : Closing reporter org.apache.kafka.common.metrics.JmxReporter
2024-08-22T16:28:52.761-07:00  INFO 10772 --- [admin] [kafka-admin-client-thread | admin-admin-0] o.apache.kafka.common.metrics.Metrics    : Metrics reporters closed
2024-08-22T16:28:52.787-07:00  INFO 10772 --- [admin] [main] o.s.b.w.embedded.tomcat.TomcatWebServer  : Tomcat started on port 8087 (http) with context path '/'
2024-08-22T16:28:52.800-07:00  INFO 10772 --- [admin] [main] b.i.diplom.admin.AdminApplication        : Started AdminApplication in 11.344 seconds (process running for 12.27)
2024-08-22T16:28:59.642-07:00  INFO 10772 --- [admin] [http-nio-8087-exec-2] o.a.c.c.C.[Tomcat].[localhost].[/]       : Initializing Spring DispatcherServlet 'dispatcherServlet'
2024-08-22T16:28:59.643-07:00  INFO 10772 --- [admin] [http-nio-8087-exec-2] o.s.web.servlet.DispatcherServlet        : Initializing Servlet 'dispatcherServlet'
2024-08-22T16:28:59.645-07:00  INFO 10772 --- [admin] [http-nio-8087-exec-2] o.s.web.servlet.DispatcherServlet        : Completed initialization in 2 ms
2024-08-22T16:29:11.607-07:00  INFO 10772 --- [admin] [SpringApplicationShutdownHook] j.LocalContainerEntityManagerFactoryBean : Closing JPA EntityManagerFactory for persistence unit 'default'
2024-08-22T16:29:11.610-07:00  INFO 10772 --- [admin] [SpringApplicationShutdownHook] com.zaxxer.hikari.HikariDataSource       : HikariPool-1 - Shutdown initiated...
2024-08-22T16:29:11.613-07:00  INFO 10772 --- [admin] [SpringApplicationShutdownHook] com.zaxxer.hikari.HikariDataSource       : HikariPool-1 - Shutdown completed.
2024-08-22T16:29:17.883-07:00  INFO 10802 --- [admin] [main] b.i.diplom.admin.AdminApplication        : Starting AdminApplication using Java 17.0.11 with PID 10802 (/Users/mihail/Documents/free-party/party-web/project-manager/admin/target/classes started by mihail in /Users/mihail/Documents/free-party/party-web/project-manager)
2024-08-22T16:29:17.889-07:00  INFO 10802 --- [admin] [main] b.i.diplom.admin.AdminApplication        : No active profile set, falling back to 1 default profile: "default"
2024-08-22T16:29:19.014-07:00  INFO 10802 --- [admin] [main] .s.d.r.c.RepositoryConfigurationDelegate : Multiple Spring Data modules found, entering strict repository configuration mode
2024-08-22T16:29:19.015-07:00  INFO 10802 --- [admin] [main] .s.d.r.c.RepositoryConfigurationDelegate : Bootstrapping Spring Data Redis repositories in DEFAULT mode.
2024-08-22T16:29:19.054-07:00  INFO 10802 --- [admin] [main] .s.d.r.c.RepositoryConfigurationDelegate : Finished Spring Data repository scanning in 8 ms. Found 0 Redis repository interfaces.
2024-08-22T16:29:19.070-07:00  INFO 10802 --- [admin] [main] .s.d.r.c.RepositoryConfigurationDelegate : Multiple Spring Data modules found, entering strict repository configuration mode
2024-08-22T16:29:19.070-07:00  INFO 10802 --- [admin] [main] .s.d.r.c.RepositoryConfigurationDelegate : Bootstrapping Spring Data JPA repositories in DEFAULT mode.
2024-08-22T16:29:19.327-07:00  INFO 10802 --- [admin] [main] .s.d.r.c.RepositoryConfigurationDelegate : Finished Spring Data repository scanning in 250 ms. Found 16 JPA repository interfaces.
2024-08-22T16:29:19.643-07:00  INFO 10802 --- [admin] [main] .s.d.r.c.RepositoryConfigurationDelegate : Multiple Spring Data modules found, entering strict repository configuration mode
2024-08-22T16:29:19.643-07:00  INFO 10802 --- [admin] [main] .s.d.r.c.RepositoryConfigurationDelegate : Bootstrapping Spring Data Redis repositories in DEFAULT mode.
2024-08-22T16:29:19.655-07:00  INFO 10802 --- [admin] [main] .s.d.r.c.RepositoryConfigurationDelegate : Finished Spring Data repository scanning in 11 ms. Found 0 Redis repository interfaces.
2024-08-22T16:29:20.711-07:00  INFO 10802 --- [admin] [main] o.s.b.w.embedded.tomcat.TomcatWebServer  : Tomcat initialized with port 8087 (http)
2024-08-22T16:29:20.728-07:00  INFO 10802 --- [admin] [main] o.apache.catalina.core.StandardService   : Starting service [Tomcat]
2024-08-22T16:29:20.729-07:00  INFO 10802 --- [admin] [main] o.apache.catalina.core.StandardEngine    : Starting Servlet engine: [Apache Tomcat/10.1.26]
2024-08-22T16:29:20.824-07:00  INFO 10802 --- [admin] [main] o.a.c.c.C.[Tomcat].[localhost].[/]       : Initializing Spring embedded WebApplicationContext
2024-08-22T16:29:20.825-07:00  INFO 10802 --- [admin] [main] w.s.c.ServletWebServerApplicationContext : Root WebApplicationContext: initialization completed in 2812 ms
2024-08-22T16:29:21.115-07:00  INFO 10802 --- [admin] [main] o.hibernate.jpa.internal.util.LogHelper  : HHH000204: Processing PersistenceUnitInfo [name: default]
2024-08-22T16:29:21.187-07:00  INFO 10802 --- [admin] [main] org.hibernate.Version                    : HHH000412: Hibernate ORM core version 6.5.2.Final
2024-08-22T16:29:21.228-07:00  INFO 10802 --- [admin] [main] o.h.c.internal.RegionFactoryInitiator    : HHH000026: Second-level cache disabled
2024-08-22T16:29:21.605-07:00  INFO 10802 --- [admin] [main] o.s.o.j.p.SpringPersistenceUnitInfo      : No LoadTimeWeaver setup: ignoring JPA class transformer
2024-08-22T16:29:21.636-07:00  INFO 10802 --- [admin] [main] com.zaxxer.hikari.HikariDataSource       : HikariPool-1 - Starting...
2024-08-22T16:29:21.771-07:00  INFO 10802 --- [admin] [main] com.zaxxer.hikari.pool.HikariPool        : HikariPool-1 - Added connection org.postgresql.jdbc.PgConnection@1cb44a2f
2024-08-22T16:29:21.773-07:00  INFO 10802 --- [admin] [main] com.zaxxer.hikari.HikariDataSource       : HikariPool-1 - Start completed.
2024-08-22T16:29:23.485-07:00  INFO 10802 --- [admin] [main] o.h.e.t.j.p.i.JtaPlatformInitiator       : HHH000489: No JTA platform available (set 'hibernate.transaction.jta.platform' to enable JTA platform integration)
2024-08-22T16:29:23.813-07:00  INFO 10802 --- [admin] [main] j.LocalContainerEntityManagerFactoryBean : Initialized JPA EntityManagerFactory for persistence unit 'default'
2024-08-22T16:29:24.194-07:00  INFO 10802 --- [admin] [main] o.s.d.j.r.query.QueryEnhancerFactory     : Hibernate is in classpath; If applicable, HQL parser will be used.
2024-08-22T16:29:25.545-07:00  WARN 10802 --- [admin] [main] JpaBaseConfiguration$JpaWebConfiguration : spring.jpa.open-in-view is enabled by default. Therefore, database queries may be performed during view rendering. Explicitly configure spring.jpa.open-in-view to disable this warning
2024-08-22T16:29:27.500-07:00  INFO 10802 --- [admin] [main] o.a.k.clients.admin.AdminClientConfig    : AdminClientConfig values: 
	auto.include.jmx.reporter = true
	bootstrap.controllers = []
	bootstrap.servers = [localhost:9092]
	client.dns.lookup = use_all_dns_ips
	client.id = admin-admin-0
	connections.max.idle.ms = 300000
	default.api.timeout.ms = 60000
	enable.metrics.push = true
	metadata.max.age.ms = 300000
	metric.reporters = []
	metrics.num.samples = 2
	metrics.recording.level = INFO
	metrics.sample.window.ms = 30000
	receive.buffer.bytes = 65536
	reconnect.backoff.max.ms = 1000
	reconnect.backoff.ms = 50
	request.timeout.ms = 30000
	retries = 2147483647
	retry.backoff.max.ms = 1000
	retry.backoff.ms = 100
	sasl.client.callback.handler.class = null
	sasl.jaas.config = null
	sasl.kerberos.kinit.cmd = /usr/bin/kinit
	sasl.kerberos.min.time.before.relogin = 60000
	sasl.kerberos.service.name = null
	sasl.kerberos.ticket.renew.jitter = 0.05
	sasl.kerberos.ticket.renew.window.factor = 0.8
	sasl.login.callback.handler.class = null
	sasl.login.class = null
	sasl.login.connect.timeout.ms = null
	sasl.login.read.timeout.ms = null
	sasl.login.refresh.buffer.seconds = 300
	sasl.login.refresh.min.period.seconds = 60
	sasl.login.refresh.window.factor = 0.8
	sasl.login.refresh.window.jitter = 0.05
	sasl.login.retry.backoff.max.ms = 10000
	sasl.login.retry.backoff.ms = 100
	sasl.mechanism = GSSAPI
	sasl.oauthbearer.clock.skew.seconds = 30
	sasl.oauthbearer.expected.audience = null
	sasl.oauthbearer.expected.issuer = null
	sasl.oauthbearer.jwks.endpoint.refresh.ms = 3600000
	sasl.oauthbearer.jwks.endpoint.retry.backoff.max.ms = 10000
	sasl.oauthbearer.jwks.endpoint.retry.backoff.ms = 100
	sasl.oauthbearer.jwks.endpoint.url = null
	sasl.oauthbearer.scope.claim.name = scope
	sasl.oauthbearer.sub.claim.name = sub
	sasl.oauthbearer.token.endpoint.url = null
	security.protocol = PLAINTEXT
	security.providers = null
	send.buffer.bytes = 131072
	socket.connection.setup.timeout.max.ms = 30000
	socket.connection.setup.timeout.ms = 10000
	ssl.cipher.suites = null
	ssl.enabled.protocols = [TLSv1.2, TLSv1.3]
	ssl.endpoint.identification.algorithm = https
	ssl.engine.factory.class = null
	ssl.key.password = null
	ssl.keymanager.algorithm = SunX509
	ssl.keystore.certificate.chain = null
	ssl.keystore.key = null
	ssl.keystore.location = null
	ssl.keystore.password = null
	ssl.keystore.type = JKS
	ssl.protocol = TLSv1.3
	ssl.provider = null
	ssl.secure.random.implementation = null
	ssl.trustmanager.algorithm = PKIX
	ssl.truststore.certificates = null
	ssl.truststore.location = null
	ssl.truststore.password = null
	ssl.truststore.type = JKS

2024-08-22T16:29:27.599-07:00  INFO 10802 --- [admin] [main] o.a.kafka.common.utils.AppInfoParser     : Kafka version: 3.7.1
2024-08-22T16:29:27.600-07:00  INFO 10802 --- [admin] [main] o.a.kafka.common.utils.AppInfoParser     : Kafka commitId: e2494e6ffb89f828
2024-08-22T16:29:27.600-07:00  INFO 10802 --- [admin] [main] o.a.kafka.common.utils.AppInfoParser     : Kafka startTimeMs: 1724369367598
2024-08-22T16:29:28.142-07:00  INFO 10802 --- [admin] [kafka-admin-client-thread | admin-admin-0] o.a.kafka.common.utils.AppInfoParser     : App info kafka.admin.client for admin-admin-0 unregistered
2024-08-22T16:29:28.150-07:00  INFO 10802 --- [admin] [kafka-admin-client-thread | admin-admin-0] o.apache.kafka.common.metrics.Metrics    : Metrics scheduler closed
2024-08-22T16:29:28.150-07:00  INFO 10802 --- [admin] [kafka-admin-client-thread | admin-admin-0] o.apache.kafka.common.metrics.Metrics    : Closing reporter org.apache.kafka.common.metrics.JmxReporter
2024-08-22T16:29:28.150-07:00  INFO 10802 --- [admin] [kafka-admin-client-thread | admin-admin-0] o.apache.kafka.common.metrics.Metrics    : Metrics reporters closed
2024-08-22T16:29:28.169-07:00  INFO 10802 --- [admin] [main] o.s.b.w.embedded.tomcat.TomcatWebServer  : Tomcat started on port 8087 (http) with context path '/'
2024-08-22T16:29:28.182-07:00  INFO 10802 --- [admin] [main] b.i.diplom.admin.AdminApplication        : Started AdminApplication in 11.783 seconds (process running for 12.783)
2024-08-22T16:29:33.212-07:00  INFO 10802 --- [admin] [http-nio-8087-exec-2] o.a.c.c.C.[Tomcat].[localhost].[/]       : Initializing Spring DispatcherServlet 'dispatcherServlet'
2024-08-22T16:29:33.212-07:00  INFO 10802 --- [admin] [http-nio-8087-exec-2] o.s.web.servlet.DispatcherServlet        : Initializing Servlet 'dispatcherServlet'
2024-08-22T16:29:33.216-07:00  INFO 10802 --- [admin] [http-nio-8087-exec-2] o.s.web.servlet.DispatcherServlet        : Completed initialization in 4 ms
2024-08-22T16:37:59.941-07:00  INFO 10802 --- [admin] [SpringApplicationShutdownHook] j.LocalContainerEntityManagerFactoryBean : Closing JPA EntityManagerFactory for persistence unit 'default'
2024-08-22T16:37:59.975-07:00  INFO 10802 --- [admin] [SpringApplicationShutdownHook] com.zaxxer.hikari.HikariDataSource       : HikariPool-1 - Shutdown initiated...
2024-08-22T16:37:59.989-07:00  INFO 10802 --- [admin] [SpringApplicationShutdownHook] com.zaxxer.hikari.HikariDataSource       : HikariPool-1 - Shutdown completed.
2024-08-22T16:38:06.215-07:00  INFO 11057 --- [admin] [main] b.i.diplom.admin.AdminApplication        : Starting AdminApplication using Java 17.0.11 with PID 11057 (/Users/mihail/Documents/free-party/party-web/project-manager/admin/target/classes started by mihail in /Users/mihail/Documents/free-party/party-web/project-manager)
2024-08-22T16:38:06.219-07:00  INFO 11057 --- [admin] [main] b.i.diplom.admin.AdminApplication        : No active profile set, falling back to 1 default profile: "default"
2024-08-22T16:38:07.213-07:00  INFO 11057 --- [admin] [main] .s.d.r.c.RepositoryConfigurationDelegate : Multiple Spring Data modules found, entering strict repository configuration mode
2024-08-22T16:38:07.214-07:00  INFO 11057 --- [admin] [main] .s.d.r.c.RepositoryConfigurationDelegate : Bootstrapping Spring Data Redis repositories in DEFAULT mode.
2024-08-22T16:38:07.244-07:00  INFO 11057 --- [admin] [main] .s.d.r.c.RepositoryConfigurationDelegate : Finished Spring Data repository scanning in 6 ms. Found 0 Redis repository interfaces.
2024-08-22T16:38:07.258-07:00  INFO 11057 --- [admin] [main] .s.d.r.c.RepositoryConfigurationDelegate : Multiple Spring Data modules found, entering strict repository configuration mode
2024-08-22T16:38:07.258-07:00  INFO 11057 --- [admin] [main] .s.d.r.c.RepositoryConfigurationDelegate : Bootstrapping Spring Data JPA repositories in DEFAULT mode.
2024-08-22T16:38:07.565-07:00  INFO 11057 --- [admin] [main] .s.d.r.c.RepositoryConfigurationDelegate : Finished Spring Data repository scanning in 302 ms. Found 16 JPA repository interfaces.
2024-08-22T16:38:07.868-07:00  INFO 11057 --- [admin] [main] .s.d.r.c.RepositoryConfigurationDelegate : Multiple Spring Data modules found, entering strict repository configuration mode
2024-08-22T16:38:07.869-07:00  INFO 11057 --- [admin] [main] .s.d.r.c.RepositoryConfigurationDelegate : Bootstrapping Spring Data Redis repositories in DEFAULT mode.
2024-08-22T16:38:07.881-07:00  INFO 11057 --- [admin] [main] .s.d.r.c.RepositoryConfigurationDelegate : Finished Spring Data repository scanning in 11 ms. Found 0 Redis repository interfaces.
2024-08-22T16:38:09.009-07:00  INFO 11057 --- [admin] [main] o.s.b.w.embedded.tomcat.TomcatWebServer  : Tomcat initialized with port 8087 (http)
2024-08-22T16:38:09.029-07:00  INFO 11057 --- [admin] [main] o.apache.catalina.core.StandardService   : Starting service [Tomcat]
2024-08-22T16:38:09.029-07:00  INFO 11057 --- [admin] [main] o.apache.catalina.core.StandardEngine    : Starting Servlet engine: [Apache Tomcat/10.1.26]
2024-08-22T16:38:09.196-07:00  INFO 11057 --- [admin] [main] o.a.c.c.C.[Tomcat].[localhost].[/]       : Initializing Spring embedded WebApplicationContext
2024-08-22T16:38:09.196-07:00  INFO 11057 --- [admin] [main] w.s.c.ServletWebServerApplicationContext : Root WebApplicationContext: initialization completed in 2901 ms
2024-08-22T16:38:09.482-07:00  INFO 11057 --- [admin] [main] o.hibernate.jpa.internal.util.LogHelper  : HHH000204: Processing PersistenceUnitInfo [name: default]
2024-08-22T16:38:09.556-07:00  INFO 11057 --- [admin] [main] org.hibernate.Version                    : HHH000412: Hibernate ORM core version 6.5.2.Final
2024-08-22T16:38:09.600-07:00  INFO 11057 --- [admin] [main] o.h.c.internal.RegionFactoryInitiator    : HHH000026: Second-level cache disabled
2024-08-22T16:38:09.974-07:00  INFO 11057 --- [admin] [main] o.s.o.j.p.SpringPersistenceUnitInfo      : No LoadTimeWeaver setup: ignoring JPA class transformer
2024-08-22T16:38:10.004-07:00  INFO 11057 --- [admin] [main] com.zaxxer.hikari.HikariDataSource       : HikariPool-1 - Starting...
2024-08-22T16:38:10.156-07:00  INFO 11057 --- [admin] [main] com.zaxxer.hikari.pool.HikariPool        : HikariPool-1 - Added connection org.postgresql.jdbc.PgConnection@1f75fd1d
2024-08-22T16:38:10.157-07:00  INFO 11057 --- [admin] [main] com.zaxxer.hikari.HikariDataSource       : HikariPool-1 - Start completed.
2024-08-22T16:38:11.830-07:00  INFO 11057 --- [admin] [main] o.h.e.t.j.p.i.JtaPlatformInitiator       : HHH000489: No JTA platform available (set 'hibernate.transaction.jta.platform' to enable JTA platform integration)
2024-08-22T16:38:12.156-07:00  INFO 11057 --- [admin] [main] j.LocalContainerEntityManagerFactoryBean : Initialized JPA EntityManagerFactory for persistence unit 'default'
2024-08-22T16:38:12.528-07:00  INFO 11057 --- [admin] [main] o.s.d.j.r.query.QueryEnhancerFactory     : Hibernate is in classpath; If applicable, HQL parser will be used.
2024-08-22T16:38:13.875-07:00  WARN 11057 --- [admin] [main] JpaBaseConfiguration$JpaWebConfiguration : spring.jpa.open-in-view is enabled by default. Therefore, database queries may be performed during view rendering. Explicitly configure spring.jpa.open-in-view to disable this warning
2024-08-22T16:38:15.533-07:00  INFO 11057 --- [admin] [main] o.a.k.clients.admin.AdminClientConfig    : AdminClientConfig values: 
	auto.include.jmx.reporter = true
	bootstrap.controllers = []
	bootstrap.servers = [localhost:9092]
	client.dns.lookup = use_all_dns_ips
	client.id = admin-admin-0
	connections.max.idle.ms = 300000
	default.api.timeout.ms = 60000
	enable.metrics.push = true
	metadata.max.age.ms = 300000
	metric.reporters = []
	metrics.num.samples = 2
	metrics.recording.level = INFO
	metrics.sample.window.ms = 30000
	receive.buffer.bytes = 65536
	reconnect.backoff.max.ms = 1000
	reconnect.backoff.ms = 50
	request.timeout.ms = 30000
	retries = 2147483647
	retry.backoff.max.ms = 1000
	retry.backoff.ms = 100
	sasl.client.callback.handler.class = null
	sasl.jaas.config = null
	sasl.kerberos.kinit.cmd = /usr/bin/kinit
	sasl.kerberos.min.time.before.relogin = 60000
	sasl.kerberos.service.name = null
	sasl.kerberos.ticket.renew.jitter = 0.05
	sasl.kerberos.ticket.renew.window.factor = 0.8
	sasl.login.callback.handler.class = null
	sasl.login.class = null
	sasl.login.connect.timeout.ms = null
	sasl.login.read.timeout.ms = null
	sasl.login.refresh.buffer.seconds = 300
	sasl.login.refresh.min.period.seconds = 60
	sasl.login.refresh.window.factor = 0.8
	sasl.login.refresh.window.jitter = 0.05
	sasl.login.retry.backoff.max.ms = 10000
	sasl.login.retry.backoff.ms = 100
	sasl.mechanism = GSSAPI
	sasl.oauthbearer.clock.skew.seconds = 30
	sasl.oauthbearer.expected.audience = null
	sasl.oauthbearer.expected.issuer = null
	sasl.oauthbearer.jwks.endpoint.refresh.ms = 3600000
	sasl.oauthbearer.jwks.endpoint.retry.backoff.max.ms = 10000
	sasl.oauthbearer.jwks.endpoint.retry.backoff.ms = 100
	sasl.oauthbearer.jwks.endpoint.url = null
	sasl.oauthbearer.scope.claim.name = scope
	sasl.oauthbearer.sub.claim.name = sub
	sasl.oauthbearer.token.endpoint.url = null
	security.protocol = PLAINTEXT
	security.providers = null
	send.buffer.bytes = 131072
	socket.connection.setup.timeout.max.ms = 30000
	socket.connection.setup.timeout.ms = 10000
	ssl.cipher.suites = null
	ssl.enabled.protocols = [TLSv1.2, TLSv1.3]
	ssl.endpoint.identification.algorithm = https
	ssl.engine.factory.class = null
	ssl.key.password = null
	ssl.keymanager.algorithm = SunX509
	ssl.keystore.certificate.chain = null
	ssl.keystore.key = null
	ssl.keystore.location = null
	ssl.keystore.password = null
	ssl.keystore.type = JKS
	ssl.protocol = TLSv1.3
	ssl.provider = null
	ssl.secure.random.implementation = null
	ssl.trustmanager.algorithm = PKIX
	ssl.truststore.certificates = null
	ssl.truststore.location = null
	ssl.truststore.password = null
	ssl.truststore.type = JKS

2024-08-22T16:38:15.623-07:00  INFO 11057 --- [admin] [main] o.a.kafka.common.utils.AppInfoParser     : Kafka version: 3.7.1
2024-08-22T16:38:15.623-07:00  INFO 11057 --- [admin] [main] o.a.kafka.common.utils.AppInfoParser     : Kafka commitId: e2494e6ffb89f828
2024-08-22T16:38:15.623-07:00  INFO 11057 --- [admin] [main] o.a.kafka.common.utils.AppInfoParser     : Kafka startTimeMs: 1724369895621
2024-08-22T16:38:16.238-07:00  INFO 11057 --- [admin] [kafka-admin-client-thread | admin-admin-0] o.a.kafka.common.utils.AppInfoParser     : App info kafka.admin.client for admin-admin-0 unregistered
2024-08-22T16:38:16.253-07:00  INFO 11057 --- [admin] [kafka-admin-client-thread | admin-admin-0] o.apache.kafka.common.metrics.Metrics    : Metrics scheduler closed
2024-08-22T16:38:16.253-07:00  INFO 11057 --- [admin] [kafka-admin-client-thread | admin-admin-0] o.apache.kafka.common.metrics.Metrics    : Closing reporter org.apache.kafka.common.metrics.JmxReporter
2024-08-22T16:38:16.253-07:00  INFO 11057 --- [admin] [kafka-admin-client-thread | admin-admin-0] o.apache.kafka.common.metrics.Metrics    : Metrics reporters closed
2024-08-22T16:38:16.276-07:00  INFO 11057 --- [admin] [main] o.s.b.w.embedded.tomcat.TomcatWebServer  : Tomcat started on port 8087 (http) with context path '/'
2024-08-22T16:38:16.288-07:00  INFO 11057 --- [admin] [main] b.i.diplom.admin.AdminApplication        : Started AdminApplication in 10.93 seconds (process running for 11.88)
2024-08-22T16:38:27.183-07:00  INFO 11057 --- [admin] [http-nio-8087-exec-2] o.a.c.c.C.[Tomcat].[localhost].[/]       : Initializing Spring DispatcherServlet 'dispatcherServlet'
2024-08-22T16:38:27.184-07:00  INFO 11057 --- [admin] [http-nio-8087-exec-2] o.s.web.servlet.DispatcherServlet        : Initializing Servlet 'dispatcherServlet'
2024-08-22T16:38:27.187-07:00  INFO 11057 --- [admin] [http-nio-8087-exec-2] o.s.web.servlet.DispatcherServlet        : Completed initialization in 3 ms
2024-08-22T16:41:29.461-07:00  INFO 11057 --- [admin] [SpringApplicationShutdownHook] j.LocalContainerEntityManagerFactoryBean : Closing JPA EntityManagerFactory for persistence unit 'default'
2024-08-22T16:41:29.474-07:00  INFO 11057 --- [admin] [SpringApplicationShutdownHook] com.zaxxer.hikari.HikariDataSource       : HikariPool-1 - Shutdown initiated...
2024-08-22T16:41:29.487-07:00  INFO 11057 --- [admin] [SpringApplicationShutdownHook] com.zaxxer.hikari.HikariDataSource       : HikariPool-1 - Shutdown completed.
2024-08-22T16:41:33.576-07:00  INFO 11213 --- [admin] [main] b.i.diplom.admin.AdminApplication        : Starting AdminApplication using Java 17.0.11 with PID 11213 (/Users/mihail/Documents/free-party/party-web/project-manager/admin/target/classes started by mihail in /Users/mihail/Documents/free-party/party-web/project-manager)
2024-08-22T16:41:33.579-07:00  INFO 11213 --- [admin] [main] b.i.diplom.admin.AdminApplication        : No active profile set, falling back to 1 default profile: "default"
2024-08-22T16:41:34.322-07:00  INFO 11213 --- [admin] [main] .s.d.r.c.RepositoryConfigurationDelegate : Multiple Spring Data modules found, entering strict repository configuration mode
2024-08-22T16:41:34.322-07:00  INFO 11213 --- [admin] [main] .s.d.r.c.RepositoryConfigurationDelegate : Bootstrapping Spring Data Redis repositories in DEFAULT mode.
2024-08-22T16:41:34.343-07:00  INFO 11213 --- [admin] [main] .s.d.r.c.RepositoryConfigurationDelegate : Finished Spring Data repository scanning in 4 ms. Found 0 Redis repository interfaces.
2024-08-22T16:41:34.353-07:00  INFO 11213 --- [admin] [main] .s.d.r.c.RepositoryConfigurationDelegate : Multiple Spring Data modules found, entering strict repository configuration mode
2024-08-22T16:41:34.353-07:00  INFO 11213 --- [admin] [main] .s.d.r.c.RepositoryConfigurationDelegate : Bootstrapping Spring Data JPA repositories in DEFAULT mode.
2024-08-22T16:41:34.533-07:00  INFO 11213 --- [admin] [main] .s.d.r.c.RepositoryConfigurationDelegate : Finished Spring Data repository scanning in 177 ms. Found 16 JPA repository interfaces.
2024-08-22T16:41:34.780-07:00  INFO 11213 --- [admin] [main] .s.d.r.c.RepositoryConfigurationDelegate : Multiple Spring Data modules found, entering strict repository configuration mode
2024-08-22T16:41:34.781-07:00  INFO 11213 --- [admin] [main] .s.d.r.c.RepositoryConfigurationDelegate : Bootstrapping Spring Data Redis repositories in DEFAULT mode.
2024-08-22T16:41:34.791-07:00  INFO 11213 --- [admin] [main] .s.d.r.c.RepositoryConfigurationDelegate : Finished Spring Data repository scanning in 9 ms. Found 0 Redis repository interfaces.
2024-08-22T16:41:35.619-07:00  INFO 11213 --- [admin] [main] o.s.b.w.embedded.tomcat.TomcatWebServer  : Tomcat initialized with port 8087 (http)
2024-08-22T16:41:35.632-07:00  INFO 11213 --- [admin] [main] o.apache.catalina.core.StandardService   : Starting service [Tomcat]
2024-08-22T16:41:35.632-07:00  INFO 11213 --- [admin] [main] o.apache.catalina.core.StandardEngine    : Starting Servlet engine: [Apache Tomcat/10.1.26]
2024-08-22T16:41:35.697-07:00  INFO 11213 --- [admin] [main] o.a.c.c.C.[Tomcat].[localhost].[/]       : Initializing Spring embedded WebApplicationContext
2024-08-22T16:41:35.697-07:00  INFO 11213 --- [admin] [main] w.s.c.ServletWebServerApplicationContext : Root WebApplicationContext: initialization completed in 2063 ms
2024-08-22T16:41:36.007-07:00  INFO 11213 --- [admin] [main] o.hibernate.jpa.internal.util.LogHelper  : HHH000204: Processing PersistenceUnitInfo [name: default]
2024-08-22T16:41:36.083-07:00  INFO 11213 --- [admin] [main] org.hibernate.Version                    : HHH000412: Hibernate ORM core version 6.5.2.Final
2024-08-22T16:41:36.131-07:00  INFO 11213 --- [admin] [main] o.h.c.internal.RegionFactoryInitiator    : HHH000026: Second-level cache disabled
2024-08-22T16:41:36.418-07:00  INFO 11213 --- [admin] [main] o.s.o.j.p.SpringPersistenceUnitInfo      : No LoadTimeWeaver setup: ignoring JPA class transformer
2024-08-22T16:41:36.441-07:00  INFO 11213 --- [admin] [main] com.zaxxer.hikari.HikariDataSource       : HikariPool-1 - Starting...
2024-08-22T16:41:36.538-07:00  INFO 11213 --- [admin] [main] com.zaxxer.hikari.pool.HikariPool        : HikariPool-1 - Added connection org.postgresql.jdbc.PgConnection@72e75786
2024-08-22T16:41:36.539-07:00  INFO 11213 --- [admin] [main] com.zaxxer.hikari.HikariDataSource       : HikariPool-1 - Start completed.
2024-08-22T16:41:37.704-07:00  INFO 11213 --- [admin] [main] o.h.e.t.j.p.i.JtaPlatformInitiator       : HHH000489: No JTA platform available (set 'hibernate.transaction.jta.platform' to enable JTA platform integration)
2024-08-22T16:41:37.941-07:00  INFO 11213 --- [admin] [main] j.LocalContainerEntityManagerFactoryBean : Initialized JPA EntityManagerFactory for persistence unit 'default'
2024-08-22T16:41:38.205-07:00  INFO 11213 --- [admin] [main] o.s.d.j.r.query.QueryEnhancerFactory     : Hibernate is in classpath; If applicable, HQL parser will be used.
2024-08-22T16:41:39.221-07:00  WARN 11213 --- [admin] [main] JpaBaseConfiguration$JpaWebConfiguration : spring.jpa.open-in-view is enabled by default. Therefore, database queries may be performed during view rendering. Explicitly configure spring.jpa.open-in-view to disable this warning
2024-08-22T16:41:40.423-07:00  INFO 11213 --- [admin] [main] o.a.k.clients.admin.AdminClientConfig    : AdminClientConfig values: 
	auto.include.jmx.reporter = true
	bootstrap.controllers = []
	bootstrap.servers = [localhost:9092]
	client.dns.lookup = use_all_dns_ips
	client.id = admin-admin-0
	connections.max.idle.ms = 300000
	default.api.timeout.ms = 60000
	enable.metrics.push = true
	metadata.max.age.ms = 300000
	metric.reporters = []
	metrics.num.samples = 2
	metrics.recording.level = INFO
	metrics.sample.window.ms = 30000
	receive.buffer.bytes = 65536
	reconnect.backoff.max.ms = 1000
	reconnect.backoff.ms = 50
	request.timeout.ms = 30000
	retries = 2147483647
	retry.backoff.max.ms = 1000
	retry.backoff.ms = 100
	sasl.client.callback.handler.class = null
	sasl.jaas.config = null
	sasl.kerberos.kinit.cmd = /usr/bin/kinit
	sasl.kerberos.min.time.before.relogin = 60000
	sasl.kerberos.service.name = null
	sasl.kerberos.ticket.renew.jitter = 0.05
	sasl.kerberos.ticket.renew.window.factor = 0.8
	sasl.login.callback.handler.class = null
	sasl.login.class = null
	sasl.login.connect.timeout.ms = null
	sasl.login.read.timeout.ms = null
	sasl.login.refresh.buffer.seconds = 300
	sasl.login.refresh.min.period.seconds = 60
	sasl.login.refresh.window.factor = 0.8
	sasl.login.refresh.window.jitter = 0.05
	sasl.login.retry.backoff.max.ms = 10000
	sasl.login.retry.backoff.ms = 100
	sasl.mechanism = GSSAPI
	sasl.oauthbearer.clock.skew.seconds = 30
	sasl.oauthbearer.expected.audience = null
	sasl.oauthbearer.expected.issuer = null
	sasl.oauthbearer.jwks.endpoint.refresh.ms = 3600000
	sasl.oauthbearer.jwks.endpoint.retry.backoff.max.ms = 10000
	sasl.oauthbearer.jwks.endpoint.retry.backoff.ms = 100
	sasl.oauthbearer.jwks.endpoint.url = null
	sasl.oauthbearer.scope.claim.name = scope
	sasl.oauthbearer.sub.claim.name = sub
	sasl.oauthbearer.token.endpoint.url = null
	security.protocol = PLAINTEXT
	security.providers = null
	send.buffer.bytes = 131072
	socket.connection.setup.timeout.max.ms = 30000
	socket.connection.setup.timeout.ms = 10000
	ssl.cipher.suites = null
	ssl.enabled.protocols = [TLSv1.2, TLSv1.3]
	ssl.endpoint.identification.algorithm = https
	ssl.engine.factory.class = null
	ssl.key.password = null
	ssl.keymanager.algorithm = SunX509
	ssl.keystore.certificate.chain = null
	ssl.keystore.key = null
	ssl.keystore.location = null
	ssl.keystore.password = null
	ssl.keystore.type = JKS
	ssl.protocol = TLSv1.3
	ssl.provider = null
	ssl.secure.random.implementation = null
	ssl.trustmanager.algorithm = PKIX
	ssl.truststore.certificates = null
	ssl.truststore.location = null
	ssl.truststore.password = null
	ssl.truststore.type = JKS

2024-08-22T16:41:40.510-07:00  INFO 11213 --- [admin] [main] o.a.kafka.common.utils.AppInfoParser     : Kafka version: 3.7.1
2024-08-22T16:41:40.510-07:00  INFO 11213 --- [admin] [main] o.a.kafka.common.utils.AppInfoParser     : Kafka commitId: e2494e6ffb89f828
2024-08-22T16:41:40.510-07:00  INFO 11213 --- [admin] [main] o.a.kafka.common.utils.AppInfoParser     : Kafka startTimeMs: 1724370100508
2024-08-22T16:41:40.905-07:00  INFO 11213 --- [admin] [kafka-admin-client-thread | admin-admin-0] o.a.kafka.common.utils.AppInfoParser     : App info kafka.admin.client for admin-admin-0 unregistered
2024-08-22T16:41:40.910-07:00  INFO 11213 --- [admin] [kafka-admin-client-thread | admin-admin-0] o.apache.kafka.common.metrics.Metrics    : Metrics scheduler closed
2024-08-22T16:41:40.910-07:00  INFO 11213 --- [admin] [kafka-admin-client-thread | admin-admin-0] o.apache.kafka.common.metrics.Metrics    : Closing reporter org.apache.kafka.common.metrics.JmxReporter
2024-08-22T16:41:40.910-07:00  INFO 11213 --- [admin] [kafka-admin-client-thread | admin-admin-0] o.apache.kafka.common.metrics.Metrics    : Metrics reporters closed
2024-08-22T16:41:40.924-07:00  INFO 11213 --- [admin] [main] o.s.b.w.embedded.tomcat.TomcatWebServer  : Tomcat started on port 8087 (http) with context path '/'
2024-08-22T16:41:40.933-07:00  INFO 11213 --- [admin] [main] b.i.diplom.admin.AdminApplication        : Started AdminApplication in 7.947 seconds (process running for 8.499)
2024-08-22T16:42:12.589-07:00  INFO 11213 --- [admin] [http-nio-8087-exec-1] o.a.c.c.C.[Tomcat].[localhost].[/]       : Initializing Spring DispatcherServlet 'dispatcherServlet'
2024-08-22T16:42:12.590-07:00  INFO 11213 --- [admin] [http-nio-8087-exec-1] o.s.web.servlet.DispatcherServlet        : Initializing Servlet 'dispatcherServlet'
2024-08-22T16:42:12.594-07:00  INFO 11213 --- [admin] [http-nio-8087-exec-1] o.s.web.servlet.DispatcherServlet        : Completed initialization in 3 ms
2024-08-22T16:43:49.406-07:00  INFO 11213 --- [admin] [http-nio-8087-exec-5] b.i.diplom.admin.service.AdminService    : party creating was saved. party id:5
2024-08-22T16:47:12.755-07:00  INFO 11213 --- [admin] [SpringApplicationShutdownHook] j.LocalContainerEntityManagerFactoryBean : Closing JPA EntityManagerFactory for persistence unit 'default'
2024-08-22T16:47:12.782-07:00  INFO 11213 --- [admin] [SpringApplicationShutdownHook] com.zaxxer.hikari.HikariDataSource       : HikariPool-1 - Shutdown initiated...
2024-08-22T16:47:12.792-07:00  INFO 11213 --- [admin] [SpringApplicationShutdownHook] com.zaxxer.hikari.HikariDataSource       : HikariPool-1 - Shutdown completed.
2024-08-22T16:47:19.947-07:00  INFO 11373 --- [person] [main] b.i.diplom.person.PersonApplication      : Starting PersonApplication using Java 17.0.11 with PID 11373 (/Users/mihail/Documents/free-party/party-web/project-manager/person/target/classes started by mihail in /Users/mihail/Documents/free-party/party-web/project-manager)
2024-08-22T16:47:19.950-07:00  INFO 11373 --- [person] [main] b.i.diplom.person.PersonApplication      : No active profile set, falling back to 1 default profile: "default"
2024-08-22T16:47:20.673-07:00  INFO 11373 --- [person] [main] .s.d.r.c.RepositoryConfigurationDelegate : Multiple Spring Data modules found, entering strict repository configuration mode
2024-08-22T16:47:20.673-07:00  INFO 11373 --- [person] [main] .s.d.r.c.RepositoryConfigurationDelegate : Bootstrapping Spring Data Redis repositories in DEFAULT mode.
2024-08-22T16:47:20.700-07:00  INFO 11373 --- [person] [main] .s.d.r.c.RepositoryConfigurationDelegate : Finished Spring Data repository scanning in 4 ms. Found 0 Redis repository interfaces.
2024-08-22T16:47:20.710-07:00  INFO 11373 --- [person] [main] .s.d.r.c.RepositoryConfigurationDelegate : Multiple Spring Data modules found, entering strict repository configuration mode
2024-08-22T16:47:20.710-07:00  INFO 11373 --- [person] [main] .s.d.r.c.RepositoryConfigurationDelegate : Bootstrapping Spring Data JPA repositories in DEFAULT mode.
2024-08-22T16:47:20.905-07:00  INFO 11373 --- [person] [main] .s.d.r.c.RepositoryConfigurationDelegate : Finished Spring Data repository scanning in 191 ms. Found 16 JPA repository interfaces.
2024-08-22T16:47:21.177-07:00  INFO 11373 --- [person] [main] .s.d.r.c.RepositoryConfigurationDelegate : Multiple Spring Data modules found, entering strict repository configuration mode
2024-08-22T16:47:21.178-07:00  INFO 11373 --- [person] [main] .s.d.r.c.RepositoryConfigurationDelegate : Bootstrapping Spring Data Redis repositories in DEFAULT mode.
2024-08-22T16:47:21.192-07:00  INFO 11373 --- [person] [main] .s.d.r.c.RepositoryConfigurationDelegate : Finished Spring Data repository scanning in 13 ms. Found 0 Redis repository interfaces.
2024-08-22T16:47:21.937-07:00  INFO 11373 --- [person] [main] o.s.b.w.embedded.tomcat.TomcatWebServer  : Tomcat initialized with port 8081 (http)
2024-08-22T16:47:21.950-07:00  INFO 11373 --- [person] [main] o.apache.catalina.core.StandardService   : Starting service [Tomcat]
2024-08-22T16:47:21.950-07:00  INFO 11373 --- [person] [main] o.apache.catalina.core.StandardEngine    : Starting Servlet engine: [Apache Tomcat/10.1.25]
2024-08-22T16:47:22.014-07:00  INFO 11373 --- [person] [main] o.a.c.c.C.[Tomcat].[localhost].[/]       : Initializing Spring embedded WebApplicationContext
2024-08-22T16:47:22.015-07:00  INFO 11373 --- [person] [main] w.s.c.ServletWebServerApplicationContext : Root WebApplicationContext: initialization completed in 2009 ms
2024-08-22T16:47:22.210-07:00  INFO 11373 --- [person] [main] o.hibernate.jpa.internal.util.LogHelper  : HHH000204: Processing PersistenceUnitInfo [name: default]
2024-08-22T16:47:22.269-07:00  INFO 11373 --- [person] [main] org.hibernate.Version                    : HHH000412: Hibernate ORM core version 6.5.2.Final
2024-08-22T16:47:22.299-07:00  INFO 11373 --- [person] [main] o.h.c.internal.RegionFactoryInitiator    : HHH000026: Second-level cache disabled
2024-08-22T16:47:22.606-07:00  INFO 11373 --- [person] [main] o.s.o.j.p.SpringPersistenceUnitInfo      : No LoadTimeWeaver setup: ignoring JPA class transformer
2024-08-22T16:47:22.629-07:00  INFO 11373 --- [person] [main] com.zaxxer.hikari.HikariDataSource       : HikariPool-1 - Starting...
2024-08-22T16:47:22.722-07:00  INFO 11373 --- [person] [main] com.zaxxer.hikari.pool.HikariPool        : HikariPool-1 - Added connection org.postgresql.jdbc.PgConnection@615ef20
2024-08-22T16:47:22.723-07:00  INFO 11373 --- [person] [main] com.zaxxer.hikari.HikariDataSource       : HikariPool-1 - Start completed.
2024-08-22T16:47:23.960-07:00  INFO 11373 --- [person] [main] o.h.e.t.j.p.i.JtaPlatformInitiator       : HHH000489: No JTA platform available (set 'hibernate.transaction.jta.platform' to enable JTA platform integration)
2024-08-22T16:47:24.204-07:00  INFO 11373 --- [person] [main] j.LocalContainerEntityManagerFactoryBean : Initialized JPA EntityManagerFactory for persistence unit 'default'
2024-08-22T16:47:24.604-07:00  INFO 11373 --- [person] [main] o.s.d.j.r.query.QueryEnhancerFactory     : Hibernate is in classpath; If applicable, HQL parser will be used.
2024-08-22T16:47:25.622-07:00  WARN 11373 --- [person] [main] JpaBaseConfiguration$JpaWebConfiguration : spring.jpa.open-in-view is enabled by default. Therefore, database queries may be performed during view rendering. Explicitly configure spring.jpa.open-in-view to disable this warning
2024-08-22T16:47:26.807-07:00  INFO 11373 --- [person] [main] o.a.k.clients.admin.AdminClientConfig    : AdminClientConfig values: 
	auto.include.jmx.reporter = true
	bootstrap.controllers = []
	bootstrap.servers = [localhost:9092]
	client.dns.lookup = use_all_dns_ips
	client.id = person-admin-0
	connections.max.idle.ms = 300000
	default.api.timeout.ms = 60000
	enable.metrics.push = true
	metadata.max.age.ms = 300000
	metric.reporters = []
	metrics.num.samples = 2
	metrics.recording.level = INFO
	metrics.sample.window.ms = 30000
	receive.buffer.bytes = 65536
	reconnect.backoff.max.ms = 1000
	reconnect.backoff.ms = 50
	request.timeout.ms = 30000
	retries = 2147483647
	retry.backoff.max.ms = 1000
	retry.backoff.ms = 100
	sasl.client.callback.handler.class = null
	sasl.jaas.config = null
	sasl.kerberos.kinit.cmd = /usr/bin/kinit
	sasl.kerberos.min.time.before.relogin = 60000
	sasl.kerberos.service.name = null
	sasl.kerberos.ticket.renew.jitter = 0.05
	sasl.kerberos.ticket.renew.window.factor = 0.8
	sasl.login.callback.handler.class = null
	sasl.login.class = null
	sasl.login.connect.timeout.ms = null
	sasl.login.read.timeout.ms = null
	sasl.login.refresh.buffer.seconds = 300
	sasl.login.refresh.min.period.seconds = 60
	sasl.login.refresh.window.factor = 0.8
	sasl.login.refresh.window.jitter = 0.05
	sasl.login.retry.backoff.max.ms = 10000
	sasl.login.retry.backoff.ms = 100
	sasl.mechanism = GSSAPI
	sasl.oauthbearer.clock.skew.seconds = 30
	sasl.oauthbearer.expected.audience = null
	sasl.oauthbearer.expected.issuer = null
	sasl.oauthbearer.jwks.endpoint.refresh.ms = 3600000
	sasl.oauthbearer.jwks.endpoint.retry.backoff.max.ms = 10000
	sasl.oauthbearer.jwks.endpoint.retry.backoff.ms = 100
	sasl.oauthbearer.jwks.endpoint.url = null
	sasl.oauthbearer.scope.claim.name = scope
	sasl.oauthbearer.sub.claim.name = sub
	sasl.oauthbearer.token.endpoint.url = null
	security.protocol = PLAINTEXT
	security.providers = null
	send.buffer.bytes = 131072
	socket.connection.setup.timeout.max.ms = 30000
	socket.connection.setup.timeout.ms = 10000
	ssl.cipher.suites = null
	ssl.enabled.protocols = [TLSv1.2, TLSv1.3]
	ssl.endpoint.identification.algorithm = https
	ssl.engine.factory.class = null
	ssl.key.password = null
	ssl.keymanager.algorithm = SunX509
	ssl.keystore.certificate.chain = null
	ssl.keystore.key = null
	ssl.keystore.location = null
	ssl.keystore.password = null
	ssl.keystore.type = JKS
	ssl.protocol = TLSv1.3
	ssl.provider = null
	ssl.secure.random.implementation = null
	ssl.trustmanager.algorithm = PKIX
	ssl.truststore.certificates = null
	ssl.truststore.location = null
	ssl.truststore.password = null
	ssl.truststore.type = JKS

2024-08-22T16:47:26.894-07:00  INFO 11373 --- [person] [main] o.a.kafka.common.utils.AppInfoParser     : Kafka version: 3.7.0
2024-08-22T16:47:26.894-07:00  INFO 11373 --- [person] [main] o.a.kafka.common.utils.AppInfoParser     : Kafka commitId: 2ae524ed625438c5
2024-08-22T16:47:26.894-07:00  INFO 11373 --- [person] [main] o.a.kafka.common.utils.AppInfoParser     : Kafka startTimeMs: 1724370446891
2024-08-22T16:47:27.345-07:00  INFO 11373 --- [person] [kafka-admin-client-thread | person-admin-0] o.a.kafka.common.utils.AppInfoParser     : App info kafka.admin.client for person-admin-0 unregistered
2024-08-22T16:47:27.351-07:00  INFO 11373 --- [person] [kafka-admin-client-thread | person-admin-0] o.apache.kafka.common.metrics.Metrics    : Metrics scheduler closed
2024-08-22T16:47:27.351-07:00  INFO 11373 --- [person] [kafka-admin-client-thread | person-admin-0] o.apache.kafka.common.metrics.Metrics    : Closing reporter org.apache.kafka.common.metrics.JmxReporter
2024-08-22T16:47:27.352-07:00  INFO 11373 --- [person] [kafka-admin-client-thread | person-admin-0] o.apache.kafka.common.metrics.Metrics    : Metrics reporters closed
2024-08-22T16:47:27.368-07:00  INFO 11373 --- [person] [main] o.s.b.w.embedded.tomcat.TomcatWebServer  : Tomcat started on port 8081 (http) with context path '/'
2024-08-22T16:47:27.377-07:00  INFO 11373 --- [person] [main] b.i.diplom.person.PersonApplication      : Started PersonApplication in 8.017 seconds (process running for 8.596)
2024-08-22T16:47:36.796-07:00  INFO 11373 --- [person] [http-nio-8081-exec-2] o.a.c.c.C.[Tomcat].[localhost].[/]       : Initializing Spring DispatcherServlet 'dispatcherServlet'
2024-08-22T16:47:36.797-07:00  INFO 11373 --- [person] [http-nio-8081-exec-2] o.s.web.servlet.DispatcherServlet        : Initializing Servlet 'dispatcherServlet'
2024-08-22T16:47:36.799-07:00  INFO 11373 --- [person] [http-nio-8081-exec-2] o.s.web.servlet.DispatcherServlet        : Completed initialization in 2 ms
2024-08-22T16:47:49.230-07:00  INFO 11373 --- [person] [http-nio-8081-exec-3] o.a.k.clients.producer.ProducerConfig    : ProducerConfig values: 
	acks = -1
	auto.include.jmx.reporter = true
	batch.size = 16384
	bootstrap.servers = [localhost:9092]
	buffer.memory = 33554432
	client.dns.lookup = use_all_dns_ips
	client.id = person-producer-1
	compression.type = none
	connections.max.idle.ms = 540000
	delivery.timeout.ms = 120000
	enable.idempotence = true
	enable.metrics.push = true
	interceptor.classes = []
	key.serializer = class org.apache.kafka.common.serialization.StringSerializer
	linger.ms = 0
	max.block.ms = 60000
	max.in.flight.requests.per.connection = 5
	max.request.size = 1048576
	metadata.max.age.ms = 300000
	metadata.max.idle.ms = 300000
	metric.reporters = []
	metrics.num.samples = 2
	metrics.recording.level = INFO
	metrics.sample.window.ms = 30000
	partitioner.adaptive.partitioning.enable = true
	partitioner.availability.timeout.ms = 0
	partitioner.class = null
	partitioner.ignore.keys = false
	receive.buffer.bytes = 32768
	reconnect.backoff.max.ms = 1000
	reconnect.backoff.ms = 50
	request.timeout.ms = 30000
	retries = 2147483647
	retry.backoff.max.ms = 1000
	retry.backoff.ms = 100
	sasl.client.callback.handler.class = null
	sasl.jaas.config = null
	sasl.kerberos.kinit.cmd = /usr/bin/kinit
	sasl.kerberos.min.time.before.relogin = 60000
	sasl.kerberos.service.name = null
	sasl.kerberos.ticket.renew.jitter = 0.05
	sasl.kerberos.ticket.renew.window.factor = 0.8
	sasl.login.callback.handler.class = null
	sasl.login.class = null
	sasl.login.connect.timeout.ms = null
	sasl.login.read.timeout.ms = null
	sasl.login.refresh.buffer.seconds = 300
	sasl.login.refresh.min.period.seconds = 60
	sasl.login.refresh.window.factor = 0.8
	sasl.login.refresh.window.jitter = 0.05
	sasl.login.retry.backoff.max.ms = 10000
	sasl.login.retry.backoff.ms = 100
	sasl.mechanism = GSSAPI
	sasl.oauthbearer.clock.skew.seconds = 30
	sasl.oauthbearer.expected.audience = null
	sasl.oauthbearer.expected.issuer = null
	sasl.oauthbearer.jwks.endpoint.refresh.ms = 3600000
	sasl.oauthbearer.jwks.endpoint.retry.backoff.max.ms = 10000
	sasl.oauthbearer.jwks.endpoint.retry.backoff.ms = 100
	sasl.oauthbearer.jwks.endpoint.url = null
	sasl.oauthbearer.scope.claim.name = scope
	sasl.oauthbearer.sub.claim.name = sub
	sasl.oauthbearer.token.endpoint.url = null
	security.protocol = PLAINTEXT
	security.providers = null
	send.buffer.bytes = 131072
	socket.connection.setup.timeout.max.ms = 30000
	socket.connection.setup.timeout.ms = 10000
	ssl.cipher.suites = null
	ssl.enabled.protocols = [TLSv1.2, TLSv1.3]
	ssl.endpoint.identification.algorithm = https
	ssl.engine.factory.class = null
	ssl.key.password = null
	ssl.keymanager.algorithm = SunX509
	ssl.keystore.certificate.chain = null
	ssl.keystore.key = null
	ssl.keystore.location = null
	ssl.keystore.password = null
	ssl.keystore.type = JKS
	ssl.protocol = TLSv1.3
	ssl.provider = null
	ssl.secure.random.implementation = null
	ssl.trustmanager.algorithm = PKIX
	ssl.truststore.certificates = null
	ssl.truststore.location = null
	ssl.truststore.password = null
	ssl.truststore.type = JKS
	transaction.timeout.ms = 60000
	transactional.id = null
	value.serializer = class org.springframework.kafka.support.serializer.JsonSerializer

2024-08-22T16:47:49.282-07:00  INFO 11373 --- [person] [http-nio-8081-exec-3] o.a.k.c.t.i.KafkaMetricsCollector        : initializing Kafka metrics collector
2024-08-22T16:47:49.300-07:00  INFO 11373 --- [person] [http-nio-8081-exec-3] o.a.k.clients.producer.KafkaProducer     : [Producer clientId=person-producer-1] Instantiated an idempotent producer.
2024-08-22T16:47:49.320-07:00  INFO 11373 --- [person] [http-nio-8081-exec-3] o.a.kafka.common.utils.AppInfoParser     : Kafka version: 3.7.0
2024-08-22T16:47:49.321-07:00  INFO 11373 --- [person] [http-nio-8081-exec-3] o.a.kafka.common.utils.AppInfoParser     : Kafka commitId: 2ae524ed625438c5
2024-08-22T16:47:49.321-07:00  INFO 11373 --- [person] [http-nio-8081-exec-3] o.a.kafka.common.utils.AppInfoParser     : Kafka startTimeMs: 1724370469320
2024-08-22T16:47:49.347-07:00  INFO 11373 --- [person] [kafka-producer-network-thread | person-producer-1] org.apache.kafka.clients.Metadata        : [Producer clientId=person-producer-1] Cluster ID: tr3XKmmJRl6V8PKhBsjWOQ
2024-08-22T16:47:49.371-07:00  INFO 11373 --- [person] [kafka-producer-network-thread | person-producer-1] o.a.k.c.p.internals.TransactionManager   : [Producer clientId=person-producer-1] ProducerId set to 43004 with epoch 0
2024-08-22T16:54:33.362-07:00  INFO 11373 --- [person] [SpringApplicationShutdownHook] o.a.k.clients.producer.KafkaProducer     : [Producer clientId=person-producer-1] Closing the Kafka producer with timeoutMillis = 30000 ms.
2024-08-22T16:54:33.407-07:00  INFO 11373 --- [person] [SpringApplicationShutdownHook] o.apache.kafka.common.metrics.Metrics    : Metrics scheduler closed
2024-08-22T16:54:33.407-07:00  INFO 11373 --- [person] [SpringApplicationShutdownHook] o.apache.kafka.common.metrics.Metrics    : Closing reporter org.apache.kafka.common.metrics.JmxReporter
2024-08-22T16:54:33.408-07:00  INFO 11373 --- [person] [SpringApplicationShutdownHook] o.apache.kafka.common.metrics.Metrics    : Closing reporter org.apache.kafka.common.telemetry.internals.ClientTelemetryReporter
2024-08-22T16:54:33.408-07:00  INFO 11373 --- [person] [SpringApplicationShutdownHook] o.apache.kafka.common.metrics.Metrics    : Metrics reporters closed
2024-08-22T16:54:33.411-07:00  INFO 11373 --- [person] [SpringApplicationShutdownHook] o.a.kafka.common.utils.AppInfoParser     : App info kafka.producer for person-producer-1 unregistered
2024-08-22T16:54:33.466-07:00  INFO 11373 --- [person] [SpringApplicationShutdownHook] j.LocalContainerEntityManagerFactoryBean : Closing JPA EntityManagerFactory for persistence unit 'default'
2024-08-22T16:54:33.479-07:00  INFO 11373 --- [person] [SpringApplicationShutdownHook] com.zaxxer.hikari.HikariDataSource       : HikariPool-1 - Shutdown initiated...
2024-08-22T16:54:33.489-07:00  INFO 11373 --- [person] [SpringApplicationShutdownHook] com.zaxxer.hikari.HikariDataSource       : HikariPool-1 - Shutdown completed.
2024-08-22T16:54:38.130-07:00  INFO 11627 --- [person] [main] b.i.diplom.person.PersonApplication      : Starting PersonApplication using Java 17.0.11 with PID 11627 (/Users/mihail/Documents/free-party/party-web/project-manager/person/target/classes started by mihail in /Users/mihail/Documents/free-party/party-web/project-manager)
2024-08-22T16:54:38.134-07:00  INFO 11627 --- [person] [main] b.i.diplom.person.PersonApplication      : No active profile set, falling back to 1 default profile: "default"
2024-08-22T16:54:38.908-07:00  INFO 11627 --- [person] [main] .s.d.r.c.RepositoryConfigurationDelegate : Multiple Spring Data modules found, entering strict repository configuration mode
2024-08-22T16:54:38.908-07:00  INFO 11627 --- [person] [main] .s.d.r.c.RepositoryConfigurationDelegate : Bootstrapping Spring Data Redis repositories in DEFAULT mode.
2024-08-22T16:54:38.934-07:00  INFO 11627 --- [person] [main] .s.d.r.c.RepositoryConfigurationDelegate : Finished Spring Data repository scanning in 4 ms. Found 0 Redis repository interfaces.
2024-08-22T16:54:38.944-07:00  INFO 11627 --- [person] [main] .s.d.r.c.RepositoryConfigurationDelegate : Multiple Spring Data modules found, entering strict repository configuration mode
2024-08-22T16:54:38.944-07:00  INFO 11627 --- [person] [main] .s.d.r.c.RepositoryConfigurationDelegate : Bootstrapping Spring Data JPA repositories in DEFAULT mode.
2024-08-22T16:54:39.148-07:00  INFO 11627 --- [person] [main] .s.d.r.c.RepositoryConfigurationDelegate : Finished Spring Data repository scanning in 200 ms. Found 16 JPA repository interfaces.
2024-08-22T16:54:39.519-07:00  INFO 11627 --- [person] [main] .s.d.r.c.RepositoryConfigurationDelegate : Multiple Spring Data modules found, entering strict repository configuration mode
2024-08-22T16:54:39.520-07:00  INFO 11627 --- [person] [main] .s.d.r.c.RepositoryConfigurationDelegate : Bootstrapping Spring Data Redis repositories in DEFAULT mode.
2024-08-22T16:54:39.531-07:00  INFO 11627 --- [person] [main] .s.d.r.c.RepositoryConfigurationDelegate : Finished Spring Data repository scanning in 10 ms. Found 0 Redis repository interfaces.
2024-08-22T16:54:40.399-07:00  INFO 11627 --- [person] [main] o.s.b.w.embedded.tomcat.TomcatWebServer  : Tomcat initialized with port 8081 (http)
2024-08-22T16:54:40.411-07:00  INFO 11627 --- [person] [main] o.apache.catalina.core.StandardService   : Starting service [Tomcat]
2024-08-22T16:54:40.411-07:00  INFO 11627 --- [person] [main] o.apache.catalina.core.StandardEngine    : Starting Servlet engine: [Apache Tomcat/10.1.25]
2024-08-22T16:54:40.472-07:00  INFO 11627 --- [person] [main] o.a.c.c.C.[Tomcat].[localhost].[/]       : Initializing Spring embedded WebApplicationContext
2024-08-22T16:54:40.472-07:00  INFO 11627 --- [person] [main] w.s.c.ServletWebServerApplicationContext : Root WebApplicationContext: initialization completed in 2276 ms
2024-08-22T16:54:40.662-07:00  INFO 11627 --- [person] [main] o.hibernate.jpa.internal.util.LogHelper  : HHH000204: Processing PersistenceUnitInfo [name: default]
2024-08-22T16:54:40.732-07:00  INFO 11627 --- [person] [main] org.hibernate.Version                    : HHH000412: Hibernate ORM core version 6.5.2.Final
2024-08-22T16:54:40.765-07:00  INFO 11627 --- [person] [main] o.h.c.internal.RegionFactoryInitiator    : HHH000026: Second-level cache disabled
2024-08-22T16:54:41.085-07:00  INFO 11627 --- [person] [main] o.s.o.j.p.SpringPersistenceUnitInfo      : No LoadTimeWeaver setup: ignoring JPA class transformer
2024-08-22T16:54:41.111-07:00  INFO 11627 --- [person] [main] com.zaxxer.hikari.HikariDataSource       : HikariPool-1 - Starting...
2024-08-22T16:54:41.202-07:00  INFO 11627 --- [person] [main] com.zaxxer.hikari.pool.HikariPool        : HikariPool-1 - Added connection org.postgresql.jdbc.PgConnection@13390a96
2024-08-22T16:54:41.203-07:00  INFO 11627 --- [person] [main] com.zaxxer.hikari.HikariDataSource       : HikariPool-1 - Start completed.
2024-08-22T16:54:42.480-07:00  INFO 11627 --- [person] [main] o.h.e.t.j.p.i.JtaPlatformInitiator       : HHH000489: No JTA platform available (set 'hibernate.transaction.jta.platform' to enable JTA platform integration)
2024-08-22T16:54:42.750-07:00  INFO 11627 --- [person] [main] j.LocalContainerEntityManagerFactoryBean : Initialized JPA EntityManagerFactory for persistence unit 'default'
2024-08-22T16:54:43.164-07:00  INFO 11627 --- [person] [main] o.s.d.j.r.query.QueryEnhancerFactory     : Hibernate is in classpath; If applicable, HQL parser will be used.
2024-08-22T16:54:44.328-07:00  WARN 11627 --- [person] [main] JpaBaseConfiguration$JpaWebConfiguration : spring.jpa.open-in-view is enabled by default. Therefore, database queries may be performed during view rendering. Explicitly configure spring.jpa.open-in-view to disable this warning
2024-08-22T16:54:45.546-07:00  INFO 11627 --- [person] [main] o.a.k.clients.admin.AdminClientConfig    : AdminClientConfig values: 
	auto.include.jmx.reporter = true
	bootstrap.controllers = []
	bootstrap.servers = [localhost:9092]
	client.dns.lookup = use_all_dns_ips
	client.id = person-admin-0
	connections.max.idle.ms = 300000
	default.api.timeout.ms = 60000
	enable.metrics.push = true
	metadata.max.age.ms = 300000
	metric.reporters = []
	metrics.num.samples = 2
	metrics.recording.level = INFO
	metrics.sample.window.ms = 30000
	receive.buffer.bytes = 65536
	reconnect.backoff.max.ms = 1000
	reconnect.backoff.ms = 50
	request.timeout.ms = 30000
	retries = 2147483647
	retry.backoff.max.ms = 1000
	retry.backoff.ms = 100
	sasl.client.callback.handler.class = null
	sasl.jaas.config = null
	sasl.kerberos.kinit.cmd = /usr/bin/kinit
	sasl.kerberos.min.time.before.relogin = 60000
	sasl.kerberos.service.name = null
	sasl.kerberos.ticket.renew.jitter = 0.05
	sasl.kerberos.ticket.renew.window.factor = 0.8
	sasl.login.callback.handler.class = null
	sasl.login.class = null
	sasl.login.connect.timeout.ms = null
	sasl.login.read.timeout.ms = null
	sasl.login.refresh.buffer.seconds = 300
	sasl.login.refresh.min.period.seconds = 60
	sasl.login.refresh.window.factor = 0.8
	sasl.login.refresh.window.jitter = 0.05
	sasl.login.retry.backoff.max.ms = 10000
	sasl.login.retry.backoff.ms = 100
	sasl.mechanism = GSSAPI
	sasl.oauthbearer.clock.skew.seconds = 30
	sasl.oauthbearer.expected.audience = null
	sasl.oauthbearer.expected.issuer = null
	sasl.oauthbearer.jwks.endpoint.refresh.ms = 3600000
	sasl.oauthbearer.jwks.endpoint.retry.backoff.max.ms = 10000
	sasl.oauthbearer.jwks.endpoint.retry.backoff.ms = 100
	sasl.oauthbearer.jwks.endpoint.url = null
	sasl.oauthbearer.scope.claim.name = scope
	sasl.oauthbearer.sub.claim.name = sub
	sasl.oauthbearer.token.endpoint.url = null
	security.protocol = PLAINTEXT
	security.providers = null
	send.buffer.bytes = 131072
	socket.connection.setup.timeout.max.ms = 30000
	socket.connection.setup.timeout.ms = 10000
	ssl.cipher.suites = null
	ssl.enabled.protocols = [TLSv1.2, TLSv1.3]
	ssl.endpoint.identification.algorithm = https
	ssl.engine.factory.class = null
	ssl.key.password = null
	ssl.keymanager.algorithm = SunX509
	ssl.keystore.certificate.chain = null
	ssl.keystore.key = null
	ssl.keystore.location = null
	ssl.keystore.password = null
	ssl.keystore.type = JKS
	ssl.protocol = TLSv1.3
	ssl.provider = null
	ssl.secure.random.implementation = null
	ssl.trustmanager.algorithm = PKIX
	ssl.truststore.certificates = null
	ssl.truststore.location = null
	ssl.truststore.password = null
	ssl.truststore.type = JKS

2024-08-22T16:54:45.643-07:00  INFO 11627 --- [person] [main] o.a.kafka.common.utils.AppInfoParser     : Kafka version: 3.7.0
2024-08-22T16:54:45.643-07:00  INFO 11627 --- [person] [main] o.a.kafka.common.utils.AppInfoParser     : Kafka commitId: 2ae524ed625438c5
2024-08-22T16:54:45.643-07:00  INFO 11627 --- [person] [main] o.a.kafka.common.utils.AppInfoParser     : Kafka startTimeMs: 1724370885641
2024-08-22T16:54:46.078-07:00  INFO 11627 --- [person] [kafka-admin-client-thread | person-admin-0] o.a.kafka.common.utils.AppInfoParser     : App info kafka.admin.client for person-admin-0 unregistered
2024-08-22T16:54:46.083-07:00  INFO 11627 --- [person] [kafka-admin-client-thread | person-admin-0] o.apache.kafka.common.metrics.Metrics    : Metrics scheduler closed
2024-08-22T16:54:46.084-07:00  INFO 11627 --- [person] [kafka-admin-client-thread | person-admin-0] o.apache.kafka.common.metrics.Metrics    : Closing reporter org.apache.kafka.common.metrics.JmxReporter
2024-08-22T16:54:46.084-07:00  INFO 11627 --- [person] [kafka-admin-client-thread | person-admin-0] o.apache.kafka.common.metrics.Metrics    : Metrics reporters closed
2024-08-22T16:54:46.106-07:00  INFO 11627 --- [person] [main] o.s.b.w.embedded.tomcat.TomcatWebServer  : Tomcat started on port 8081 (http) with context path '/'
2024-08-22T16:54:46.116-07:00  INFO 11627 --- [person] [main] b.i.diplom.person.PersonApplication      : Started PersonApplication in 8.601 seconds (process running for 9.19)
2024-08-22T16:55:04.781-07:00  INFO 11627 --- [person] [http-nio-8081-exec-2] o.a.c.c.C.[Tomcat].[localhost].[/]       : Initializing Spring DispatcherServlet 'dispatcherServlet'
2024-08-22T16:55:04.782-07:00  INFO 11627 --- [person] [http-nio-8081-exec-2] o.s.web.servlet.DispatcherServlet        : Initializing Servlet 'dispatcherServlet'
2024-08-22T16:55:04.784-07:00  INFO 11627 --- [person] [http-nio-8081-exec-2] o.s.web.servlet.DispatcherServlet        : Completed initialization in 1 ms
2024-08-22T16:56:27.415-07:00  INFO 11627 --- [person] [SpringApplicationShutdownHook] j.LocalContainerEntityManagerFactoryBean : Closing JPA EntityManagerFactory for persistence unit 'default'
2024-08-22T16:56:27.431-07:00  INFO 11627 --- [person] [SpringApplicationShutdownHook] com.zaxxer.hikari.HikariDataSource       : HikariPool-1 - Shutdown initiated...
2024-08-22T16:56:27.438-07:00  INFO 11627 --- [person] [SpringApplicationShutdownHook] com.zaxxer.hikari.HikariDataSource       : HikariPool-1 - Shutdown completed.
2024-08-22T16:56:31.007-07:00  INFO 11690 --- [person] [main] b.i.diplom.person.PersonApplication      : Starting PersonApplication using Java 17.0.11 with PID 11690 (/Users/mihail/Documents/free-party/party-web/project-manager/person/target/classes started by mihail in /Users/mihail/Documents/free-party/party-web/project-manager)
2024-08-22T16:56:31.011-07:00  INFO 11690 --- [person] [main] b.i.diplom.person.PersonApplication      : No active profile set, falling back to 1 default profile: "default"
2024-08-22T16:56:31.739-07:00  INFO 11690 --- [person] [main] .s.d.r.c.RepositoryConfigurationDelegate : Multiple Spring Data modules found, entering strict repository configuration mode
2024-08-22T16:56:31.739-07:00  INFO 11690 --- [person] [main] .s.d.r.c.RepositoryConfigurationDelegate : Bootstrapping Spring Data Redis repositories in DEFAULT mode.
2024-08-22T16:56:31.761-07:00  INFO 11690 --- [person] [main] .s.d.r.c.RepositoryConfigurationDelegate : Finished Spring Data repository scanning in 4 ms. Found 0 Redis repository interfaces.
2024-08-22T16:56:31.771-07:00  INFO 11690 --- [person] [main] .s.d.r.c.RepositoryConfigurationDelegate : Multiple Spring Data modules found, entering strict repository configuration mode
2024-08-22T16:56:31.771-07:00  INFO 11690 --- [person] [main] .s.d.r.c.RepositoryConfigurationDelegate : Bootstrapping Spring Data JPA repositories in DEFAULT mode.
2024-08-22T16:56:31.968-07:00  INFO 11690 --- [person] [main] .s.d.r.c.RepositoryConfigurationDelegate : Finished Spring Data repository scanning in 194 ms. Found 16 JPA repository interfaces.
2024-08-22T16:56:32.238-07:00  INFO 11690 --- [person] [main] .s.d.r.c.RepositoryConfigurationDelegate : Multiple Spring Data modules found, entering strict repository configuration mode
2024-08-22T16:56:32.239-07:00  INFO 11690 --- [person] [main] .s.d.r.c.RepositoryConfigurationDelegate : Bootstrapping Spring Data Redis repositories in DEFAULT mode.
2024-08-22T16:56:32.249-07:00  INFO 11690 --- [person] [main] .s.d.r.c.RepositoryConfigurationDelegate : Finished Spring Data repository scanning in 10 ms. Found 0 Redis repository interfaces.
2024-08-22T16:56:33.015-07:00  INFO 11690 --- [person] [main] o.s.b.w.embedded.tomcat.TomcatWebServer  : Tomcat initialized with port 8081 (http)
2024-08-22T16:56:33.027-07:00  INFO 11690 --- [person] [main] o.apache.catalina.core.StandardService   : Starting service [Tomcat]
2024-08-22T16:56:33.027-07:00  INFO 11690 --- [person] [main] o.apache.catalina.core.StandardEngine    : Starting Servlet engine: [Apache Tomcat/10.1.25]
2024-08-22T16:56:33.088-07:00  INFO 11690 --- [person] [main] o.a.c.c.C.[Tomcat].[localhost].[/]       : Initializing Spring embedded WebApplicationContext
2024-08-22T16:56:33.088-07:00  INFO 11690 --- [person] [main] w.s.c.ServletWebServerApplicationContext : Root WebApplicationContext: initialization completed in 2023 ms
2024-08-22T16:56:33.275-07:00  INFO 11690 --- [person] [main] o.hibernate.jpa.internal.util.LogHelper  : HHH000204: Processing PersistenceUnitInfo [name: default]
2024-08-22T16:56:33.338-07:00  INFO 11690 --- [person] [main] org.hibernate.Version                    : HHH000412: Hibernate ORM core version 6.5.2.Final
2024-08-22T16:56:33.374-07:00  INFO 11690 --- [person] [main] o.h.c.internal.RegionFactoryInitiator    : HHH000026: Second-level cache disabled
2024-08-22T16:56:33.674-07:00  INFO 11690 --- [person] [main] o.s.o.j.p.SpringPersistenceUnitInfo      : No LoadTimeWeaver setup: ignoring JPA class transformer
2024-08-22T16:56:33.697-07:00  INFO 11690 --- [person] [main] com.zaxxer.hikari.HikariDataSource       : HikariPool-1 - Starting...
2024-08-22T16:56:33.781-07:00  INFO 11690 --- [person] [main] com.zaxxer.hikari.pool.HikariPool        : HikariPool-1 - Added connection org.postgresql.jdbc.PgConnection@615ef20
2024-08-22T16:56:33.782-07:00  INFO 11690 --- [person] [main] com.zaxxer.hikari.HikariDataSource       : HikariPool-1 - Start completed.
2024-08-22T16:56:35.019-07:00  INFO 11690 --- [person] [main] o.h.e.t.j.p.i.JtaPlatformInitiator       : HHH000489: No JTA platform available (set 'hibernate.transaction.jta.platform' to enable JTA platform integration)
2024-08-22T16:56:35.255-07:00  INFO 11690 --- [person] [main] j.LocalContainerEntityManagerFactoryBean : Initialized JPA EntityManagerFactory for persistence unit 'default'
2024-08-22T16:56:35.628-07:00  INFO 11690 --- [person] [main] o.s.d.j.r.query.QueryEnhancerFactory     : Hibernate is in classpath; If applicable, HQL parser will be used.
2024-08-22T16:56:36.175-07:00  WARN 11690 --- [person] [main] ConfigServletWebServerApplicationContext : Exception encountered during context initialization - cancelling refresh attempt: org.springframework.beans.factory.UnsatisfiedDependencyException: Error creating bean with name 'organizerController' defined in file [/Users/mihail/Documents/free-party/party-web/project-manager/person/target/classes/by/intexsoft/diplom/person/controller/OrganizerController.class]: Unsatisfied dependency expressed through constructor parameter 0: Error creating bean with name 'organizerService' defined in file [/Users/mihail/Documents/free-party/party-web/project-manager/person/target/classes/by/intexsoft/diplom/person/service/OrganizerService.class]: Unsatisfied dependency expressed through constructor parameter 0: Error creating bean with name 'personService' defined in file [/Users/mihail/Documents/free-party/party-web/project-manager/person/target/classes/by/intexsoft/diplom/person/service/PersonService.class]: Unsatisfied dependency expressed through constructor parameter 2: Error creating bean with name 'partyRepository' defined in by.intexsoft.diplom.common.repository.party.PartyRepository defined in @EnableJpaRepositories declared on CommonConfig: Could not create query for public abstract java.util.List by.intexsoft.diplom.common.repository.party.PartyRepository.findAllByPerson(by.intexsoft.diplom.common.model.person.PersonModel); Reason: Failed to create query for method public abstract java.util.List by.intexsoft.diplom.common.repository.party.PartyRepository.findAllByPerson(by.intexsoft.diplom.common.model.person.PersonModel); No property 'person' found for type 'PartyEntity'
2024-08-22T16:56:36.175-07:00  INFO 11690 --- [person] [main] j.LocalContainerEntityManagerFactoryBean : Closing JPA EntityManagerFactory for persistence unit 'default'
2024-08-22T16:56:36.177-07:00  INFO 11690 --- [person] [main] com.zaxxer.hikari.HikariDataSource       : HikariPool-1 - Shutdown initiated...
2024-08-22T16:56:36.182-07:00  INFO 11690 --- [person] [main] com.zaxxer.hikari.HikariDataSource       : HikariPool-1 - Shutdown completed.
2024-08-22T16:56:36.183-07:00  INFO 11690 --- [person] [main] o.apache.catalina.core.StandardService   : Stopping service [Tomcat]
2024-08-22T16:56:36.193-07:00  INFO 11690 --- [person] [main] .s.b.a.l.ConditionEvaluationReportLogger : 

Error starting ApplicationContext. To display the condition evaluation report re-run your application with 'debug' enabled.
2024-08-22T16:56:36.210-07:00 ERROR 11690 --- [person] [main] o.s.boot.SpringApplication               : Application run failed

org.springframework.beans.factory.UnsatisfiedDependencyException: Error creating bean with name 'organizerController' defined in file [/Users/mihail/Documents/free-party/party-web/project-manager/person/target/classes/by/intexsoft/diplom/person/controller/OrganizerController.class]: Unsatisfied dependency expressed through constructor parameter 0: Error creating bean with name 'organizerService' defined in file [/Users/mihail/Documents/free-party/party-web/project-manager/person/target/classes/by/intexsoft/diplom/person/service/OrganizerService.class]: Unsatisfied dependency expressed through constructor parameter 0: Error creating bean with name 'personService' defined in file [/Users/mihail/Documents/free-party/party-web/project-manager/person/target/classes/by/intexsoft/diplom/person/service/PersonService.class]: Unsatisfied dependency expressed through constructor parameter 2: Error creating bean with name 'partyRepository' defined in by.intexsoft.diplom.common.repository.party.PartyRepository defined in @EnableJpaRepositories declared on CommonConfig: Could not create query for public abstract java.util.List by.intexsoft.diplom.common.repository.party.PartyRepository.findAllByPerson(by.intexsoft.diplom.common.model.person.PersonModel); Reason: Failed to create query for method public abstract java.util.List by.intexsoft.diplom.common.repository.party.PartyRepository.findAllByPerson(by.intexsoft.diplom.common.model.person.PersonModel); No property 'person' found for type 'PartyEntity'
	at org.springframework.beans.factory.support.ConstructorResolver.createArgumentArray(ConstructorResolver.java:795) ~[spring-beans-6.1.10.jar:6.1.10]
	at org.springframework.beans.factory.support.ConstructorResolver.autowireConstructor(ConstructorResolver.java:237) ~[spring-beans-6.1.10.jar:6.1.10]
	at org.springframework.beans.factory.support.AbstractAutowireCapableBeanFactory.autowireConstructor(AbstractAutowireCapableBeanFactory.java:1357) ~[spring-beans-6.1.10.jar:6.1.10]
	at org.springframework.beans.factory.support.AbstractAutowireCapableBeanFactory.createBeanInstance(AbstractAutowireCapableBeanFactory.java:1194) ~[spring-beans-6.1.10.jar:6.1.10]
	at org.springframework.beans.factory.support.AbstractAutowireCapableBeanFactory.doCreateBean(AbstractAutowireCapableBeanFactory.java:562) ~[spring-beans-6.1.10.jar:6.1.10]
	at org.springframework.beans.factory.support.AbstractAutowireCapableBeanFactory.createBean(AbstractAutowireCapableBeanFactory.java:522) ~[spring-beans-6.1.10.jar:6.1.10]
	at org.springframework.beans.factory.support.AbstractBeanFactory.lambda$doGetBean$0(AbstractBeanFactory.java:337) ~[spring-beans-6.1.10.jar:6.1.10]
	at org.springframework.beans.factory.support.DefaultSingletonBeanRegistry.getSingleton(DefaultSingletonBeanRegistry.java:234) ~[spring-beans-6.1.10.jar:6.1.10]
	at org.springframework.beans.factory.support.AbstractBeanFactory.doGetBean(AbstractBeanFactory.java:335) ~[spring-beans-6.1.10.jar:6.1.10]
	at org.springframework.beans.factory.support.AbstractBeanFactory.getBean(AbstractBeanFactory.java:200) ~[spring-beans-6.1.10.jar:6.1.10]
	at org.springframework.beans.factory.support.DefaultListableBeanFactory.preInstantiateSingletons(DefaultListableBeanFactory.java:975) ~[spring-beans-6.1.10.jar:6.1.10]
	at org.springframework.context.support.AbstractApplicationContext.finishBeanFactoryInitialization(AbstractApplicationContext.java:962) ~[spring-context-6.1.10.jar:6.1.10]
	at org.springframework.context.support.AbstractApplicationContext.refresh(AbstractApplicationContext.java:624) ~[spring-context-6.1.10.jar:6.1.10]
	at org.springframework.boot.web.servlet.context.ServletWebServerApplicationContext.refresh(ServletWebServerApplicationContext.java:146) ~[spring-boot-3.3.1.jar:3.3.1]
	at org.springframework.boot.SpringApplication.refresh(SpringApplication.java:754) ~[spring-boot-3.3.1.jar:3.3.1]
	at org.springframework.boot.SpringApplication.refreshContext(SpringApplication.java:456) ~[spring-boot-3.3.1.jar:3.3.1]
	at org.springframework.boot.SpringApplication.run(SpringApplication.java:335) ~[spring-boot-3.3.1.jar:3.3.1]
	at org.springframework.boot.SpringApplication.run(SpringApplication.java:1363) ~[spring-boot-3.3.1.jar:3.3.1]
	at org.springframework.boot.SpringApplication.run(SpringApplication.java:1352) ~[spring-boot-3.3.1.jar:3.3.1]
	at by.intexsoft.diplom.person.PersonApplication.main(PersonApplication.java:14) ~[classes/:na]
Caused by: org.springframework.beans.factory.UnsatisfiedDependencyException: Error creating bean with name 'organizerService' defined in file [/Users/mihail/Documents/free-party/party-web/project-manager/person/target/classes/by/intexsoft/diplom/person/service/OrganizerService.class]: Unsatisfied dependency expressed through constructor parameter 0: Error creating bean with name 'personService' defined in file [/Users/mihail/Documents/free-party/party-web/project-manager/person/target/classes/by/intexsoft/diplom/person/service/PersonService.class]: Unsatisfied dependency expressed through constructor parameter 2: Error creating bean with name 'partyRepository' defined in by.intexsoft.diplom.common.repository.party.PartyRepository defined in @EnableJpaRepositories declared on CommonConfig: Could not create query for public abstract java.util.List by.intexsoft.diplom.common.repository.party.PartyRepository.findAllByPerson(by.intexsoft.diplom.common.model.person.PersonModel); Reason: Failed to create query for method public abstract java.util.List by.intexsoft.diplom.common.repository.party.PartyRepository.findAllByPerson(by.intexsoft.diplom.common.model.person.PersonModel); No property 'person' found for type 'PartyEntity'
	at org.springframework.beans.factory.support.ConstructorResolver.createArgumentArray(ConstructorResolver.java:795) ~[spring-beans-6.1.10.jar:6.1.10]
	at org.springframework.beans.factory.support.ConstructorResolver.autowireConstructor(ConstructorResolver.java:237) ~[spring-beans-6.1.10.jar:6.1.10]
	at org.springframework.beans.factory.support.AbstractAutowireCapableBeanFactory.autowireConstructor(AbstractAutowireCapableBeanFactory.java:1357) ~[spring-beans-6.1.10.jar:6.1.10]
	at org.springframework.beans.factory.support.AbstractAutowireCapableBeanFactory.createBeanInstance(AbstractAutowireCapableBeanFactory.java:1194) ~[spring-beans-6.1.10.jar:6.1.10]
	at org.springframework.beans.factory.support.AbstractAutowireCapableBeanFactory.doCreateBean(AbstractAutowireCapableBeanFactory.java:562) ~[spring-beans-6.1.10.jar:6.1.10]
	at org.springframework.beans.factory.support.AbstractAutowireCapableBeanFactory.createBean(AbstractAutowireCapableBeanFactory.java:522) ~[spring-beans-6.1.10.jar:6.1.10]
	at org.springframework.beans.factory.support.AbstractBeanFactory.lambda$doGetBean$0(AbstractBeanFactory.java:337) ~[spring-beans-6.1.10.jar:6.1.10]
	at org.springframework.beans.factory.support.DefaultSingletonBeanRegistry.getSingleton(DefaultSingletonBeanRegistry.java:234) ~[spring-beans-6.1.10.jar:6.1.10]
	at org.springframework.beans.factory.support.AbstractBeanFactory.doGetBean(AbstractBeanFactory.java:335) ~[spring-beans-6.1.10.jar:6.1.10]
	at org.springframework.beans.factory.support.AbstractBeanFactory.getBean(AbstractBeanFactory.java:200) ~[spring-beans-6.1.10.jar:6.1.10]
	at org.springframework.beans.factory.config.DependencyDescriptor.resolveCandidate(DependencyDescriptor.java:254) ~[spring-beans-6.1.10.jar:6.1.10]
	at org.springframework.beans.factory.support.DefaultListableBeanFactory.doResolveDependency(DefaultListableBeanFactory.java:1443) ~[spring-beans-6.1.10.jar:6.1.10]
	at org.springframework.beans.factory.support.DefaultListableBeanFactory.resolveDependency(DefaultListableBeanFactory.java:1353) ~[spring-beans-6.1.10.jar:6.1.10]
	at org.springframework.beans.factory.support.ConstructorResolver.resolveAutowiredArgument(ConstructorResolver.java:904) ~[spring-beans-6.1.10.jar:6.1.10]
	at org.springframework.beans.factory.support.ConstructorResolver.createArgumentArray(ConstructorResolver.java:782) ~[spring-beans-6.1.10.jar:6.1.10]
	... 19 common frames omitted
Caused by: org.springframework.beans.factory.UnsatisfiedDependencyException: Error creating bean with name 'personService' defined in file [/Users/mihail/Documents/free-party/party-web/project-manager/person/target/classes/by/intexsoft/diplom/person/service/PersonService.class]: Unsatisfied dependency expressed through constructor parameter 2: Error creating bean with name 'partyRepository' defined in by.intexsoft.diplom.common.repository.party.PartyRepository defined in @EnableJpaRepositories declared on CommonConfig: Could not create query for public abstract java.util.List by.intexsoft.diplom.common.repository.party.PartyRepository.findAllByPerson(by.intexsoft.diplom.common.model.person.PersonModel); Reason: Failed to create query for method public abstract java.util.List by.intexsoft.diplom.common.repository.party.PartyRepository.findAllByPerson(by.intexsoft.diplom.common.model.person.PersonModel); No property 'person' found for type 'PartyEntity'
	at org.springframework.beans.factory.support.ConstructorResolver.createArgumentArray(ConstructorResolver.java:795) ~[spring-beans-6.1.10.jar:6.1.10]
	at org.springframework.beans.factory.support.ConstructorResolver.autowireConstructor(ConstructorResolver.java:237) ~[spring-beans-6.1.10.jar:6.1.10]
	at org.springframework.beans.factory.support.AbstractAutowireCapableBeanFactory.autowireConstructor(AbstractAutowireCapableBeanFactory.java:1357) ~[spring-beans-6.1.10.jar:6.1.10]
	at org.springframework.beans.factory.support.AbstractAutowireCapableBeanFactory.createBeanInstance(AbstractAutowireCapableBeanFactory.java:1194) ~[spring-beans-6.1.10.jar:6.1.10]
	at org.springframework.beans.factory.support.AbstractAutowireCapableBeanFactory.doCreateBean(AbstractAutowireCapableBeanFactory.java:562) ~[spring-beans-6.1.10.jar:6.1.10]
	at org.springframework.beans.factory.support.AbstractAutowireCapableBeanFactory.createBean(AbstractAutowireCapableBeanFactory.java:522) ~[spring-beans-6.1.10.jar:6.1.10]
	at org.springframework.beans.factory.support.AbstractBeanFactory.lambda$doGetBean$0(AbstractBeanFactory.java:337) ~[spring-beans-6.1.10.jar:6.1.10]
	at org.springframework.beans.factory.support.DefaultSingletonBeanRegistry.getSingleton(DefaultSingletonBeanRegistry.java:234) ~[spring-beans-6.1.10.jar:6.1.10]
	at org.springframework.beans.factory.support.AbstractBeanFactory.doGetBean(AbstractBeanFactory.java:335) ~[spring-beans-6.1.10.jar:6.1.10]
	at org.springframework.beans.factory.support.AbstractBeanFactory.getBean(AbstractBeanFactory.java:200) ~[spring-beans-6.1.10.jar:6.1.10]
	at org.springframework.beans.factory.config.DependencyDescriptor.resolveCandidate(DependencyDescriptor.java:254) ~[spring-beans-6.1.10.jar:6.1.10]
	at org.springframework.beans.factory.support.DefaultListableBeanFactory.doResolveDependency(DefaultListableBeanFactory.java:1443) ~[spring-beans-6.1.10.jar:6.1.10]
	at org.springframework.beans.factory.support.DefaultListableBeanFactory.resolveDependency(DefaultListableBeanFactory.java:1353) ~[spring-beans-6.1.10.jar:6.1.10]
	at org.springframework.beans.factory.support.ConstructorResolver.resolveAutowiredArgument(ConstructorResolver.java:904) ~[spring-beans-6.1.10.jar:6.1.10]
	at org.springframework.beans.factory.support.ConstructorResolver.createArgumentArray(ConstructorResolver.java:782) ~[spring-beans-6.1.10.jar:6.1.10]
	... 33 common frames omitted
Caused by: org.springframework.beans.factory.BeanCreationException: Error creating bean with name 'partyRepository' defined in by.intexsoft.diplom.common.repository.party.PartyRepository defined in @EnableJpaRepositories declared on CommonConfig: Could not create query for public abstract java.util.List by.intexsoft.diplom.common.repository.party.PartyRepository.findAllByPerson(by.intexsoft.diplom.common.model.person.PersonModel); Reason: Failed to create query for method public abstract java.util.List by.intexsoft.diplom.common.repository.party.PartyRepository.findAllByPerson(by.intexsoft.diplom.common.model.person.PersonModel); No property 'person' found for type 'PartyEntity'
	at org.springframework.beans.factory.support.AbstractAutowireCapableBeanFactory.initializeBean(AbstractAutowireCapableBeanFactory.java:1788) ~[spring-beans-6.1.10.jar:6.1.10]
	at org.springframework.beans.factory.support.AbstractAutowireCapableBeanFactory.doCreateBean(AbstractAutowireCapableBeanFactory.java:600) ~[spring-beans-6.1.10.jar:6.1.10]
	at org.springframework.beans.factory.support.AbstractAutowireCapableBeanFactory.createBean(AbstractAutowireCapableBeanFactory.java:522) ~[spring-beans-6.1.10.jar:6.1.10]
	at org.springframework.beans.factory.support.AbstractBeanFactory.lambda$doGetBean$0(AbstractBeanFactory.java:337) ~[spring-beans-6.1.10.jar:6.1.10]
	at org.springframework.beans.factory.support.DefaultSingletonBeanRegistry.getSingleton(DefaultSingletonBeanRegistry.java:234) ~[spring-beans-6.1.10.jar:6.1.10]
	at org.springframework.beans.factory.support.AbstractBeanFactory.doGetBean(AbstractBeanFactory.java:335) ~[spring-beans-6.1.10.jar:6.1.10]
	at org.springframework.beans.factory.support.AbstractBeanFactory.getBean(AbstractBeanFactory.java:200) ~[spring-beans-6.1.10.jar:6.1.10]
	at org.springframework.beans.factory.config.DependencyDescriptor.resolveCandidate(DependencyDescriptor.java:254) ~[spring-beans-6.1.10.jar:6.1.10]
	at org.springframework.beans.factory.support.DefaultListableBeanFactory.doResolveDependency(DefaultListableBeanFactory.java:1443) ~[spring-beans-6.1.10.jar:6.1.10]
	at org.springframework.beans.factory.support.DefaultListableBeanFactory.resolveDependency(DefaultListableBeanFactory.java:1353) ~[spring-beans-6.1.10.jar:6.1.10]
	at org.springframework.beans.factory.support.ConstructorResolver.resolveAutowiredArgument(ConstructorResolver.java:904) ~[spring-beans-6.1.10.jar:6.1.10]
	at org.springframework.beans.factory.support.ConstructorResolver.createArgumentArray(ConstructorResolver.java:782) ~[spring-beans-6.1.10.jar:6.1.10]
	... 47 common frames omitted
Caused by: org.springframework.data.repository.query.QueryCreationException: Could not create query for public abstract java.util.List by.intexsoft.diplom.common.repository.party.PartyRepository.findAllByPerson(by.intexsoft.diplom.common.model.person.PersonModel); Reason: Failed to create query for method public abstract java.util.List by.intexsoft.diplom.common.repository.party.PartyRepository.findAllByPerson(by.intexsoft.diplom.common.model.person.PersonModel); No property 'person' found for type 'PartyEntity'
	at org.springframework.data.repository.query.QueryCreationException.create(QueryCreationException.java:101) ~[spring-data-commons-3.3.1.jar:3.3.1]
	at org.springframework.data.repository.core.support.QueryExecutorMethodInterceptor.lookupQuery(QueryExecutorMethodInterceptor.java:115) ~[spring-data-commons-3.3.1.jar:3.3.1]
	at org.springframework.data.repository.core.support.QueryExecutorMethodInterceptor.mapMethodsToQuery(QueryExecutorMethodInterceptor.java:99) ~[spring-data-commons-3.3.1.jar:3.3.1]
	at org.springframework.data.repository.core.support.QueryExecutorMethodInterceptor.lambda$new$0(QueryExecutorMethodInterceptor.java:88) ~[spring-data-commons-3.3.1.jar:3.3.1]
	at java.base/java.util.Optional.map(Optional.java:260) ~[na:na]
	at org.springframework.data.repository.core.support.QueryExecutorMethodInterceptor.<init>(QueryExecutorMethodInterceptor.java:88) ~[spring-data-commons-3.3.1.jar:3.3.1]
	at org.springframework.data.repository.core.support.RepositoryFactorySupport.getRepository(RepositoryFactorySupport.java:357) ~[spring-data-commons-3.3.1.jar:3.3.1]
	at org.springframework.data.repository.core.support.RepositoryFactoryBeanSupport.lambda$afterPropertiesSet$5(RepositoryFactoryBeanSupport.java:286) ~[spring-data-commons-3.3.1.jar:3.3.1]
	at org.springframework.data.util.Lazy.getNullable(Lazy.java:135) ~[spring-data-commons-3.3.1.jar:3.3.1]
	at org.springframework.data.util.Lazy.get(Lazy.java:113) ~[spring-data-commons-3.3.1.jar:3.3.1]
	at org.springframework.data.repository.core.support.RepositoryFactoryBeanSupport.afterPropertiesSet(RepositoryFactoryBeanSupport.java:292) ~[spring-data-commons-3.3.1.jar:3.3.1]
	at org.springframework.data.jpa.repository.support.JpaRepositoryFactoryBean.afterPropertiesSet(JpaRepositoryFactoryBean.java:132) ~[spring-data-jpa-3.3.1.jar:3.3.1]
	at org.springframework.beans.factory.support.AbstractAutowireCapableBeanFactory.invokeInitMethods(AbstractAutowireCapableBeanFactory.java:1835) ~[spring-beans-6.1.10.jar:6.1.10]
	at org.springframework.beans.factory.support.AbstractAutowireCapableBeanFactory.initializeBean(AbstractAutowireCapableBeanFactory.java:1784) ~[spring-beans-6.1.10.jar:6.1.10]
	... 58 common frames omitted
Caused by: java.lang.IllegalArgumentException: Failed to create query for method public abstract java.util.List by.intexsoft.diplom.common.repository.party.PartyRepository.findAllByPerson(by.intexsoft.diplom.common.model.person.PersonModel); No property 'person' found for type 'PartyEntity'
	at org.springframework.data.jpa.repository.query.PartTreeJpaQuery.<init>(PartTreeJpaQuery.java:107) ~[spring-data-jpa-3.3.1.jar:3.3.1]
	at org.springframework.data.jpa.repository.query.JpaQueryLookupStrategy$CreateQueryLookupStrategy.resolveQuery(JpaQueryLookupStrategy.java:124) ~[spring-data-jpa-3.3.1.jar:3.3.1]
	at org.springframework.data.jpa.repository.query.JpaQueryLookupStrategy$CreateIfNotFoundQueryLookupStrategy.resolveQuery(JpaQueryLookupStrategy.java:258) ~[spring-data-jpa-3.3.1.jar:3.3.1]
	at org.springframework.data.jpa.repository.query.JpaQueryLookupStrategy$AbstractQueryLookupStrategy.resolveQuery(JpaQueryLookupStrategy.java:95) ~[spring-data-jpa-3.3.1.jar:3.3.1]
	at org.springframework.data.repository.core.support.QueryExecutorMethodInterceptor.lookupQuery(QueryExecutorMethodInterceptor.java:111) ~[spring-data-commons-3.3.1.jar:3.3.1]
	... 70 common frames omitted
Caused by: org.springframework.data.mapping.PropertyReferenceException: No property 'person' found for type 'PartyEntity'
	at org.springframework.data.mapping.PropertyPath.<init>(PropertyPath.java:94) ~[spring-data-commons-3.3.1.jar:3.3.1]
	at org.springframework.data.mapping.PropertyPath.create(PropertyPath.java:455) ~[spring-data-commons-3.3.1.jar:3.3.1]
	at org.springframework.data.mapping.PropertyPath.create(PropertyPath.java:431) ~[spring-data-commons-3.3.1.jar:3.3.1]
	at org.springframework.data.mapping.PropertyPath.lambda$from$0(PropertyPath.java:384) ~[spring-data-commons-3.3.1.jar:3.3.1]
	at java.base/java.util.concurrent.ConcurrentMap.computeIfAbsent(ConcurrentMap.java:330) ~[na:na]
	at org.springframework.data.mapping.PropertyPath.from(PropertyPath.java:366) ~[spring-data-commons-3.3.1.jar:3.3.1]
	at org.springframework.data.mapping.PropertyPath.from(PropertyPath.java:344) ~[spring-data-commons-3.3.1.jar:3.3.1]
	at org.springframework.data.repository.query.parser.Part.<init>(Part.java:81) ~[spring-data-commons-3.3.1.jar:3.3.1]
	at org.springframework.data.repository.query.parser.PartTree$OrPart.lambda$new$0(PartTree.java:259) ~[spring-data-commons-3.3.1.jar:3.3.1]
	at java.base/java.util.stream.ReferencePipeline$3$1.accept(ReferencePipeline.java:197) ~[na:na]
	at java.base/java.util.stream.ReferencePipeline$2$1.accept(ReferencePipeline.java:179) ~[na:na]
	at java.base/java.util.Spliterators$ArraySpliterator.forEachRemaining(Spliterators.java:992) ~[na:na]
	at java.base/java.util.stream.AbstractPipeline.copyInto(AbstractPipeline.java:509) ~[na:na]
	at java.base/java.util.stream.AbstractPipeline.wrapAndCopyInto(AbstractPipeline.java:499) ~[na:na]
	at java.base/java.util.stream.ReduceOps$ReduceOp.evaluateSequential(ReduceOps.java:921) ~[na:na]
	at java.base/java.util.stream.AbstractPipeline.evaluate(AbstractPipeline.java:234) ~[na:na]
	at java.base/java.util.stream.ReferencePipeline.collect(ReferencePipeline.java:682) ~[na:na]
	at org.springframework.data.repository.query.parser.PartTree$OrPart.<init>(PartTree.java:260) ~[spring-data-commons-3.3.1.jar:3.3.1]
	at org.springframework.data.repository.query.parser.PartTree$Predicate.lambda$new$0(PartTree.java:389) ~[spring-data-commons-3.3.1.jar:3.3.1]
	at java.base/java.util.stream.ReferencePipeline$3$1.accept(ReferencePipeline.java:197) ~[na:na]
	at java.base/java.util.stream.ReferencePipeline$2$1.accept(ReferencePipeline.java:179) ~[na:na]
	at java.base/java.util.Spliterators$ArraySpliterator.forEachRemaining(Spliterators.java:992) ~[na:na]
	at java.base/java.util.stream.AbstractPipeline.copyInto(AbstractPipeline.java:509) ~[na:na]
	at java.base/java.util.stream.AbstractPipeline.wrapAndCopyInto(AbstractPipeline.java:499) ~[na:na]
	at java.base/java.util.stream.ReduceOps$ReduceOp.evaluateSequential(ReduceOps.java:921) ~[na:na]
	at java.base/java.util.stream.AbstractPipeline.evaluate(AbstractPipeline.java:234) ~[na:na]
	at java.base/java.util.stream.ReferencePipeline.collect(ReferencePipeline.java:682) ~[na:na]
	at org.springframework.data.repository.query.parser.PartTree$Predicate.<init>(PartTree.java:390) ~[spring-data-commons-3.3.1.jar:3.3.1]
	at org.springframework.data.repository.query.parser.PartTree.<init>(PartTree.java:103) ~[spring-data-commons-3.3.1.jar:3.3.1]
	at org.springframework.data.jpa.repository.query.PartTreeJpaQuery.<init>(PartTreeJpaQuery.java:101) ~[spring-data-jpa-3.3.1.jar:3.3.1]
	... 74 common frames omitted

2024-08-22T16:57:26.363-07:00  INFO 11737 --- [person] [main] b.i.diplom.person.PersonApplication      : Starting PersonApplication using Java 17.0.11 with PID 11737 (/Users/mihail/Documents/free-party/party-web/project-manager/person/target/classes started by mihail in /Users/mihail/Documents/free-party/party-web/project-manager)
2024-08-22T16:57:26.366-07:00  INFO 11737 --- [person] [main] b.i.diplom.person.PersonApplication      : No active profile set, falling back to 1 default profile: "default"
2024-08-22T16:57:27.077-07:00  INFO 11737 --- [person] [main] .s.d.r.c.RepositoryConfigurationDelegate : Multiple Spring Data modules found, entering strict repository configuration mode
2024-08-22T16:57:27.077-07:00  INFO 11737 --- [person] [main] .s.d.r.c.RepositoryConfigurationDelegate : Bootstrapping Spring Data Redis repositories in DEFAULT mode.
2024-08-22T16:57:27.100-07:00  INFO 11737 --- [person] [main] .s.d.r.c.RepositoryConfigurationDelegate : Finished Spring Data repository scanning in 5 ms. Found 0 Redis repository interfaces.
2024-08-22T16:57:27.110-07:00  INFO 11737 --- [person] [main] .s.d.r.c.RepositoryConfigurationDelegate : Multiple Spring Data modules found, entering strict repository configuration mode
2024-08-22T16:57:27.111-07:00  INFO 11737 --- [person] [main] .s.d.r.c.RepositoryConfigurationDelegate : Bootstrapping Spring Data JPA repositories in DEFAULT mode.
2024-08-22T16:57:27.309-07:00  INFO 11737 --- [person] [main] .s.d.r.c.RepositoryConfigurationDelegate : Finished Spring Data repository scanning in 195 ms. Found 16 JPA repository interfaces.
2024-08-22T16:57:27.575-07:00  INFO 11737 --- [person] [main] .s.d.r.c.RepositoryConfigurationDelegate : Multiple Spring Data modules found, entering strict repository configuration mode
2024-08-22T16:57:27.575-07:00  INFO 11737 --- [person] [main] .s.d.r.c.RepositoryConfigurationDelegate : Bootstrapping Spring Data Redis repositories in DEFAULT mode.
2024-08-22T16:57:27.588-07:00  INFO 11737 --- [person] [main] .s.d.r.c.RepositoryConfigurationDelegate : Finished Spring Data repository scanning in 11 ms. Found 0 Redis repository interfaces.
2024-08-22T16:57:28.368-07:00  INFO 11737 --- [person] [main] o.s.b.w.embedded.tomcat.TomcatWebServer  : Tomcat initialized with port 8081 (http)
2024-08-22T16:57:28.381-07:00  INFO 11737 --- [person] [main] o.apache.catalina.core.StandardService   : Starting service [Tomcat]
2024-08-22T16:57:28.381-07:00  INFO 11737 --- [person] [main] o.apache.catalina.core.StandardEngine    : Starting Servlet engine: [Apache Tomcat/10.1.25]
2024-08-22T16:57:28.443-07:00  INFO 11737 --- [person] [main] o.a.c.c.C.[Tomcat].[localhost].[/]       : Initializing Spring embedded WebApplicationContext
2024-08-22T16:57:28.444-07:00  INFO 11737 --- [person] [main] w.s.c.ServletWebServerApplicationContext : Root WebApplicationContext: initialization completed in 2028 ms
2024-08-22T16:57:28.622-07:00  INFO 11737 --- [person] [main] o.hibernate.jpa.internal.util.LogHelper  : HHH000204: Processing PersistenceUnitInfo [name: default]
2024-08-22T16:57:28.687-07:00  INFO 11737 --- [person] [main] org.hibernate.Version                    : HHH000412: Hibernate ORM core version 6.5.2.Final
2024-08-22T16:57:28.723-07:00  INFO 11737 --- [person] [main] o.h.c.internal.RegionFactoryInitiator    : HHH000026: Second-level cache disabled
2024-08-22T16:57:29.026-07:00  INFO 11737 --- [person] [main] o.s.o.j.p.SpringPersistenceUnitInfo      : No LoadTimeWeaver setup: ignoring JPA class transformer
2024-08-22T16:57:29.051-07:00  INFO 11737 --- [person] [main] com.zaxxer.hikari.HikariDataSource       : HikariPool-1 - Starting...
2024-08-22T16:57:29.141-07:00  INFO 11737 --- [person] [main] com.zaxxer.hikari.pool.HikariPool        : HikariPool-1 - Added connection org.postgresql.jdbc.PgConnection@25e95af1
2024-08-22T16:57:29.142-07:00  INFO 11737 --- [person] [main] com.zaxxer.hikari.HikariDataSource       : HikariPool-1 - Start completed.
2024-08-22T16:57:30.454-07:00  INFO 11737 --- [person] [main] o.h.e.t.j.p.i.JtaPlatformInitiator       : HHH000489: No JTA platform available (set 'hibernate.transaction.jta.platform' to enable JTA platform integration)
2024-08-22T16:57:30.789-07:00  INFO 11737 --- [person] [main] j.LocalContainerEntityManagerFactoryBean : Initialized JPA EntityManagerFactory for persistence unit 'default'
2024-08-22T16:57:31.151-07:00  INFO 11737 --- [person] [main] o.s.d.j.r.query.QueryEnhancerFactory     : Hibernate is in classpath; If applicable, HQL parser will be used.
2024-08-22T16:57:32.117-07:00  WARN 11737 --- [person] [main] JpaBaseConfiguration$JpaWebConfiguration : spring.jpa.open-in-view is enabled by default. Therefore, database queries may be performed during view rendering. Explicitly configure spring.jpa.open-in-view to disable this warning
2024-08-22T16:57:33.149-07:00  INFO 11737 --- [person] [main] o.a.k.clients.admin.AdminClientConfig    : AdminClientConfig values: 
	auto.include.jmx.reporter = true
	bootstrap.controllers = []
	bootstrap.servers = [localhost:9092]
	client.dns.lookup = use_all_dns_ips
	client.id = person-admin-0
	connections.max.idle.ms = 300000
	default.api.timeout.ms = 60000
	enable.metrics.push = true
	metadata.max.age.ms = 300000
	metric.reporters = []
	metrics.num.samples = 2
	metrics.recording.level = INFO
	metrics.sample.window.ms = 30000
	receive.buffer.bytes = 65536
	reconnect.backoff.max.ms = 1000
	reconnect.backoff.ms = 50
	request.timeout.ms = 30000
	retries = 2147483647
	retry.backoff.max.ms = 1000
	retry.backoff.ms = 100
	sasl.client.callback.handler.class = null
	sasl.jaas.config = null
	sasl.kerberos.kinit.cmd = /usr/bin/kinit
	sasl.kerberos.min.time.before.relogin = 60000
	sasl.kerberos.service.name = null
	sasl.kerberos.ticket.renew.jitter = 0.05
	sasl.kerberos.ticket.renew.window.factor = 0.8
	sasl.login.callback.handler.class = null
	sasl.login.class = null
	sasl.login.connect.timeout.ms = null
	sasl.login.read.timeout.ms = null
	sasl.login.refresh.buffer.seconds = 300
	sasl.login.refresh.min.period.seconds = 60
	sasl.login.refresh.window.factor = 0.8
	sasl.login.refresh.window.jitter = 0.05
	sasl.login.retry.backoff.max.ms = 10000
	sasl.login.retry.backoff.ms = 100
	sasl.mechanism = GSSAPI
	sasl.oauthbearer.clock.skew.seconds = 30
	sasl.oauthbearer.expected.audience = null
	sasl.oauthbearer.expected.issuer = null
	sasl.oauthbearer.jwks.endpoint.refresh.ms = 3600000
	sasl.oauthbearer.jwks.endpoint.retry.backoff.max.ms = 10000
	sasl.oauthbearer.jwks.endpoint.retry.backoff.ms = 100
	sasl.oauthbearer.jwks.endpoint.url = null
	sasl.oauthbearer.scope.claim.name = scope
	sasl.oauthbearer.sub.claim.name = sub
	sasl.oauthbearer.token.endpoint.url = null
	security.protocol = PLAINTEXT
	security.providers = null
	send.buffer.bytes = 131072
	socket.connection.setup.timeout.max.ms = 30000
	socket.connection.setup.timeout.ms = 10000
	ssl.cipher.suites = null
	ssl.enabled.protocols = [TLSv1.2, TLSv1.3]
	ssl.endpoint.identification.algorithm = https
	ssl.engine.factory.class = null
	ssl.key.password = null
	ssl.keymanager.algorithm = SunX509
	ssl.keystore.certificate.chain = null
	ssl.keystore.key = null
	ssl.keystore.location = null
	ssl.keystore.password = null
	ssl.keystore.type = JKS
	ssl.protocol = TLSv1.3
	ssl.provider = null
	ssl.secure.random.implementation = null
	ssl.trustmanager.algorithm = PKIX
	ssl.truststore.certificates = null
	ssl.truststore.location = null
	ssl.truststore.password = null
	ssl.truststore.type = JKS

2024-08-22T16:57:33.217-07:00  INFO 11737 --- [person] [main] o.a.kafka.common.utils.AppInfoParser     : Kafka version: 3.7.0
2024-08-22T16:57:33.217-07:00  INFO 11737 --- [person] [main] o.a.kafka.common.utils.AppInfoParser     : Kafka commitId: 2ae524ed625438c5
2024-08-22T16:57:33.217-07:00  INFO 11737 --- [person] [main] o.a.kafka.common.utils.AppInfoParser     : Kafka startTimeMs: 1724371053215
2024-08-22T16:57:33.623-07:00  INFO 11737 --- [person] [kafka-admin-client-thread | person-admin-0] o.a.kafka.common.utils.AppInfoParser     : App info kafka.admin.client for person-admin-0 unregistered
2024-08-22T16:57:33.629-07:00  INFO 11737 --- [person] [kafka-admin-client-thread | person-admin-0] o.apache.kafka.common.metrics.Metrics    : Metrics scheduler closed
2024-08-22T16:57:33.629-07:00  INFO 11737 --- [person] [kafka-admin-client-thread | person-admin-0] o.apache.kafka.common.metrics.Metrics    : Closing reporter org.apache.kafka.common.metrics.JmxReporter
2024-08-22T16:57:33.629-07:00  INFO 11737 --- [person] [kafka-admin-client-thread | person-admin-0] o.apache.kafka.common.metrics.Metrics    : Metrics reporters closed
2024-08-22T16:57:33.643-07:00  INFO 11737 --- [person] [main] o.s.b.w.embedded.tomcat.TomcatWebServer  : Tomcat started on port 8081 (http) with context path '/'
2024-08-22T16:57:33.652-07:00  INFO 11737 --- [person] [main] b.i.diplom.person.PersonApplication      : Started PersonApplication in 7.87 seconds (process running for 8.589)
2024-08-22T16:58:08.502-07:00  INFO 11737 --- [person] [http-nio-8081-exec-2] o.a.c.c.C.[Tomcat].[localhost].[/]       : Initializing Spring DispatcherServlet 'dispatcherServlet'
2024-08-22T16:58:08.504-07:00  INFO 11737 --- [person] [http-nio-8081-exec-2] o.s.web.servlet.DispatcherServlet        : Initializing Servlet 'dispatcherServlet'
2024-08-22T16:58:08.507-07:00  INFO 11737 --- [person] [http-nio-8081-exec-2] o.s.web.servlet.DispatcherServlet        : Completed initialization in 2 ms
2024-08-22T16:58:32.642-07:00  INFO 11737 --- [person] [SpringApplicationShutdownHook] j.LocalContainerEntityManagerFactoryBean : Closing JPA EntityManagerFactory for persistence unit 'default'
2024-08-22T16:58:32.654-07:00  INFO 11737 --- [person] [SpringApplicationShutdownHook] com.zaxxer.hikari.HikariDataSource       : HikariPool-1 - Shutdown initiated...
2024-08-22T16:58:32.661-07:00  INFO 11737 --- [person] [SpringApplicationShutdownHook] com.zaxxer.hikari.HikariDataSource       : HikariPool-1 - Shutdown completed.
